mtllib jp_katana.mtl
v -0.000000 0.124000 -0.015500
v -0.003024 0.124000 -0.013640
v -0.003600 0.124000 -0.006200
v -0.000000 0.124000 0.015500
v 0.003600 0.124000 -0.006200
v 0.003024 0.124000 -0.013640
v -0.000000 0.136417 -0.015519
v -0.003009 0.136423 -0.013668
v -0.003583 0.136445 -0.006264
v -0.000000 0.136511 0.015332
v 0.003583 0.136445 -0.006264
v 0.003009 0.136423 -0.013668
v -0.000000 0.148833 -0.015576
v -0.002995 0.148844 -0.013733
v -0.003565 0.148889 -0.006365
v -0.000000 0.149020 0.015127
v 0.003565 0.148889 -0.006365
v 0.002995 0.148844 -0.013733
v -0.000000 0.161249 -0.015670
v -0.002980 0.161266 -0.013837
v -0.003548 0.161333 -0.006504
v -0.000000 0.161528 0.014883
v 0.003548 0.161333 -0.006504
v 0.002980 0.161266 -0.013837
v -0.000000 0.173666 -0.015802
v -0.002965 0.173688 -0.013978
v -0.003530 0.173777 -0.006681
v -0.000000 0.174036 0.014601
v 0.003530 0.173777 -0.006681
v 0.002965 0.173688 -0.013978
v -0.000000 0.186081 -0.015972
v -0.002951 0.186108 -0.014157
v -0.003513 0.186219 -0.006896
v -0.000000 0.186541 0.014281
v 0.003513 0.186219 -0.006896
v 0.002951 0.186108 -0.014157
v -0.000000 0.198496 -0.016180
v -0.002936 0.198529 -0.014374
v -0.003495 0.198661 -0.007149
v -0.000000 0.199045 0.013923
v 0.003495 0.198661 -0.007149
v 0.002936 0.198529 -0.014374
v -0.000000 0.210910 -0.016426
v -0.002921 0.210949 -0.014628
v -0.003478 0.211102 -0.007440
v -0.000000 0.211548 0.013527
v 0.003478 0.211102 -0.007440
v 0.002921 0.210949 -0.014628
v -0.000000 0.223323 -0.016709
v -0.002906 0.223367 -0.014921
v -0.003460 0.223541 -0.007768
v -0.000000 0.224049 0.013093
v 0.003460 0.223541 -0.007768
v 0.002906 0.223367 -0.014921
v -0.000000 0.235736 -0.017030
v -0.002892 0.235785 -0.015251
v -0.003443 0.235980 -0.008135
v -0.000000 0.236548 0.012621
v 0.003443 0.235980 -0.008135
v 0.002892 0.235785 -0.015251
v -0.000000 0.248148 -0.017389
v -0.002877 0.248202 -0.015619
v -0.003425 0.248417 -0.008539
v -0.000000 0.249046 0.012111
v 0.003425 0.248417 -0.008539
v 0.002877 0.248202 -0.015619
v -0.000000 0.260558 -0.017785
v -0.002862 0.260616 -0.016024
v -0.003408 0.260852 -0.008981
v -0.000000 0.261540 0.011563
v 0.003408 0.260852 -0.008981
v 0.002862 0.260616 -0.016024
v -0.000000 0.272967 -0.018220
v -0.002848 0.273031 -0.016468
v -0.003390 0.273287 -0.009461
v -0.000000 0.274033 0.010977
v 0.003390 0.273287 -0.009461
v 0.002848 0.273031 -0.016468
v -0.000000 0.285375 -0.018692
v -0.002833 0.285444 -0.016949
v -0.003373 0.285720 -0.009978
v -0.000000 0.286524 0.010353
v 0.003373 0.285720 -0.009978
v 0.002833 0.285444 -0.016949
v -0.000000 0.297780 -0.019202
v -0.002818 0.297854 -0.017468
v -0.003355 0.298150 -0.010534
v -0.000000 0.299012 0.009691
v 0.003355 0.298150 -0.010534
v 0.002818 0.297854 -0.017468
v -0.000000 0.310185 -0.019749
v -0.002804 0.310264 -0.018025
v -0.003338 0.310579 -0.011127
v -0.000000 0.311498 0.008991
v 0.003338 0.310579 -0.011127
v 0.002804 0.310264 -0.018025
v -0.000000 0.322589 -0.020335
v -0.002789 0.322672 -0.018619
v -0.003320 0.323006 -0.011758
v -0.000000 0.323981 0.008253
v 0.003320 0.323006 -0.011758
v 0.002789 0.322672 -0.018619
v -0.000000 0.334989 -0.020958
v -0.002774 0.335077 -0.019252
v -0.003303 0.335431 -0.012427
v -0.000000 0.336461 0.007477
v 0.003303 0.335431 -0.012427
v 0.002774 0.335077 -0.019252
v -0.000000 0.347388 -0.021618
v -0.002760 0.347481 -0.019922
v -0.003285 0.347853 -0.013134
v -0.000000 0.348939 0.006663
v 0.003285 0.347853 -0.013134
v 0.002760 0.347481 -0.019922
v -0.000000 0.359786 -0.022317
v -0.002745 0.359883 -0.020629
v -0.003268 0.360274 -0.013878
v -0.000000 0.361413 0.005812
v 0.003268 0.360274 -0.013878
v 0.002745 0.359883 -0.020629
v -0.000000 0.372180 -0.023053
v -0.002730 0.372282 -0.021375
v -0.003250 0.372691 -0.014661
v -0.000000 0.373884 0.004922
v 0.003250 0.372691 -0.014661
v 0.002730 0.372282 -0.021375
v -0.000000 0.384573 -0.023827
v -0.002716 0.384679 -0.022158
v -0.003233 0.385107 -0.015481
v -0.000000 0.386353 0.003994
v 0.003233 0.385107 -0.015481
v 0.002716 0.384679 -0.022158
v -0.000000 0.396963 -0.024639
v -0.002701 0.397074 -0.022979
v -0.003215 0.397519 -0.016339
v -0.000000 0.398818 0.003029
v 0.003215 0.397519 -0.016339
v 0.002701 0.397074 -0.022979
v -0.000000 0.409350 -0.025488
v -0.002686 0.409466 -0.023837
v -0.003198 0.409929 -0.017234
v -0.000000 0.411278 0.002025
v 0.003198 0.409929 -0.017234
v 0.002686 0.409466 -0.023837
v -0.000000 0.421735 -0.026375
v -0.002671 0.421855 -0.024734
v -0.003180 0.422336 -0.018167
v -0.000000 0.423737 0.000984
v 0.003180 0.422336 -0.018167
v 0.002671 0.421855 -0.024734
v -0.000000 0.434118 -0.027300
v -0.002657 0.434242 -0.025668
v -0.003163 0.434740 -0.019138
v -0.000000 0.436191 -0.000095
v 0.003163 0.434740 -0.019138
v 0.002657 0.434242 -0.025668
v -0.000000 0.446496 -0.028262
v -0.002642 0.446625 -0.026639
v -0.003145 0.447140 -0.020147
v -0.000000 0.448641 -0.001212
v 0.003145 0.447140 -0.020147
v 0.002642 0.446625 -0.026639
v -0.000000 0.458873 -0.029262
v -0.002627 0.459006 -0.027649
v -0.003128 0.459537 -0.021194
v -0.000000 0.461087 -0.002367
v 0.003128 0.459537 -0.021194
v 0.002627 0.459006 -0.027649
v -0.000000 0.471247 -0.030300
v -0.002613 0.471384 -0.028696
v -0.003110 0.471932 -0.022278
v -0.000000 0.473530 -0.003560
v 0.003110 0.471932 -0.022278
v 0.002613 0.471384 -0.028696
v -0.000000 0.483616 -0.031375
v -0.002598 0.483757 -0.029780
v -0.003093 0.484322 -0.023400
v -0.000000 0.485968 -0.004790
v 0.003093 0.484322 -0.023400
v 0.002598 0.483757 -0.029780
v -0.000000 0.495983 -0.032488
v -0.002583 0.496128 -0.030902
v -0.003075 0.496709 -0.024559
v -0.000000 0.498402 -0.006058
v 0.003075 0.496709 -0.024559
v 0.002583 0.496128 -0.030902
v -0.000000 0.508347 -0.033639
v -0.002569 0.508496 -0.032062
v -0.003058 0.509092 -0.025756
v -0.000000 0.510832 -0.007364
v 0.003058 0.509092 -0.025756
v 0.002569 0.508496 -0.032062
v -0.000000 0.520706 -0.034827
v -0.002554 0.520859 -0.033260
v -0.003040 0.521471 -0.026991
v -0.000000 0.523257 -0.008708
v 0.003040 0.521471 -0.026991
v 0.002554 0.520859 -0.033260
v -0.000000 0.533062 -0.036053
v -0.002539 0.533219 -0.034495
v -0.003023 0.533847 -0.028264
v -0.000000 0.535677 -0.010090
v 0.003023 0.533847 -0.028264
v 0.002539 0.533219 -0.034495
v -0.000000 0.545414 -0.037316
v -0.002525 0.545575 -0.035768
v -0.003005 0.546218 -0.029574
v -0.000000 0.548094 -0.011509
v 0.003005 0.546218 -0.029574
v 0.002525 0.545575 -0.035768
v -0.000000 0.557762 -0.038617
v -0.002510 0.557927 -0.037078
v -0.002988 0.558585 -0.030922
v -0.000000 0.560504 -0.012966
v 0.002988 0.558585 -0.030922
v 0.002510 0.557927 -0.037078
v -0.000000 0.570107 -0.039956
v -0.002495 0.570275 -0.038426
v -0.002970 0.570948 -0.032307
v -0.000000 0.572910 -0.014461
v 0.002970 0.570948 -0.032307
v 0.002495 0.570275 -0.038426
v -0.000000 0.582447 -0.041332
v -0.002480 0.582619 -0.039811
v -0.002953 0.583307 -0.033730
v -0.000000 0.585312 -0.015993
v 0.002953 0.583307 -0.033730
v 0.002480 0.582619 -0.039811
v -0.000000 0.594783 -0.042745
v -0.002466 0.594958 -0.041234
v -0.002935 0.595660 -0.035191
v -0.000000 0.597707 -0.017563
v 0.002935 0.595660 -0.035191
v 0.002466 0.594958 -0.041234
v -0.000000 0.607114 -0.044196
v -0.002451 0.607293 -0.042695
v -0.002918 0.608009 -0.036689
v -0.000000 0.610098 -0.019171
v 0.002918 0.608009 -0.036689
v 0.002451 0.607293 -0.042695
v -0.000000 0.619442 -0.045685
v -0.002436 0.619624 -0.044193
v -0.002900 0.620354 -0.038224
v -0.000000 0.622483 -0.020816
v 0.002900 0.620354 -0.038224
v 0.002436 0.619624 -0.044193
v -0.000000 0.631764 -0.047211
v -0.002422 0.631950 -0.045728
v -0.002883 0.632693 -0.039797
v -0.000000 0.634862 -0.022499
v 0.002883 0.632693 -0.039797
v 0.002422 0.631950 -0.045728
v -0.000000 0.644082 -0.048775
v -0.002407 0.644271 -0.047301
v -0.002865 0.645028 -0.041408
v -0.000000 0.647237 -0.024220
v 0.002865 0.645028 -0.041408
v 0.002407 0.644271 -0.047301
v -0.000000 0.656395 -0.050376
v -0.002392 0.656588 -0.048912
v -0.002848 0.657358 -0.043056
v -0.000000 0.659605 -0.025978
v 0.002848 0.657358 -0.043056
v 0.002392 0.656588 -0.048912
v -0.000000 0.668703 -0.052014
v -0.002378 0.668899 -0.050560
v -0.002831 0.669682 -0.044742
v -0.000000 0.671967 -0.027774
v 0.002831 0.669682 -0.044742
v 0.002378 0.668899 -0.050560
v -0.000000 0.681006 -0.053690
v -0.002363 0.681205 -0.052245
v -0.002813 0.682001 -0.046465
v -0.000000 0.684324 -0.029607
v 0.002813 0.682001 -0.046465
v 0.002363 0.681205 -0.052245
v -0.000000 0.693304 -0.055404
v -0.002348 0.693506 -0.053968
v -0.002796 0.694315 -0.048226
v -0.000000 0.696675 -0.031478
v 0.002796 0.694315 -0.048226
v 0.002348 0.693506 -0.053968
v -0.000000 0.705596 -0.057154
v -0.002334 0.705801 -0.055728
v -0.002778 0.706623 -0.050024
v -0.000000 0.709018 -0.033386
v 0.002778 0.706623 -0.050024
v 0.002334 0.705801 -0.055728
v -0.000000 0.717884 -0.058943
v -0.002319 0.718092 -0.057526
v -0.002761 0.718926 -0.051859
v -0.000000 0.721357 -0.035332
v 0.002761 0.718926 -0.051859
v 0.002319 0.718092 -0.057526
v -0.000000 0.730166 -0.060768
v -0.002304 0.730377 -0.059361
v -0.002743 0.731223 -0.053732
v -0.000000 0.733688 -0.037315
v 0.002743 0.731223 -0.053732
v 0.002304 0.730377 -0.059361
v -0.000000 0.742441 -0.062631
v -0.002289 0.742655 -0.061233
v -0.002726 0.743513 -0.055643
v -0.000000 0.746013 -0.039336
v 0.002726 0.743513 -0.055643
v 0.002289 0.742655 -0.061233
v -0.000000 0.754712 -0.064532
v -0.002275 0.754929 -0.063143
v -0.002708 0.755798 -0.057590
v -0.000000 0.758331 -0.041394
v 0.002708 0.755798 -0.057590
v 0.002275 0.754929 -0.063143
v -0.000000 0.766977 -0.066469
v -0.002260 0.767197 -0.065090
v -0.002691 0.768077 -0.059575
v -0.000000 0.770643 -0.043490
v 0.002691 0.768077 -0.059575
v 0.002260 0.767197 -0.065090
v -0.000000 0.779235 -0.068444
v -0.002245 0.779457 -0.067075
v -0.002673 0.780348 -0.061597
v -0.000000 0.782947 -0.045622
v 0.002673 0.780348 -0.061597
v 0.002245 0.779457 -0.067075
v -0.000000 0.791488 -0.070456
v -0.002231 0.791713 -0.069096
v -0.002656 0.792615 -0.063657
v -0.000000 0.795245 -0.047793
v 0.002656 0.792615 -0.063657
v 0.002231 0.791713 -0.069096
v -0.000000 0.803734 -0.072506
v -0.002216 0.803962 -0.071155
v -0.002638 0.804875 -0.065754
v -0.000000 0.807536 -0.050000
v 0.002638 0.804875 -0.065754
v 0.002216 0.803962 -0.071155
v -0.000000 0.815974 -0.074592
v -0.002201 0.816204 -0.073252
v -0.002621 0.817127 -0.067888
v -0.000000 0.819819 -0.052245
v 0.002621 0.817127 -0.067888
v 0.002201 0.816204 -0.073252
v -0.000000 0.828208 -0.076716
v -0.002187 0.828441 -0.075385
v -0.002603 0.829374 -0.070060
v -0.000000 0.832095 -0.054527
v 0.002603 0.829374 -0.070060
v 0.002187 0.828441 -0.075385
v -0.000000 0.833881 -0.077657
v -0.001998 0.834114 -0.076336
v -0.002379 0.835047 -0.071052
v -0.000000 0.837770 -0.055639
v 0.002379 0.835047 -0.071052
v 0.001998 0.834114 -0.076336
v -0.000000 0.837356 -0.078101
v -0.001813 0.837586 -0.076805
v -0.002158 0.838507 -0.071622
v -0.000000 0.841190 -0.056505
v 0.002158 0.838507 -0.071622
v 0.001813 0.837586 -0.076805
v -0.000000 0.840518 -0.078410
v -0.001645 0.840743 -0.077152
v -0.001958 0.841640 -0.072120
v -0.000000 0.844257 -0.057443
v 0.001958 0.841640 -0.072120
v 0.001645 0.840743 -0.077152
v -0.000000 0.840852 -0.078438
v -0.001627 0.841075 -0.077184
v -0.001937 0.841970 -0.072172
v -0.000000 0.844578 -0.057551
v 0.001937 0.841970 -0.072172
v 0.001627 0.841075 -0.077184
v -0.000000 0.844367 -0.078666
v -0.001441 0.844581 -0.077474
v -0.001716 0.845436 -0.072704
v -0.000000 0.847930 -0.058792
v 0.001716 0.845436 -0.072704
v 0.001441 0.844581 -0.077474
v -0.000000 0.847902 -0.078787
v -0.001256 0.848103 -0.077675
v -0.001495 0.848904 -0.073227
v -0.000000 0.851242 -0.060253
v 0.001495 0.848904 -0.073227
v 0.001256 0.848103 -0.077675
v -0.000000 0.851458 -0.078801
v -0.001070 0.851641 -0.077791
v -0.001274 0.852372 -0.073753
v -0.000000 0.854505 -0.061974
v 0.001274 0.852372 -0.073753
v 0.001070 0.851641 -0.077791
v -0.000000 0.853073 -0.078772
v -0.000986 0.853246 -0.077817
v -0.001174 0.853940 -0.073997
v -0.000000 0.855961 -0.062856
v 0.001174 0.853940 -0.073997
v 0.000986 0.853246 -0.077817
v -0.000000 0.855034 -0.078707
v -0.000885 0.855195 -0.077826
v -0.001053 0.855836 -0.074303
v -0.000000 0.857705 -0.064028
v 0.001053 0.855836 -0.074303
v 0.000885 0.855195 -0.077826
v -0.000000 0.858632 -0.078505
v -0.000699 0.858763 -0.077788
v -0.000832 0.859287 -0.074920
v -0.000000 0.860817 -0.066553
v 0.000832 0.859287 -0.074920
v 0.000699 0.858763 -0.077788
v -0.000000 0.862250 -0.078196
v -0.000513 0.862342 -0.077699
v -0.000611 0.862707 -0.075710
v -0.000000 0.863772 -0.069910
v 0.000611 0.862707 -0.075710
v 0.000513 0.862342 -0.077699
v -0.000000 0.865890 -0.077780
v -0.000000 0.862250 -0.078196
v -0.000513 0.862342 -0.077699
v -0.000611 0.862707 -0.075710
v -0.000000 0.863772 -0.069910
v 0.000611 0.862707 -0.075710
v 0.000513 0.862342 -0.077699
v -0.000000 0.124000 -0.006200
v -0.000000 0.124000 -0.015500
v -0.003024 0.124000 -0.013640
v -0.003600 0.124000 -0.006200
v -0.000000 0.124000 0.015500
v 0.003600 0.124000 -0.006200
v 0.003024 0.124000 -0.013640
v -0.006000 0.124000 0.000000
v -0.005196 0.124000 0.008850
v -0.003000 0.124000 0.015329
v -0.000000 0.124000 0.017700
v 0.003000 0.124000 0.015329
v 0.005196 0.124000 0.008850
v 0.006000 0.124000 0.000000
v 0.005196 0.124000 -0.008850
v 0.003000 0.124000 -0.015329
v 0.000000 0.124000 -0.017700
v -0.003000 0.124000 -0.015329
v -0.005196 0.124000 -0.008850
v -0.006000 0.150099 -0.000083
v -0.005196 0.150099 0.008767
v -0.003000 0.150099 0.015246
v -0.000000 0.150099 0.017617
v 0.003000 0.150099 0.015246
v 0.005196 0.150099 0.008767
v 0.006000 0.150099 -0.000083
v 0.005196 0.150099 -0.008933
v 0.003000 0.150099 -0.015412
v 0.000000 0.150099 -0.017783
v -0.003000 0.150099 -0.015412
v -0.005196 0.150099 -0.008933
v -0.004500 0.154114 -0.000111
v -0.003897 0.154114 0.007989
v -0.002250 0.154114 0.013919
v -0.000000 0.154114 0.016089
v 0.002250 0.154114 0.013919
v 0.003897 0.154114 0.007989
v 0.004500 0.154114 -0.000111
v 0.003897 0.154114 -0.008211
v 0.002250 0.154114 -0.014140
v 0.000000 0.154114 -0.016311
v -0.002250 0.154114 -0.014140
v -0.003897 0.154114 -0.008211
v -0.000000 0.154114 -0.000111
v -0.004500 0.154114 -0.000111
v -0.003897 0.154114 0.007989
v -0.002250 0.154114 0.013919
v -0.000000 0.154114 0.016089
v 0.002250 0.154114 0.013919
v 0.003897 0.154114 0.007989
v 0.004500 0.154114 -0.000111
v 0.003897 0.154114 -0.008211
v 0.002250 0.154114 -0.014140
v 0.000000 0.154114 -0.016311
v -0.002250 0.154114 -0.014140
v -0.003897 0.154114 -0.008211
v -0.036190 0.117000 0.002000
v -0.035390 0.117000 0.007963
v -0.033183 0.117000 0.013470
v -0.030053 0.117000 0.018290
v -0.026527 0.117000 0.022503
v -0.022931 0.117000 0.026395
v -0.019273 0.117000 0.030220
v -0.015313 0.117000 0.033971
v -0.010782 0.117000 0.037301
v -0.005605 0.117000 0.039649
v -0.000000 0.117000 0.040500
v 0.005605 0.117000 0.039649
v 0.010782 0.117000 0.037301
v 0.015313 0.117000 0.033971
v 0.019273 0.117000 0.030220
v 0.022931 0.117000 0.026395
v 0.026527 0.117000 0.022503
v 0.030053 0.117000 0.018290
v 0.033183 0.117000 0.013470
v 0.035390 0.117000 0.007963
v 0.036190 0.117000 0.002000
v 0.035390 0.117000 -0.003963
v 0.033183 0.117000 -0.009470
v 0.030053 0.117000 -0.014290
v 0.026527 0.117000 -0.018503
v 0.022931 0.117000 -0.022395
v 0.019273 0.117000 -0.026220
v 0.015313 0.117000 -0.029971
v 0.010782 0.117000 -0.033301
v 0.005605 0.117000 -0.035649
v 0.000000 0.117000 -0.036500
v -0.005605 0.117000 -0.035649
v -0.010782 0.117000 -0.033301
v -0.015313 0.117000 -0.029971
v -0.019273 0.117000 -0.026220
v -0.022931 0.117000 -0.022395
v -0.026527 0.117000 -0.018503
v -0.030053 0.117000 -0.014290
v -0.033183 0.117000 -0.009470
v -0.035390 0.117000 -0.003963
v -0.036754 0.118200 0.002000
v -0.035947 0.118200 0.008057
v -0.033720 0.118200 0.013656
v -0.030555 0.118200 0.018562
v -0.026983 0.118200 0.022856
v -0.023330 0.118200 0.026819
v -0.019604 0.118200 0.030706
v -0.015569 0.118200 0.034506
v -0.010956 0.118200 0.037872
v -0.005693 0.118200 0.040241
v -0.000000 0.118200 0.041100
v 0.005693 0.118200 0.040241
v 0.010956 0.118200 0.037872
v 0.015569 0.118200 0.034506
v 0.019604 0.118200 0.030706
v 0.023330 0.118200 0.026819
v 0.026983 0.118200 0.022856
v 0.030555 0.118200 0.018562
v 0.033720 0.118200 0.013656
v 0.035947 0.118200 0.008057
v 0.036754 0.118200 0.002000
v 0.035947 0.118200 -0.004057
v 0.033720 0.118200 -0.009656
v 0.030555 0.118200 -0.014562
v 0.026983 0.118200 -0.018856
v 0.023330 0.118200 -0.022819
v 0.019604 0.118200 -0.026706
v 0.015569 0.118200 -0.030506
v 0.010956 0.118200 -0.033872
v 0.005693 0.118200 -0.036241
v 0.000000 0.118200 -0.037100
v -0.005693 0.118200 -0.036241
v -0.010956 0.118200 -0.033872
v -0.015569 0.118200 -0.030506
v -0.019604 0.118200 -0.026706
v -0.023330 0.118200 -0.022819
v -0.026983 0.118200 -0.018856
v -0.030555 0.118200 -0.014562
v -0.033720 0.118200 -0.009656
v -0.035947 0.118200 -0.004057
v -0.036754 0.122800 0.002000
v -0.035947 0.122800 0.008057
v -0.033720 0.122800 0.013656
v -0.030555 0.122800 0.018562
v -0.026983 0.122800 0.022856
v -0.023330 0.122800 0.026819
v -0.019604 0.122800 0.030706
v -0.015569 0.122800 0.034506
v -0.010956 0.122800 0.037872
v -0.005693 0.122800 0.040241
v -0.000000 0.122800 0.041100
v 0.005693 0.122800 0.040241
v 0.010956 0.122800 0.037872
v 0.015569 0.122800 0.034506
v 0.019604 0.122800 0.030706
v 0.023330 0.122800 0.026819
v 0.026983 0.122800 0.022856
v 0.030555 0.122800 0.018562
v 0.033720 0.122800 0.013656
v 0.035947 0.122800 0.008057
v 0.036754 0.122800 0.002000
v 0.035947 0.122800 -0.004057
v 0.033720 0.122800 -0.009656
v 0.030555 0.122800 -0.014562
v 0.026983 0.122800 -0.018856
v 0.023330 0.122800 -0.022819
v 0.019604 0.122800 -0.026706
v 0.015569 0.122800 -0.030506
v 0.010956 0.122800 -0.033872
v 0.005693 0.122800 -0.036241
v 0.000000 0.122800 -0.037100
v -0.005693 0.122800 -0.036241
v -0.010956 0.122800 -0.033872
v -0.015569 0.122800 -0.030506
v -0.019604 0.122800 -0.026706
v -0.023330 0.122800 -0.022819
v -0.026983 0.122800 -0.018856
v -0.030555 0.122800 -0.014562
v -0.033720 0.122800 -0.009656
v -0.035947 0.122800 -0.004057
v -0.036190 0.124000 0.002000
v -0.035390 0.124000 0.007963
v -0.033183 0.124000 0.013470
v -0.030053 0.124000 0.018290
v -0.026527 0.124000 0.022503
v -0.022931 0.124000 0.026395
v -0.019273 0.124000 0.030220
v -0.015313 0.124000 0.033971
v -0.010782 0.124000 0.037301
v -0.005605 0.124000 0.039649
v -0.000000 0.124000 0.040500
v 0.005605 0.124000 0.039649
v 0.010782 0.124000 0.037301
v 0.015313 0.124000 0.033971
v 0.019273 0.124000 0.030220
v 0.022931 0.124000 0.026395
v 0.026527 0.124000 0.022503
v 0.030053 0.124000 0.018290
v 0.033183 0.124000 0.013470
v 0.035390 0.124000 0.007963
v 0.036190 0.124000 0.002000
v 0.035390 0.124000 -0.003963
v 0.033183 0.124000 -0.009470
v 0.030053 0.124000 -0.014290
v 0.026527 0.124000 -0.018503
v 0.022931 0.124000 -0.022395
v 0.019273 0.124000 -0.026220
v 0.015313 0.124000 -0.029971
v 0.010782 0.124000 -0.033301
v 0.005605 0.124000 -0.035649
v 0.000000 0.124000 -0.036500
v -0.005605 0.124000 -0.035649
v -0.010782 0.124000 -0.033301
v -0.015313 0.124000 -0.029971
v -0.019273 0.124000 -0.026220
v -0.022931 0.124000 -0.022395
v -0.026527 0.124000 -0.018503
v -0.030053 0.124000 -0.014290
v -0.033183 0.124000 -0.009470
v -0.035390 0.124000 -0.003963
v -0.000000 0.117000 0.002000
v -0.036190 0.117000 0.002000
v -0.035390 0.117000 0.007963
v -0.033183 0.117000 0.013470
v -0.030053 0.117000 0.018290
v -0.026527 0.117000 0.022503
v -0.022931 0.117000 0.026395
v -0.019273 0.117000 0.030220
v -0.015313 0.117000 0.033971
v -0.010782 0.117000 0.037301
v -0.005605 0.117000 0.039649
v -0.000000 0.117000 0.040500
v 0.005605 0.117000 0.039649
v 0.010782 0.117000 0.037301
v 0.015313 0.117000 0.033971
v 0.019273 0.117000 0.030220
v 0.022931 0.117000 0.026395
v 0.026527 0.117000 0.022503
v 0.030053 0.117000 0.018290
v 0.033183 0.117000 0.013470
v 0.035390 0.117000 0.007963
v 0.036190 0.117000 0.002000
v 0.035390 0.117000 -0.003963
v 0.033183 0.117000 -0.009470
v 0.030053 0.117000 -0.014290
v 0.026527 0.117000 -0.018503
v 0.022931 0.117000 -0.022395
v 0.019273 0.117000 -0.026220
v 0.015313 0.117000 -0.029971
v 0.010782 0.117000 -0.033301
v 0.005605 0.117000 -0.035649
v 0.000000 0.117000 -0.036500
v -0.005605 0.117000 -0.035649
v -0.010782 0.117000 -0.033301
v -0.015313 0.117000 -0.029971
v -0.019273 0.117000 -0.026220
v -0.022931 0.117000 -0.022395
v -0.026527 0.117000 -0.018503
v -0.030053 0.117000 -0.014290
v -0.033183 0.117000 -0.009470
v -0.035390 0.117000 -0.003963
v -0.000000 0.124000 0.002000
v -0.036190 0.124000 0.002000
v -0.035390 0.124000 0.007963
v -0.033183 0.124000 0.013470
v -0.030053 0.124000 0.018290
v -0.026527 0.124000 0.022503
v -0.022931 0.124000 0.026395
v -0.019273 0.124000 0.030220
v -0.015313 0.124000 0.033971
v -0.010782 0.124000 0.037301
v -0.005605 0.124000 0.039649
v -0.000000 0.124000 0.040500
v 0.005605 0.124000 0.039649
v 0.010782 0.124000 0.037301
v 0.015313 0.124000 0.033971
v 0.019273 0.124000 0.030220
v 0.022931 0.124000 0.026395
v 0.026527 0.124000 0.022503
v 0.030053 0.124000 0.018290
v 0.033183 0.124000 0.013470
v 0.035390 0.124000 0.007963
v 0.036190 0.124000 0.002000
v 0.035390 0.124000 -0.003963
v 0.033183 0.124000 -0.009470
v 0.030053 0.124000 -0.014290
v 0.026527 0.124000 -0.018503
v 0.022931 0.124000 -0.022395
v 0.019273 0.124000 -0.026220
v 0.015313 0.124000 -0.029971
v 0.010782 0.124000 -0.033301
v 0.005605 0.124000 -0.035649
v 0.000000 0.124000 -0.036500
v -0.005605 0.124000 -0.035649
v -0.010782 0.124000 -0.033301
v -0.015313 0.124000 -0.029971
v -0.019273 0.124000 -0.026220
v -0.022931 0.124000 -0.022395
v -0.026527 0.124000 -0.018503
v -0.030053 0.124000 -0.014290
v -0.033183 0.124000 -0.009470
v -0.035390 0.124000 -0.003963
v -0.012200 -0.108000 0.000000
v -0.011603 -0.108000 0.004944
v -0.009870 -0.108000 0.009405
v -0.007171 -0.108000 0.012944
v -0.003770 -0.108000 0.015217
v -0.000000 -0.108000 0.016000
v 0.003770 -0.108000 0.015217
v 0.007171 -0.108000 0.012944
v 0.009870 -0.108000 0.009405
v 0.011603 -0.108000 0.004944
v 0.012200 -0.108000 0.000000
v 0.011603 -0.108000 -0.004944
v 0.009870 -0.108000 -0.009405
v 0.007171 -0.108000 -0.012944
v 0.003770 -0.108000 -0.015217
v 0.000000 -0.108000 -0.016000
v -0.003770 -0.108000 -0.015217
v -0.007171 -0.108000 -0.012944
v -0.009870 -0.108000 -0.009405
v -0.011603 -0.108000 -0.004944
v -0.012156 -0.091231 0.000000
v -0.011561 -0.091231 0.004926
v -0.009834 -0.091231 0.009371
v -0.007145 -0.091231 0.012897
v -0.003756 -0.091231 0.015162
v -0.000000 -0.091231 0.015942
v 0.003756 -0.091231 0.015162
v 0.007145 -0.091231 0.012897
v 0.009834 -0.091231 0.009371
v 0.011561 -0.091231 0.004926
v 0.012156 -0.091231 0.000000
v 0.011561 -0.091231 -0.004926
v 0.009834 -0.091231 -0.009371
v 0.007145 -0.091231 -0.012897
v 0.003756 -0.091231 -0.015162
v 0.000000 -0.091231 -0.015942
v -0.003756 -0.091231 -0.015162
v -0.007145 -0.091231 -0.012897
v -0.009834 -0.091231 -0.009371
v -0.011561 -0.091231 -0.004926
v -0.012075 -0.074462 0.000000
v -0.011484 -0.074462 0.004894
v -0.009769 -0.074462 0.009308
v -0.007098 -0.074462 0.012812
v -0.003731 -0.074462 0.015061
v -0.000000 -0.074462 0.015836
v 0.003731 -0.074462 0.015061
v 0.007098 -0.074462 0.012812
v 0.009769 -0.074462 0.009308
v 0.011484 -0.074462 0.004894
v 0.012075 -0.074462 0.000000
v 0.011484 -0.074462 -0.004894
v 0.009769 -0.074462 -0.009308
v 0.007098 -0.074462 -0.012812
v 0.003731 -0.074462 -0.015061
v 0.000000 -0.074462 -0.015836
v -0.003731 -0.074462 -0.015061
v -0.007098 -0.074462 -0.012812
v -0.009769 -0.074462 -0.009308
v -0.011484 -0.074462 -0.004894
v -0.011970 -0.057692 0.000000
v -0.011385 -0.057692 0.004851
v -0.009684 -0.057692 0.009228
v -0.007036 -0.057692 0.012701
v -0.003699 -0.057692 0.014931
v -0.000000 -0.057692 0.015699
v 0.003699 -0.057692 0.014931
v 0.007036 -0.057692 0.012701
v 0.009684 -0.057692 0.009228
v 0.011385 -0.057692 0.004851
v 0.011970 -0.057692 0.000000
v 0.011385 -0.057692 -0.004851
v 0.009684 -0.057692 -0.009228
v 0.007036 -0.057692 -0.012701
v 0.003699 -0.057692 -0.014931
v 0.000000 -0.057692 -0.015699
v -0.003699 -0.057692 -0.014931
v -0.007036 -0.057692 -0.012701
v -0.009684 -0.057692 -0.009228
v -0.011385 -0.057692 -0.004851
v -0.011847 -0.040923 0.000000
v -0.011267 -0.040923 0.004801
v -0.009584 -0.040923 0.009132
v -0.006963 -0.040923 0.012569
v -0.003661 -0.040923 0.014776
v -0.000000 -0.040923 0.015537
v 0.003661 -0.040923 0.014776
v 0.006963 -0.040923 0.012569
v 0.009584 -0.040923 0.009132
v 0.011267 -0.040923 0.004801
v 0.011847 -0.040923 0.000000
v 0.011267 -0.040923 -0.004801
v 0.009584 -0.040923 -0.009132
v 0.006963 -0.040923 -0.012569
v 0.003661 -0.040923 -0.014776
v 0.000000 -0.040923 -0.015537
v -0.003661 -0.040923 -0.014776
v -0.006963 -0.040923 -0.012569
v -0.009584 -0.040923 -0.009132
v -0.011267 -0.040923 -0.004801
v -0.011706 -0.024154 0.000000
v -0.011133 -0.024154 0.004744
v -0.009470 -0.024154 0.009024
v -0.006881 -0.024154 0.012420
v -0.003617 -0.024154 0.014601
v -0.000000 -0.024154 0.015352
v 0.003617 -0.024154 0.014601
v 0.006881 -0.024154 0.012420
v 0.009470 -0.024154 0.009024
v 0.011133 -0.024154 0.004744
v 0.011706 -0.024154 0.000000
v 0.011133 -0.024154 -0.004744
v 0.009470 -0.024154 -0.009024
v 0.006881 -0.024154 -0.012420
v 0.003617 -0.024154 -0.014601
v 0.000000 -0.024154 -0.015352
v -0.003617 -0.024154 -0.014601
v -0.006881 -0.024154 -0.012420
v -0.009470 -0.024154 -0.009024
v -0.011133 -0.024154 -0.004744
v -0.011551 -0.007385 0.000000
v -0.010985 -0.007385 0.004681
v -0.009345 -0.007385 0.008904
v -0.006789 -0.007385 0.012255
v -0.003569 -0.007385 0.014407
v -0.000000 -0.007385 0.015149
v 0.003569 -0.007385 0.014407
v 0.006789 -0.007385 0.012255
v 0.009345 -0.007385 0.008904
v 0.010985 -0.007385 0.004681
v 0.011551 -0.007385 0.000000
v 0.010985 -0.007385 -0.004681
v 0.009345 -0.007385 -0.008904
v 0.006789 -0.007385 -0.012255
v 0.003569 -0.007385 -0.014407
v 0.000000 -0.007385 -0.015149
v -0.003569 -0.007385 -0.014407
v -0.006789 -0.007385 -0.012255
v -0.009345 -0.007385 -0.008904
v -0.010985 -0.007385 -0.004681
v -0.011551 0.009385 0.000000
v -0.010985 0.009385 0.004681
v -0.009345 0.009385 0.008904
v -0.006789 0.009385 0.012255
v -0.003569 0.009385 0.014407
v -0.000000 0.009385 0.015149
v 0.003569 0.009385 0.014407
v 0.006789 0.009385 0.012255
v 0.009345 0.009385 0.008904
v 0.010985 0.009385 0.004681
v 0.011551 0.009385 0.000000
v 0.010985 0.009385 -0.004681
v 0.009345 0.009385 -0.008904
v 0.006789 0.009385 -0.012255
v 0.003569 0.009385 -0.014407
v 0.000000 0.009385 -0.015149
v -0.003569 0.009385 -0.014407
v -0.006789 0.009385 -0.012255
v -0.009345 0.009385 -0.008904
v -0.010985 0.009385 -0.004681
v -0.011706 0.026154 0.000000
v -0.011133 0.026154 0.004744
v -0.009470 0.026154 0.009024
v -0.006881 0.026154 0.012420
v -0.003617 0.026154 0.014601
v -0.000000 0.026154 0.015352
v 0.003617 0.026154 0.014601
v 0.006881 0.026154 0.012420
v 0.009470 0.026154 0.009024
v 0.011133 0.026154 0.004744
v 0.011706 0.026154 0.000000
v 0.011133 0.026154 -0.004744
v 0.009470 0.026154 -0.009024
v 0.006881 0.026154 -0.012420
v 0.003617 0.026154 -0.014601
v 0.000000 0.026154 -0.015352
v -0.003617 0.026154 -0.014601
v -0.006881 0.026154 -0.012420
v -0.009470 0.026154 -0.009024
v -0.011133 0.026154 -0.004744
v -0.011847 0.042923 0.000000
v -0.011267 0.042923 0.004801
v -0.009584 0.042923 0.009132
v -0.006963 0.042923 0.012569
v -0.003661 0.042923 0.014776
v -0.000000 0.042923 0.015537
v 0.003661 0.042923 0.014776
v 0.006963 0.042923 0.012569
v 0.009584 0.042923 0.009132
v 0.011267 0.042923 0.004801
v 0.011847 0.042923 0.000000
v 0.011267 0.042923 -0.004801
v 0.009584 0.042923 -0.009132
v 0.006963 0.042923 -0.012569
v 0.003661 0.042923 -0.014776
v 0.000000 0.042923 -0.015537
v -0.003661 0.042923 -0.014776
v -0.006963 0.042923 -0.012569
v -0.009584 0.042923 -0.009132
v -0.011267 0.042923 -0.004801
v -0.011970 0.059692 0.000000
v -0.011385 0.059692 0.004851
v -0.009684 0.059692 0.009228
v -0.007036 0.059692 0.012701
v -0.003699 0.059692 0.014931
v -0.000000 0.059692 0.015699
v 0.003699 0.059692 0.014931
v 0.007036 0.059692 0.012701
v 0.009684 0.059692 0.009228
v 0.011385 0.059692 0.004851
v 0.011970 0.059692 0.000000
v 0.011385 0.059692 -0.004851
v 0.009684 0.059692 -0.009228
v 0.007036 0.059692 -0.012701
v 0.003699 0.059692 -0.014931
v 0.000000 0.059692 -0.015699
v -0.003699 0.059692 -0.014931
v -0.007036 0.059692 -0.012701
v -0.009684 0.059692 -0.009228
v -0.011385 0.059692 -0.004851
v -0.012075 0.076462 0.000000
v -0.011484 0.076462 0.004894
v -0.009769 0.076462 0.009308
v -0.007098 0.076462 0.012812
v -0.003731 0.076462 0.015061
v -0.000000 0.076462 0.015836
v 0.003731 0.076462 0.015061
v 0.007098 0.076462 0.012812
v 0.009769 0.076462 0.009308
v 0.011484 0.076462 0.004894
v 0.012075 0.076462 0.000000
v 0.011484 0.076462 -0.004894
v 0.009769 0.076462 -0.009308
v 0.007098 0.076462 -0.012812
v 0.003731 0.076462 -0.015061
v 0.000000 0.076462 -0.015836
v -0.003731 0.076462 -0.015061
v -0.007098 0.076462 -0.012812
v -0.009769 0.076462 -0.009308
v -0.011484 0.076462 -0.004894
v -0.012156 0.093231 0.000000
v -0.011561 0.093231 0.004926
v -0.009834 0.093231 0.009371
v -0.007145 0.093231 0.012897
v -0.003756 0.093231 0.015162
v -0.000000 0.093231 0.015942
v 0.003756 0.093231 0.015162
v 0.007145 0.093231 0.012897
v 0.009834 0.093231 0.009371
v 0.011561 0.093231 0.004926
v 0.012156 0.093231 0.000000
v 0.011561 0.093231 -0.004926
v 0.009834 0.093231 -0.009371
v 0.007145 0.093231 -0.012897
v 0.003756 0.093231 -0.015162
v 0.000000 0.093231 -0.015942
v -0.003756 0.093231 -0.015162
v -0.007145 0.093231 -0.012897
v -0.009834 0.093231 -0.009371
v -0.011561 0.093231 -0.004926
v -0.012200 0.110000 0.000000
v -0.011603 0.110000 0.004944
v -0.009870 0.110000 0.009405
v -0.007171 0.110000 0.012944
v -0.003770 0.110000 0.015217
v -0.000000 0.110000 0.016000
v 0.003770 0.110000 0.015217
v 0.007171 0.110000 0.012944
v 0.009870 0.110000 0.009405
v 0.011603 0.110000 0.004944
v 0.012200 0.110000 0.000000
v 0.011603 0.110000 -0.004944
v 0.009870 0.110000 -0.009405
v 0.007171 0.110000 -0.012944
v 0.003770 0.110000 -0.015217
v 0.000000 0.110000 -0.016000
v -0.003770 0.110000 -0.015217
v -0.007171 0.110000 -0.012944
v -0.009870 0.110000 -0.009405
v -0.011603 0.110000 -0.004944
v -0.013400 0.110000 0.000000
v -0.012744 0.110000 0.005315
v -0.010841 0.110000 0.010110
v -0.007876 0.110000 0.013915
v -0.004141 0.110000 0.016358
v -0.000000 0.110000 0.017200
v 0.004141 0.110000 0.016358
v 0.007876 0.110000 0.013915
v 0.010841 0.110000 0.010110
v 0.012744 0.110000 0.005315
v 0.013400 0.110000 0.000000
v 0.012744 0.110000 -0.005315
v 0.010841 0.110000 -0.010110
v 0.007876 0.110000 -0.013915
v 0.004141 0.110000 -0.016358
v 0.000000 0.110000 -0.017200
v -0.004141 0.110000 -0.016358
v -0.007876 0.110000 -0.013915
v -0.010841 0.110000 -0.010110
v -0.012744 0.110000 -0.005315
v -0.013400 0.117000 0.000000
v -0.012744 0.117000 0.005315
v -0.010841 0.117000 0.010110
v -0.007876 0.117000 0.013915
v -0.004141 0.117000 0.016358
v -0.000000 0.117000 0.017200
v 0.004141 0.117000 0.016358
v 0.007876 0.117000 0.013915
v 0.010841 0.117000 0.010110
v 0.012744 0.117000 0.005315
v 0.013400 0.117000 0.000000
v 0.012744 0.117000 -0.005315
v 0.010841 0.117000 -0.010110
v 0.007876 0.117000 -0.013915
v 0.004141 0.117000 -0.016358
v 0.000000 0.117000 -0.017200
v -0.004141 0.117000 -0.016358
v -0.007876 0.117000 -0.013915
v -0.010841 0.117000 -0.010110
v -0.012744 0.117000 -0.005315
v -0.013400 -0.118000 0.000000
v -0.012744 -0.118000 0.005315
v -0.010841 -0.118000 0.010110
v -0.007876 -0.118000 0.013915
v -0.004141 -0.118000 0.016358
v -0.000000 -0.118000 0.017200
v 0.004141 -0.118000 0.016358
v 0.007876 -0.118000 0.013915
v 0.010841 -0.118000 0.010110
v 0.012744 -0.118000 0.005315
v 0.013400 -0.118000 0.000000
v 0.012744 -0.118000 -0.005315
v 0.010841 -0.118000 -0.010110
v 0.007876 -0.118000 -0.013915
v 0.004141 -0.118000 -0.016358
v 0.000000 -0.118000 -0.017200
v -0.004141 -0.118000 -0.016358
v -0.007876 -0.118000 -0.013915
v -0.010841 -0.118000 -0.010110
v -0.012744 -0.118000 -0.005315
v -0.013400 -0.108000 0.000000
v -0.012744 -0.108000 0.005315
v -0.010841 -0.108000 0.010110
v -0.007876 -0.108000 0.013915
v -0.004141 -0.108000 0.016358
v -0.000000 -0.108000 0.017200
v 0.004141 -0.108000 0.016358
v 0.007876 -0.108000 0.013915
v 0.010841 -0.108000 0.010110
v 0.012744 -0.108000 0.005315
v 0.013400 -0.108000 0.000000
v 0.012744 -0.108000 -0.005315
v 0.010841 -0.108000 -0.010110
v 0.007876 -0.108000 -0.013915
v 0.004141 -0.108000 -0.016358
v 0.000000 -0.108000 -0.017200
v -0.004141 -0.108000 -0.016358
v -0.007876 -0.108000 -0.013915
v -0.010841 -0.108000 -0.010110
v -0.012744 -0.108000 -0.005315
v -0.010050 -0.121500 0.000000
v -0.009558 -0.121500 0.003986
v -0.008131 -0.121500 0.007582
v -0.005907 -0.121500 0.010436
v -0.003106 -0.121500 0.012269
v -0.000000 -0.121500 0.012900
v 0.003106 -0.121500 0.012269
v 0.005907 -0.121500 0.010436
v 0.008131 -0.121500 0.007582
v 0.009558 -0.121500 0.003986
v 0.010050 -0.121500 0.000000
v 0.009558 -0.121500 -0.003986
v 0.008131 -0.121500 -0.007582
v 0.005907 -0.121500 -0.010436
v 0.003106 -0.121500 -0.012269
v 0.000000 -0.121500 -0.012900
v -0.003106 -0.121500 -0.012269
v -0.005907 -0.121500 -0.010436
v -0.008131 -0.121500 -0.007582
v -0.009558 -0.121500 -0.003986
v -0.013400 -0.118000 0.000000
v -0.012744 -0.118000 0.005315
v -0.010841 -0.118000 0.010110
v -0.007876 -0.118000 0.013915
v -0.004141 -0.118000 0.016358
v -0.000000 -0.118000 0.017200
v 0.004141 -0.118000 0.016358
v 0.007876 -0.118000 0.013915
v 0.010841 -0.118000 0.010110
v 0.012744 -0.118000 0.005315
v 0.013400 -0.118000 0.000000
v 0.012744 -0.118000 -0.005315
v 0.010841 -0.118000 -0.010110
v 0.007876 -0.118000 -0.013915
v 0.004141 -0.118000 -0.016358
v 0.000000 -0.118000 -0.017200
v -0.004141 -0.118000 -0.016358
v -0.007876 -0.118000 -0.013915
v -0.010841 -0.118000 -0.010110
v -0.012744 -0.118000 -0.005315
v -0.000000 -0.122500 0.000000
v -0.010050 -0.121500 0.000000
v -0.009558 -0.121500 0.003986
v -0.008131 -0.121500 0.007582
v -0.005907 -0.121500 0.010436
v -0.003106 -0.121500 0.012269
v -0.000000 -0.121500 0.012900
v 0.003106 -0.121500 0.012269
v 0.005907 -0.121500 0.010436
v 0.008131 -0.121500 0.007582
v 0.009558 -0.121500 0.003986
v 0.010050 -0.121500 0.000000
v 0.009558 -0.121500 -0.003986
v 0.008131 -0.121500 -0.007582
v 0.005907 -0.121500 -0.010436
v 0.003106 -0.121500 -0.012269
v 0.000000 -0.121500 -0.012900
v -0.003106 -0.121500 -0.012269
v -0.005907 -0.121500 -0.010436
v -0.008131 -0.121500 -0.007582
v -0.009558 -0.121500 -0.003986
vt 0.000000 0.000000
vt 0.060000 0.000000
vt 0.060000 0.016667
vt 0.000000 0.016667
vt 0.060000 0.000000
vt 0.300000 0.000000
vt 0.300000 0.016667
vt 0.060000 0.016667
vt 0.300000 0.000000
vt 1.000000 0.000000
vt 1.000000 0.016667
vt 0.300000 0.016667
vt 1.000000 0.000000
vt 0.300000 0.000000
vt 0.300000 0.016667
vt 1.000000 0.016667
vt 0.300000 0.000000
vt 0.060000 0.000000
vt 0.060000 0.016667
vt 0.300000 0.016667
vt 0.060000 0.000000
vt 0.000000 0.000000
vt 0.000000 0.016667
vt 0.060000 0.016667
vt 0.000000 0.016667
vt 0.060000 0.016667
vt 0.060000 0.033333
vt 0.000000 0.033333
vt 0.060000 0.016667
vt 0.300000 0.016667
vt 0.300000 0.033333
vt 0.060000 0.033333
vt 0.300000 0.016667
vt 1.000000 0.016667
vt 1.000000 0.033333
vt 0.300000 0.033333
vt 1.000000 0.016667
vt 0.300000 0.016667
vt 0.300000 0.033333
vt 1.000000 0.033333
vt 0.300000 0.016667
vt 0.060000 0.016667
vt 0.060000 0.033333
vt 0.300000 0.033333
vt 0.060000 0.016667
vt 0.000000 0.016667
vt 0.000000 0.033333
vt 0.060000 0.033333
vt 0.000000 0.033333
vt 0.060000 0.033333
vt 0.060000 0.050000
vt 0.000000 0.050000
vt 0.060000 0.033333
vt 0.300000 0.033333
vt 0.300000 0.050000
vt 0.060000 0.050000
vt 0.300000 0.033333
vt 1.000000 0.033333
vt 1.000000 0.050000
vt 0.300000 0.050000
vt 1.000000 0.033333
vt 0.300000 0.033333
vt 0.300000 0.050000
vt 1.000000 0.050000
vt 0.300000 0.033333
vt 0.060000 0.033333
vt 0.060000 0.050000
vt 0.300000 0.050000
vt 0.060000 0.033333
vt 0.000000 0.033333
vt 0.000000 0.050000
vt 0.060000 0.050000
vt 0.000000 0.050000
vt 0.060000 0.050000
vt 0.060000 0.066667
vt 0.000000 0.066667
vt 0.060000 0.050000
vt 0.300000 0.050000
vt 0.300000 0.066667
vt 0.060000 0.066667
vt 0.300000 0.050000
vt 1.000000 0.050000
vt 1.000000 0.066667
vt 0.300000 0.066667
vt 1.000000 0.050000
vt 0.300000 0.050000
vt 0.300000 0.066667
vt 1.000000 0.066667
vt 0.300000 0.050000
vt 0.060000 0.050000
vt 0.060000 0.066667
vt 0.300000 0.066667
vt 0.060000 0.050000
vt 0.000000 0.050000
vt 0.000000 0.066667
vt 0.060000 0.066667
vt 0.000000 0.066667
vt 0.060000 0.066667
vt 0.060000 0.083333
vt 0.000000 0.083333
vt 0.060000 0.066667
vt 0.300000 0.066667
vt 0.300000 0.083333
vt 0.060000 0.083333
vt 0.300000 0.066667
vt 1.000000 0.066667
vt 1.000000 0.083333
vt 0.300000 0.083333
vt 1.000000 0.066667
vt 0.300000 0.066667
vt 0.300000 0.083333
vt 1.000000 0.083333
vt 0.300000 0.066667
vt 0.060000 0.066667
vt 0.060000 0.083333
vt 0.300000 0.083333
vt 0.060000 0.066667
vt 0.000000 0.066667
vt 0.000000 0.083333
vt 0.060000 0.083333
vt 0.000000 0.083333
vt 0.060000 0.083333
vt 0.060000 0.100000
vt 0.000000 0.100000
vt 0.060000 0.083333
vt 0.300000 0.083333
vt 0.300000 0.100000
vt 0.060000 0.100000
vt 0.300000 0.083333
vt 1.000000 0.083333
vt 1.000000 0.100000
vt 0.300000 0.100000
vt 1.000000 0.083333
vt 0.300000 0.083333
vt 0.300000 0.100000
vt 1.000000 0.100000
vt 0.300000 0.083333
vt 0.060000 0.083333
vt 0.060000 0.100000
vt 0.300000 0.100000
vt 0.060000 0.083333
vt 0.000000 0.083333
vt 0.000000 0.100000
vt 0.060000 0.100000
vt 0.000000 0.100000
vt 0.060000 0.100000
vt 0.060000 0.116667
vt 0.000000 0.116667
vt 0.060000 0.100000
vt 0.300000 0.100000
vt 0.300000 0.116667
vt 0.060000 0.116667
vt 0.300000 0.100000
vt 1.000000 0.100000
vt 1.000000 0.116667
vt 0.300000 0.116667
vt 1.000000 0.100000
vt 0.300000 0.100000
vt 0.300000 0.116667
vt 1.000000 0.116667
vt 0.300000 0.100000
vt 0.060000 0.100000
vt 0.060000 0.116667
vt 0.300000 0.116667
vt 0.060000 0.100000
vt 0.000000 0.100000
vt 0.000000 0.116667
vt 0.060000 0.116667
vt 0.000000 0.116667
vt 0.060000 0.116667
vt 0.060000 0.133333
vt 0.000000 0.133333
vt 0.060000 0.116667
vt 0.300000 0.116667
vt 0.300000 0.133333
vt 0.060000 0.133333
vt 0.300000 0.116667
vt 1.000000 0.116667
vt 1.000000 0.133333
vt 0.300000 0.133333
vt 1.000000 0.116667
vt 0.300000 0.116667
vt 0.300000 0.133333
vt 1.000000 0.133333
vt 0.300000 0.116667
vt 0.060000 0.116667
vt 0.060000 0.133333
vt 0.300000 0.133333
vt 0.060000 0.116667
vt 0.000000 0.116667
vt 0.000000 0.133333
vt 0.060000 0.133333
vt 0.000000 0.133333
vt 0.060000 0.133333
vt 0.060000 0.150000
vt 0.000000 0.150000
vt 0.060000 0.133333
vt 0.300000 0.133333
vt 0.300000 0.150000
vt 0.060000 0.150000
vt 0.300000 0.133333
vt 1.000000 0.133333
vt 1.000000 0.150000
vt 0.300000 0.150000
vt 1.000000 0.133333
vt 0.300000 0.133333
vt 0.300000 0.150000
vt 1.000000 0.150000
vt 0.300000 0.133333
vt 0.060000 0.133333
vt 0.060000 0.150000
vt 0.300000 0.150000
vt 0.060000 0.133333
vt 0.000000 0.133333
vt 0.000000 0.150000
vt 0.060000 0.150000
vt 0.000000 0.150000
vt 0.060000 0.150000
vt 0.060000 0.166667
vt 0.000000 0.166667
vt 0.060000 0.150000
vt 0.300000 0.150000
vt 0.300000 0.166667
vt 0.060000 0.166667
vt 0.300000 0.150000
vt 1.000000 0.150000
vt 1.000000 0.166667
vt 0.300000 0.166667
vt 1.000000 0.150000
vt 0.300000 0.150000
vt 0.300000 0.166667
vt 1.000000 0.166667
vt 0.300000 0.150000
vt 0.060000 0.150000
vt 0.060000 0.166667
vt 0.300000 0.166667
vt 0.060000 0.150000
vt 0.000000 0.150000
vt 0.000000 0.166667
vt 0.060000 0.166667
vt 0.000000 0.166667
vt 0.060000 0.166667
vt 0.060000 0.183333
vt 0.000000 0.183333
vt 0.060000 0.166667
vt 0.300000 0.166667
vt 0.300000 0.183333
vt 0.060000 0.183333
vt 0.300000 0.166667
vt 1.000000 0.166667
vt 1.000000 0.183333
vt 0.300000 0.183333
vt 1.000000 0.166667
vt 0.300000 0.166667
vt 0.300000 0.183333
vt 1.000000 0.183333
vt 0.300000 0.166667
vt 0.060000 0.166667
vt 0.060000 0.183333
vt 0.300000 0.183333
vt 0.060000 0.166667
vt 0.000000 0.166667
vt 0.000000 0.183333
vt 0.060000 0.183333
vt 0.000000 0.183333
vt 0.060000 0.183333
vt 0.060000 0.200000
vt 0.000000 0.200000
vt 0.060000 0.183333
vt 0.300000 0.183333
vt 0.300000 0.200000
vt 0.060000 0.200000
vt 0.300000 0.183333
vt 1.000000 0.183333
vt 1.000000 0.200000
vt 0.300000 0.200000
vt 1.000000 0.183333
vt 0.300000 0.183333
vt 0.300000 0.200000
vt 1.000000 0.200000
vt 0.300000 0.183333
vt 0.060000 0.183333
vt 0.060000 0.200000
vt 0.300000 0.200000
vt 0.060000 0.183333
vt 0.000000 0.183333
vt 0.000000 0.200000
vt 0.060000 0.200000
vt 0.000000 0.200000
vt 0.060000 0.200000
vt 0.060000 0.216667
vt 0.000000 0.216667
vt 0.060000 0.200000
vt 0.300000 0.200000
vt 0.300000 0.216667
vt 0.060000 0.216667
vt 0.300000 0.200000
vt 1.000000 0.200000
vt 1.000000 0.216667
vt 0.300000 0.216667
vt 1.000000 0.200000
vt 0.300000 0.200000
vt 0.300000 0.216667
vt 1.000000 0.216667
vt 0.300000 0.200000
vt 0.060000 0.200000
vt 0.060000 0.216667
vt 0.300000 0.216667
vt 0.060000 0.200000
vt 0.000000 0.200000
vt 0.000000 0.216667
vt 0.060000 0.216667
vt 0.000000 0.216667
vt 0.060000 0.216667
vt 0.060000 0.233333
vt 0.000000 0.233333
vt 0.060000 0.216667
vt 0.300000 0.216667
vt 0.300000 0.233333
vt 0.060000 0.233333
vt 0.300000 0.216667
vt 1.000000 0.216667
vt 1.000000 0.233333
vt 0.300000 0.233333
vt 1.000000 0.216667
vt 0.300000 0.216667
vt 0.300000 0.233333
vt 1.000000 0.233333
vt 0.300000 0.216667
vt 0.060000 0.216667
vt 0.060000 0.233333
vt 0.300000 0.233333
vt 0.060000 0.216667
vt 0.000000 0.216667
vt 0.000000 0.233333
vt 0.060000 0.233333
vt 0.000000 0.233333
vt 0.060000 0.233333
vt 0.060000 0.250000
vt 0.000000 0.250000
vt 0.060000 0.233333
vt 0.300000 0.233333
vt 0.300000 0.250000
vt 0.060000 0.250000
vt 0.300000 0.233333
vt 1.000000 0.233333
vt 1.000000 0.250000
vt 0.300000 0.250000
vt 1.000000 0.233333
vt 0.300000 0.233333
vt 0.300000 0.250000
vt 1.000000 0.250000
vt 0.300000 0.233333
vt 0.060000 0.233333
vt 0.060000 0.250000
vt 0.300000 0.250000
vt 0.060000 0.233333
vt 0.000000 0.233333
vt 0.000000 0.250000
vt 0.060000 0.250000
vt 0.000000 0.250000
vt 0.060000 0.250000
vt 0.060000 0.266667
vt 0.000000 0.266667
vt 0.060000 0.250000
vt 0.300000 0.250000
vt 0.300000 0.266667
vt 0.060000 0.266667
vt 0.300000 0.250000
vt 1.000000 0.250000
vt 1.000000 0.266667
vt 0.300000 0.266667
vt 1.000000 0.250000
vt 0.300000 0.250000
vt 0.300000 0.266667
vt 1.000000 0.266667
vt 0.300000 0.250000
vt 0.060000 0.250000
vt 0.060000 0.266667
vt 0.300000 0.266667
vt 0.060000 0.250000
vt 0.000000 0.250000
vt 0.000000 0.266667
vt 0.060000 0.266667
vt 0.000000 0.266667
vt 0.060000 0.266667
vt 0.060000 0.283333
vt 0.000000 0.283333
vt 0.060000 0.266667
vt 0.300000 0.266667
vt 0.300000 0.283333
vt 0.060000 0.283333
vt 0.300000 0.266667
vt 1.000000 0.266667
vt 1.000000 0.283333
vt 0.300000 0.283333
vt 1.000000 0.266667
vt 0.300000 0.266667
vt 0.300000 0.283333
vt 1.000000 0.283333
vt 0.300000 0.266667
vt 0.060000 0.266667
vt 0.060000 0.283333
vt 0.300000 0.283333
vt 0.060000 0.266667
vt 0.000000 0.266667
vt 0.000000 0.283333
vt 0.060000 0.283333
vt 0.000000 0.283333
vt 0.060000 0.283333
vt 0.060000 0.300000
vt 0.000000 0.300000
vt 0.060000 0.283333
vt 0.300000 0.283333
vt 0.300000 0.300000
vt 0.060000 0.300000
vt 0.300000 0.283333
vt 1.000000 0.283333
vt 1.000000 0.300000
vt 0.300000 0.300000
vt 1.000000 0.283333
vt 0.300000 0.283333
vt 0.300000 0.300000
vt 1.000000 0.300000
vt 0.300000 0.283333
vt 0.060000 0.283333
vt 0.060000 0.300000
vt 0.300000 0.300000
vt 0.060000 0.283333
vt 0.000000 0.283333
vt 0.000000 0.300000
vt 0.060000 0.300000
vt 0.000000 0.300000
vt 0.060000 0.300000
vt 0.060000 0.316667
vt 0.000000 0.316667
vt 0.060000 0.300000
vt 0.300000 0.300000
vt 0.300000 0.316667
vt 0.060000 0.316667
vt 0.300000 0.300000
vt 1.000000 0.300000
vt 1.000000 0.316667
vt 0.300000 0.316667
vt 1.000000 0.300000
vt 0.300000 0.300000
vt 0.300000 0.316667
vt 1.000000 0.316667
vt 0.300000 0.300000
vt 0.060000 0.300000
vt 0.060000 0.316667
vt 0.300000 0.316667
vt 0.060000 0.300000
vt 0.000000 0.300000
vt 0.000000 0.316667
vt 0.060000 0.316667
vt 0.000000 0.316667
vt 0.060000 0.316667
vt 0.060000 0.333333
vt 0.000000 0.333333
vt 0.060000 0.316667
vt 0.300000 0.316667
vt 0.300000 0.333333
vt 0.060000 0.333333
vt 0.300000 0.316667
vt 1.000000 0.316667
vt 1.000000 0.333333
vt 0.300000 0.333333
vt 1.000000 0.316667
vt 0.300000 0.316667
vt 0.300000 0.333333
vt 1.000000 0.333333
vt 0.300000 0.316667
vt 0.060000 0.316667
vt 0.060000 0.333333
vt 0.300000 0.333333
vt 0.060000 0.316667
vt 0.000000 0.316667
vt 0.000000 0.333333
vt 0.060000 0.333333
vt 0.000000 0.333333
vt 0.060000 0.333333
vt 0.060000 0.350000
vt 0.000000 0.350000
vt 0.060000 0.333333
vt 0.300000 0.333333
vt 0.300000 0.350000
vt 0.060000 0.350000
vt 0.300000 0.333333
vt 1.000000 0.333333
vt 1.000000 0.350000
vt 0.300000 0.350000
vt 1.000000 0.333333
vt 0.300000 0.333333
vt 0.300000 0.350000
vt 1.000000 0.350000
vt 0.300000 0.333333
vt 0.060000 0.333333
vt 0.060000 0.350000
vt 0.300000 0.350000
vt 0.060000 0.333333
vt 0.000000 0.333333
vt 0.000000 0.350000
vt 0.060000 0.350000
vt 0.000000 0.350000
vt 0.060000 0.350000
vt 0.060000 0.366667
vt 0.000000 0.366667
vt 0.060000 0.350000
vt 0.300000 0.350000
vt 0.300000 0.366667
vt 0.060000 0.366667
vt 0.300000 0.350000
vt 1.000000 0.350000
vt 1.000000 0.366667
vt 0.300000 0.366667
vt 1.000000 0.350000
vt 0.300000 0.350000
vt 0.300000 0.366667
vt 1.000000 0.366667
vt 0.300000 0.350000
vt 0.060000 0.350000
vt 0.060000 0.366667
vt 0.300000 0.366667
vt 0.060000 0.350000
vt 0.000000 0.350000
vt 0.000000 0.366667
vt 0.060000 0.366667
vt 0.000000 0.366667
vt 0.060000 0.366667
vt 0.060000 0.383333
vt 0.000000 0.383333
vt 0.060000 0.366667
vt 0.300000 0.366667
vt 0.300000 0.383333
vt 0.060000 0.383333
vt 0.300000 0.366667
vt 1.000000 0.366667
vt 1.000000 0.383333
vt 0.300000 0.383333
vt 1.000000 0.366667
vt 0.300000 0.366667
vt 0.300000 0.383333
vt 1.000000 0.383333
vt 0.300000 0.366667
vt 0.060000 0.366667
vt 0.060000 0.383333
vt 0.300000 0.383333
vt 0.060000 0.366667
vt 0.000000 0.366667
vt 0.000000 0.383333
vt 0.060000 0.383333
vt 0.000000 0.383333
vt 0.060000 0.383333
vt 0.060000 0.400000
vt 0.000000 0.400000
vt 0.060000 0.383333
vt 0.300000 0.383333
vt 0.300000 0.400000
vt 0.060000 0.400000
vt 0.300000 0.383333
vt 1.000000 0.383333
vt 1.000000 0.400000
vt 0.300000 0.400000
vt 1.000000 0.383333
vt 0.300000 0.383333
vt 0.300000 0.400000
vt 1.000000 0.400000
vt 0.300000 0.383333
vt 0.060000 0.383333
vt 0.060000 0.400000
vt 0.300000 0.400000
vt 0.060000 0.383333
vt 0.000000 0.383333
vt 0.000000 0.400000
vt 0.060000 0.400000
vt 0.000000 0.400000
vt 0.060000 0.400000
vt 0.060000 0.416667
vt 0.000000 0.416667
vt 0.060000 0.400000
vt 0.300000 0.400000
vt 0.300000 0.416667
vt 0.060000 0.416667
vt 0.300000 0.400000
vt 1.000000 0.400000
vt 1.000000 0.416667
vt 0.300000 0.416667
vt 1.000000 0.400000
vt 0.300000 0.400000
vt 0.300000 0.416667
vt 1.000000 0.416667
vt 0.300000 0.400000
vt 0.060000 0.400000
vt 0.060000 0.416667
vt 0.300000 0.416667
vt 0.060000 0.400000
vt 0.000000 0.400000
vt 0.000000 0.416667
vt 0.060000 0.416667
vt 0.000000 0.416667
vt 0.060000 0.416667
vt 0.060000 0.433333
vt 0.000000 0.433333
vt 0.060000 0.416667
vt 0.300000 0.416667
vt 0.300000 0.433333
vt 0.060000 0.433333
vt 0.300000 0.416667
vt 1.000000 0.416667
vt 1.000000 0.433333
vt 0.300000 0.433333
vt 1.000000 0.416667
vt 0.300000 0.416667
vt 0.300000 0.433333
vt 1.000000 0.433333
vt 0.300000 0.416667
vt 0.060000 0.416667
vt 0.060000 0.433333
vt 0.300000 0.433333
vt 0.060000 0.416667
vt 0.000000 0.416667
vt 0.000000 0.433333
vt 0.060000 0.433333
vt 0.000000 0.433333
vt 0.060000 0.433333
vt 0.060000 0.450000
vt 0.000000 0.450000
vt 0.060000 0.433333
vt 0.300000 0.433333
vt 0.300000 0.450000
vt 0.060000 0.450000
vt 0.300000 0.433333
vt 1.000000 0.433333
vt 1.000000 0.450000
vt 0.300000 0.450000
vt 1.000000 0.433333
vt 0.300000 0.433333
vt 0.300000 0.450000
vt 1.000000 0.450000
vt 0.300000 0.433333
vt 0.060000 0.433333
vt 0.060000 0.450000
vt 0.300000 0.450000
vt 0.060000 0.433333
vt 0.000000 0.433333
vt 0.000000 0.450000
vt 0.060000 0.450000
vt 0.000000 0.450000
vt 0.060000 0.450000
vt 0.060000 0.466667
vt 0.000000 0.466667
vt 0.060000 0.450000
vt 0.300000 0.450000
vt 0.300000 0.466667
vt 0.060000 0.466667
vt 0.300000 0.450000
vt 1.000000 0.450000
vt 1.000000 0.466667
vt 0.300000 0.466667
vt 1.000000 0.450000
vt 0.300000 0.450000
vt 0.300000 0.466667
vt 1.000000 0.466667
vt 0.300000 0.450000
vt 0.060000 0.450000
vt 0.060000 0.466667
vt 0.300000 0.466667
vt 0.060000 0.450000
vt 0.000000 0.450000
vt 0.000000 0.466667
vt 0.060000 0.466667
vt 0.000000 0.466667
vt 0.060000 0.466667
vt 0.060000 0.483333
vt 0.000000 0.483333
vt 0.060000 0.466667
vt 0.300000 0.466667
vt 0.300000 0.483333
vt 0.060000 0.483333
vt 0.300000 0.466667
vt 1.000000 0.466667
vt 1.000000 0.483333
vt 0.300000 0.483333
vt 1.000000 0.466667
vt 0.300000 0.466667
vt 0.300000 0.483333
vt 1.000000 0.483333
vt 0.300000 0.466667
vt 0.060000 0.466667
vt 0.060000 0.483333
vt 0.300000 0.483333
vt 0.060000 0.466667
vt 0.000000 0.466667
vt 0.000000 0.483333
vt 0.060000 0.483333
vt 0.000000 0.483333
vt 0.060000 0.483333
vt 0.060000 0.500000
vt 0.000000 0.500000
vt 0.060000 0.483333
vt 0.300000 0.483333
vt 0.300000 0.500000
vt 0.060000 0.500000
vt 0.300000 0.483333
vt 1.000000 0.483333
vt 1.000000 0.500000
vt 0.300000 0.500000
vt 1.000000 0.483333
vt 0.300000 0.483333
vt 0.300000 0.500000
vt 1.000000 0.500000
vt 0.300000 0.483333
vt 0.060000 0.483333
vt 0.060000 0.500000
vt 0.300000 0.500000
vt 0.060000 0.483333
vt 0.000000 0.483333
vt 0.000000 0.500000
vt 0.060000 0.500000
vt 0.000000 0.500000
vt 0.060000 0.500000
vt 0.060000 0.516667
vt 0.000000 0.516667
vt 0.060000 0.500000
vt 0.300000 0.500000
vt 0.300000 0.516667
vt 0.060000 0.516667
vt 0.300000 0.500000
vt 1.000000 0.500000
vt 1.000000 0.516667
vt 0.300000 0.516667
vt 1.000000 0.500000
vt 0.300000 0.500000
vt 0.300000 0.516667
vt 1.000000 0.516667
vt 0.300000 0.500000
vt 0.060000 0.500000
vt 0.060000 0.516667
vt 0.300000 0.516667
vt 0.060000 0.500000
vt 0.000000 0.500000
vt 0.000000 0.516667
vt 0.060000 0.516667
vt 0.000000 0.516667
vt 0.060000 0.516667
vt 0.060000 0.533333
vt 0.000000 0.533333
vt 0.060000 0.516667
vt 0.300000 0.516667
vt 0.300000 0.533333
vt 0.060000 0.533333
vt 0.300000 0.516667
vt 1.000000 0.516667
vt 1.000000 0.533333
vt 0.300000 0.533333
vt 1.000000 0.516667
vt 0.300000 0.516667
vt 0.300000 0.533333
vt 1.000000 0.533333
vt 0.300000 0.516667
vt 0.060000 0.516667
vt 0.060000 0.533333
vt 0.300000 0.533333
vt 0.060000 0.516667
vt 0.000000 0.516667
vt 0.000000 0.533333
vt 0.060000 0.533333
vt 0.000000 0.533333
vt 0.060000 0.533333
vt 0.060000 0.550000
vt 0.000000 0.550000
vt 0.060000 0.533333
vt 0.300000 0.533333
vt 0.300000 0.550000
vt 0.060000 0.550000
vt 0.300000 0.533333
vt 1.000000 0.533333
vt 1.000000 0.550000
vt 0.300000 0.550000
vt 1.000000 0.533333
vt 0.300000 0.533333
vt 0.300000 0.550000
vt 1.000000 0.550000
vt 0.300000 0.533333
vt 0.060000 0.533333
vt 0.060000 0.550000
vt 0.300000 0.550000
vt 0.060000 0.533333
vt 0.000000 0.533333
vt 0.000000 0.550000
vt 0.060000 0.550000
vt 0.000000 0.550000
vt 0.060000 0.550000
vt 0.060000 0.566667
vt 0.000000 0.566667
vt 0.060000 0.550000
vt 0.300000 0.550000
vt 0.300000 0.566667
vt 0.060000 0.566667
vt 0.300000 0.550000
vt 1.000000 0.550000
vt 1.000000 0.566667
vt 0.300000 0.566667
vt 1.000000 0.550000
vt 0.300000 0.550000
vt 0.300000 0.566667
vt 1.000000 0.566667
vt 0.300000 0.550000
vt 0.060000 0.550000
vt 0.060000 0.566667
vt 0.300000 0.566667
vt 0.060000 0.550000
vt 0.000000 0.550000
vt 0.000000 0.566667
vt 0.060000 0.566667
vt 0.000000 0.566667
vt 0.060000 0.566667
vt 0.060000 0.583333
vt 0.000000 0.583333
vt 0.060000 0.566667
vt 0.300000 0.566667
vt 0.300000 0.583333
vt 0.060000 0.583333
vt 0.300000 0.566667
vt 1.000000 0.566667
vt 1.000000 0.583333
vt 0.300000 0.583333
vt 1.000000 0.566667
vt 0.300000 0.566667
vt 0.300000 0.583333
vt 1.000000 0.583333
vt 0.300000 0.566667
vt 0.060000 0.566667
vt 0.060000 0.583333
vt 0.300000 0.583333
vt 0.060000 0.566667
vt 0.000000 0.566667
vt 0.000000 0.583333
vt 0.060000 0.583333
vt 0.000000 0.583333
vt 0.060000 0.583333
vt 0.060000 0.600000
vt 0.000000 0.600000
vt 0.060000 0.583333
vt 0.300000 0.583333
vt 0.300000 0.600000
vt 0.060000 0.600000
vt 0.300000 0.583333
vt 1.000000 0.583333
vt 1.000000 0.600000
vt 0.300000 0.600000
vt 1.000000 0.583333
vt 0.300000 0.583333
vt 0.300000 0.600000
vt 1.000000 0.600000
vt 0.300000 0.583333
vt 0.060000 0.583333
vt 0.060000 0.600000
vt 0.300000 0.600000
vt 0.060000 0.583333
vt 0.000000 0.583333
vt 0.000000 0.600000
vt 0.060000 0.600000
vt 0.000000 0.600000
vt 0.060000 0.600000
vt 0.060000 0.616667
vt 0.000000 0.616667
vt 0.060000 0.600000
vt 0.300000 0.600000
vt 0.300000 0.616667
vt 0.060000 0.616667
vt 0.300000 0.600000
vt 1.000000 0.600000
vt 1.000000 0.616667
vt 0.300000 0.616667
vt 1.000000 0.600000
vt 0.300000 0.600000
vt 0.300000 0.616667
vt 1.000000 0.616667
vt 0.300000 0.600000
vt 0.060000 0.600000
vt 0.060000 0.616667
vt 0.300000 0.616667
vt 0.060000 0.600000
vt 0.000000 0.600000
vt 0.000000 0.616667
vt 0.060000 0.616667
vt 0.000000 0.616667
vt 0.060000 0.616667
vt 0.060000 0.633333
vt 0.000000 0.633333
vt 0.060000 0.616667
vt 0.300000 0.616667
vt 0.300000 0.633333
vt 0.060000 0.633333
vt 0.300000 0.616667
vt 1.000000 0.616667
vt 1.000000 0.633333
vt 0.300000 0.633333
vt 1.000000 0.616667
vt 0.300000 0.616667
vt 0.300000 0.633333
vt 1.000000 0.633333
vt 0.300000 0.616667
vt 0.060000 0.616667
vt 0.060000 0.633333
vt 0.300000 0.633333
vt 0.060000 0.616667
vt 0.000000 0.616667
vt 0.000000 0.633333
vt 0.060000 0.633333
vt 0.000000 0.633333
vt 0.060000 0.633333
vt 0.060000 0.650000
vt 0.000000 0.650000
vt 0.060000 0.633333
vt 0.300000 0.633333
vt 0.300000 0.650000
vt 0.060000 0.650000
vt 0.300000 0.633333
vt 1.000000 0.633333
vt 1.000000 0.650000
vt 0.300000 0.650000
vt 1.000000 0.633333
vt 0.300000 0.633333
vt 0.300000 0.650000
vt 1.000000 0.650000
vt 0.300000 0.633333
vt 0.060000 0.633333
vt 0.060000 0.650000
vt 0.300000 0.650000
vt 0.060000 0.633333
vt 0.000000 0.633333
vt 0.000000 0.650000
vt 0.060000 0.650000
vt 0.000000 0.650000
vt 0.060000 0.650000
vt 0.060000 0.666667
vt 0.000000 0.666667
vt 0.060000 0.650000
vt 0.300000 0.650000
vt 0.300000 0.666667
vt 0.060000 0.666667
vt 0.300000 0.650000
vt 1.000000 0.650000
vt 1.000000 0.666667
vt 0.300000 0.666667
vt 1.000000 0.650000
vt 0.300000 0.650000
vt 0.300000 0.666667
vt 1.000000 0.666667
vt 0.300000 0.650000
vt 0.060000 0.650000
vt 0.060000 0.666667
vt 0.300000 0.666667
vt 0.060000 0.650000
vt 0.000000 0.650000
vt 0.000000 0.666667
vt 0.060000 0.666667
vt 0.000000 0.666667
vt 0.060000 0.666667
vt 0.060000 0.683333
vt 0.000000 0.683333
vt 0.060000 0.666667
vt 0.300000 0.666667
vt 0.300000 0.683333
vt 0.060000 0.683333
vt 0.300000 0.666667
vt 1.000000 0.666667
vt 1.000000 0.683333
vt 0.300000 0.683333
vt 1.000000 0.666667
vt 0.300000 0.666667
vt 0.300000 0.683333
vt 1.000000 0.683333
vt 0.300000 0.666667
vt 0.060000 0.666667
vt 0.060000 0.683333
vt 0.300000 0.683333
vt 0.060000 0.666667
vt 0.000000 0.666667
vt 0.000000 0.683333
vt 0.060000 0.683333
vt 0.000000 0.683333
vt 0.060000 0.683333
vt 0.060000 0.700000
vt 0.000000 0.700000
vt 0.060000 0.683333
vt 0.300000 0.683333
vt 0.300000 0.700000
vt 0.060000 0.700000
vt 0.300000 0.683333
vt 1.000000 0.683333
vt 1.000000 0.700000
vt 0.300000 0.700000
vt 1.000000 0.683333
vt 0.300000 0.683333
vt 0.300000 0.700000
vt 1.000000 0.700000
vt 0.300000 0.683333
vt 0.060000 0.683333
vt 0.060000 0.700000
vt 0.300000 0.700000
vt 0.060000 0.683333
vt 0.000000 0.683333
vt 0.000000 0.700000
vt 0.060000 0.700000
vt 0.000000 0.700000
vt 0.060000 0.700000
vt 0.060000 0.716667
vt 0.000000 0.716667
vt 0.060000 0.700000
vt 0.300000 0.700000
vt 0.300000 0.716667
vt 0.060000 0.716667
vt 0.300000 0.700000
vt 1.000000 0.700000
vt 1.000000 0.716667
vt 0.300000 0.716667
vt 1.000000 0.700000
vt 0.300000 0.700000
vt 0.300000 0.716667
vt 1.000000 0.716667
vt 0.300000 0.700000
vt 0.060000 0.700000
vt 0.060000 0.716667
vt 0.300000 0.716667
vt 0.060000 0.700000
vt 0.000000 0.700000
vt 0.000000 0.716667
vt 0.060000 0.716667
vt 0.000000 0.716667
vt 0.060000 0.716667
vt 0.060000 0.733333
vt 0.000000 0.733333
vt 0.060000 0.716667
vt 0.300000 0.716667
vt 0.300000 0.733333
vt 0.060000 0.733333
vt 0.300000 0.716667
vt 1.000000 0.716667
vt 1.000000 0.733333
vt 0.300000 0.733333
vt 1.000000 0.716667
vt 0.300000 0.716667
vt 0.300000 0.733333
vt 1.000000 0.733333
vt 0.300000 0.716667
vt 0.060000 0.716667
vt 0.060000 0.733333
vt 0.300000 0.733333
vt 0.060000 0.716667
vt 0.000000 0.716667
vt 0.000000 0.733333
vt 0.060000 0.733333
vt 0.000000 0.733333
vt 0.060000 0.733333
vt 0.060000 0.750000
vt 0.000000 0.750000
vt 0.060000 0.733333
vt 0.300000 0.733333
vt 0.300000 0.750000
vt 0.060000 0.750000
vt 0.300000 0.733333
vt 1.000000 0.733333
vt 1.000000 0.750000
vt 0.300000 0.750000
vt 1.000000 0.733333
vt 0.300000 0.733333
vt 0.300000 0.750000
vt 1.000000 0.750000
vt 0.300000 0.733333
vt 0.060000 0.733333
vt 0.060000 0.750000
vt 0.300000 0.750000
vt 0.060000 0.733333
vt 0.000000 0.733333
vt 0.000000 0.750000
vt 0.060000 0.750000
vt 0.000000 0.750000
vt 0.060000 0.750000
vt 0.060000 0.766667
vt 0.000000 0.766667
vt 0.060000 0.750000
vt 0.300000 0.750000
vt 0.300000 0.766667
vt 0.060000 0.766667
vt 0.300000 0.750000
vt 1.000000 0.750000
vt 1.000000 0.766667
vt 0.300000 0.766667
vt 1.000000 0.750000
vt 0.300000 0.750000
vt 0.300000 0.766667
vt 1.000000 0.766667
vt 0.300000 0.750000
vt 0.060000 0.750000
vt 0.060000 0.766667
vt 0.300000 0.766667
vt 0.060000 0.750000
vt 0.000000 0.750000
vt 0.000000 0.766667
vt 0.060000 0.766667
vt 0.000000 0.766667
vt 0.060000 0.766667
vt 0.060000 0.783333
vt 0.000000 0.783333
vt 0.060000 0.766667
vt 0.300000 0.766667
vt 0.300000 0.783333
vt 0.060000 0.783333
vt 0.300000 0.766667
vt 1.000000 0.766667
vt 1.000000 0.783333
vt 0.300000 0.783333
vt 1.000000 0.766667
vt 0.300000 0.766667
vt 0.300000 0.783333
vt 1.000000 0.783333
vt 0.300000 0.766667
vt 0.060000 0.766667
vt 0.060000 0.783333
vt 0.300000 0.783333
vt 0.060000 0.766667
vt 0.000000 0.766667
vt 0.000000 0.783333
vt 0.060000 0.783333
vt 0.000000 0.783333
vt 0.060000 0.783333
vt 0.060000 0.800000
vt 0.000000 0.800000
vt 0.060000 0.783333
vt 0.300000 0.783333
vt 0.300000 0.800000
vt 0.060000 0.800000
vt 0.300000 0.783333
vt 1.000000 0.783333
vt 1.000000 0.800000
vt 0.300000 0.800000
vt 1.000000 0.783333
vt 0.300000 0.783333
vt 0.300000 0.800000
vt 1.000000 0.800000
vt 0.300000 0.783333
vt 0.060000 0.783333
vt 0.060000 0.800000
vt 0.300000 0.800000
vt 0.060000 0.783333
vt 0.000000 0.783333
vt 0.000000 0.800000
vt 0.060000 0.800000
vt 0.000000 0.800000
vt 0.060000 0.800000
vt 0.060000 0.816667
vt 0.000000 0.816667
vt 0.060000 0.800000
vt 0.300000 0.800000
vt 0.300000 0.816667
vt 0.060000 0.816667
vt 0.300000 0.800000
vt 1.000000 0.800000
vt 1.000000 0.816667
vt 0.300000 0.816667
vt 1.000000 0.800000
vt 0.300000 0.800000
vt 0.300000 0.816667
vt 1.000000 0.816667
vt 0.300000 0.800000
vt 0.060000 0.800000
vt 0.060000 0.816667
vt 0.300000 0.816667
vt 0.060000 0.800000
vt 0.000000 0.800000
vt 0.000000 0.816667
vt 0.060000 0.816667
vt 0.000000 0.816667
vt 0.060000 0.816667
vt 0.060000 0.833333
vt 0.000000 0.833333
vt 0.060000 0.816667
vt 0.300000 0.816667
vt 0.300000 0.833333
vt 0.060000 0.833333
vt 0.300000 0.816667
vt 1.000000 0.816667
vt 1.000000 0.833333
vt 0.300000 0.833333
vt 1.000000 0.816667
vt 0.300000 0.816667
vt 0.300000 0.833333
vt 1.000000 0.833333
vt 0.300000 0.816667
vt 0.060000 0.816667
vt 0.060000 0.833333
vt 0.300000 0.833333
vt 0.060000 0.816667
vt 0.000000 0.816667
vt 0.000000 0.833333
vt 0.060000 0.833333
vt 0.000000 0.833333
vt 0.060000 0.833333
vt 0.060000 0.850000
vt 0.000000 0.850000
vt 0.060000 0.833333
vt 0.300000 0.833333
vt 0.300000 0.850000
vt 0.060000 0.850000
vt 0.300000 0.833333
vt 1.000000 0.833333
vt 1.000000 0.850000
vt 0.300000 0.850000
vt 1.000000 0.833333
vt 0.300000 0.833333
vt 0.300000 0.850000
vt 1.000000 0.850000
vt 0.300000 0.833333
vt 0.060000 0.833333
vt 0.060000 0.850000
vt 0.300000 0.850000
vt 0.060000 0.833333
vt 0.000000 0.833333
vt 0.000000 0.850000
vt 0.060000 0.850000
vt 0.000000 0.850000
vt 0.060000 0.850000
vt 0.060000 0.866667
vt 0.000000 0.866667
vt 0.060000 0.850000
vt 0.300000 0.850000
vt 0.300000 0.866667
vt 0.060000 0.866667
vt 0.300000 0.850000
vt 1.000000 0.850000
vt 1.000000 0.866667
vt 0.300000 0.866667
vt 1.000000 0.850000
vt 0.300000 0.850000
vt 0.300000 0.866667
vt 1.000000 0.866667
vt 0.300000 0.850000
vt 0.060000 0.850000
vt 0.060000 0.866667
vt 0.300000 0.866667
vt 0.060000 0.850000
vt 0.000000 0.850000
vt 0.000000 0.866667
vt 0.060000 0.866667
vt 0.000000 0.866667
vt 0.060000 0.866667
vt 0.060000 0.883333
vt 0.000000 0.883333
vt 0.060000 0.866667
vt 0.300000 0.866667
vt 0.300000 0.883333
vt 0.060000 0.883333
vt 0.300000 0.866667
vt 1.000000 0.866667
vt 1.000000 0.883333
vt 0.300000 0.883333
vt 1.000000 0.866667
vt 0.300000 0.866667
vt 0.300000 0.883333
vt 1.000000 0.883333
vt 0.300000 0.866667
vt 0.060000 0.866667
vt 0.060000 0.883333
vt 0.300000 0.883333
vt 0.060000 0.866667
vt 0.000000 0.866667
vt 0.000000 0.883333
vt 0.060000 0.883333
vt 0.000000 0.883333
vt 0.060000 0.883333
vt 0.060000 0.900000
vt 0.000000 0.900000
vt 0.060000 0.883333
vt 0.300000 0.883333
vt 0.300000 0.900000
vt 0.060000 0.900000
vt 0.300000 0.883333
vt 1.000000 0.883333
vt 1.000000 0.900000
vt 0.300000 0.900000
vt 1.000000 0.883333
vt 0.300000 0.883333
vt 0.300000 0.900000
vt 1.000000 0.900000
vt 0.300000 0.883333
vt 0.060000 0.883333
vt 0.060000 0.900000
vt 0.300000 0.900000
vt 0.060000 0.883333
vt 0.000000 0.883333
vt 0.000000 0.900000
vt 0.060000 0.900000
vt 0.000000 0.900000
vt 0.060000 0.900000
vt 0.060000 0.916667
vt 0.000000 0.916667
vt 0.060000 0.900000
vt 0.300000 0.900000
vt 0.300000 0.916667
vt 0.060000 0.916667
vt 0.300000 0.900000
vt 1.000000 0.900000
vt 1.000000 0.916667
vt 0.300000 0.916667
vt 1.000000 0.900000
vt 0.300000 0.900000
vt 0.300000 0.916667
vt 1.000000 0.916667
vt 0.300000 0.900000
vt 0.060000 0.900000
vt 0.060000 0.916667
vt 0.300000 0.916667
vt 0.060000 0.900000
vt 0.000000 0.900000
vt 0.000000 0.916667
vt 0.060000 0.916667
vt 0.000000 0.916667
vt 0.060000 0.916667
vt 0.060000 0.933333
vt 0.000000 0.933333
vt 0.060000 0.916667
vt 0.300000 0.916667
vt 0.300000 0.933333
vt 0.060000 0.933333
vt 0.300000 0.916667
vt 1.000000 0.916667
vt 1.000000 0.933333
vt 0.300000 0.933333
vt 1.000000 0.916667
vt 0.300000 0.916667
vt 0.300000 0.933333
vt 1.000000 0.933333
vt 0.300000 0.916667
vt 0.060000 0.916667
vt 0.060000 0.933333
vt 0.300000 0.933333
vt 0.060000 0.916667
vt 0.000000 0.916667
vt 0.000000 0.933333
vt 0.060000 0.933333
vt 0.000000 0.933333
vt 0.060000 0.933333
vt 0.060000 0.950000
vt 0.000000 0.950000
vt 0.060000 0.933333
vt 0.300000 0.933333
vt 0.300000 0.950000
vt 0.060000 0.950000
vt 0.300000 0.933333
vt 1.000000 0.933333
vt 1.000000 0.950000
vt 0.300000 0.950000
vt 1.000000 0.933333
vt 0.300000 0.933333
vt 0.300000 0.950000
vt 1.000000 0.950000
vt 0.300000 0.933333
vt 0.060000 0.933333
vt 0.060000 0.950000
vt 0.300000 0.950000
vt 0.060000 0.933333
vt 0.000000 0.933333
vt 0.000000 0.950000
vt 0.060000 0.950000
vt 0.000000 0.950000
vt 0.060000 0.950000
vt 0.060000 0.957718
vt 0.000000 0.957718
vt 0.060000 0.950000
vt 0.300000 0.950000
vt 0.300000 0.957718
vt 0.060000 0.957718
vt 0.300000 0.950000
vt 1.000000 0.950000
vt 1.000000 0.957718
vt 0.300000 0.957718
vt 1.000000 0.950000
vt 0.300000 0.950000
vt 0.300000 0.957718
vt 1.000000 0.957718
vt 0.300000 0.950000
vt 0.060000 0.950000
vt 0.060000 0.957718
vt 0.300000 0.957718
vt 0.060000 0.950000
vt 0.000000 0.950000
vt 0.000000 0.957718
vt 0.060000 0.957718
vt 0.000000 0.957718
vt 0.060000 0.957718
vt 0.060000 0.962416
vt 0.000000 0.962416
vt 0.060000 0.957718
vt 0.300000 0.957718
vt 0.300000 0.962416
vt 0.060000 0.962416
vt 0.300000 0.957718
vt 1.000000 0.957718
vt 1.000000 0.962416
vt 0.300000 0.962416
vt 1.000000 0.957718
vt 0.300000 0.957718
vt 0.300000 0.962416
vt 1.000000 0.962416
vt 0.300000 0.957718
vt 0.060000 0.957718
vt 0.060000 0.962416
vt 0.300000 0.962416
vt 0.060000 0.957718
vt 0.000000 0.957718
vt 0.000000 0.962416
vt 0.060000 0.962416
vt 0.000000 0.962416
vt 0.060000 0.962416
vt 0.060000 0.966667
vt 0.000000 0.966667
vt 0.060000 0.962416
vt 0.300000 0.962416
vt 0.300000 0.966667
vt 0.060000 0.966667
vt 0.300000 0.962416
vt 1.000000 0.962416
vt 1.000000 0.966667
vt 0.300000 0.966667
vt 1.000000 0.962416
vt 0.300000 0.962416
vt 0.300000 0.966667
vt 1.000000 0.966667
vt 0.300000 0.962416
vt 0.060000 0.962416
vt 0.060000 0.966667
vt 0.300000 0.966667
vt 0.060000 0.962416
vt 0.000000 0.962416
vt 0.000000 0.966667
vt 0.060000 0.966667
vt 0.000000 0.966667
vt 0.060000 0.966667
vt 0.060000 0.967114
vt 0.000000 0.967114
vt 0.060000 0.966667
vt 0.300000 0.966667
vt 0.300000 0.967114
vt 0.060000 0.967114
vt 0.300000 0.966667
vt 1.000000 0.966667
vt 1.000000 0.967114
vt 0.300000 0.967114
vt 1.000000 0.966667
vt 0.300000 0.966667
vt 0.300000 0.967114
vt 1.000000 0.967114
vt 0.300000 0.966667
vt 0.060000 0.966667
vt 0.060000 0.967114
vt 0.300000 0.967114
vt 0.060000 0.966667
vt 0.000000 0.966667
vt 0.000000 0.967114
vt 0.060000 0.967114
vt 0.000000 0.967114
vt 0.060000 0.967114
vt 0.060000 0.971812
vt 0.000000 0.971812
vt 0.060000 0.967114
vt 0.300000 0.967114
vt 0.300000 0.971812
vt 0.060000 0.971812
vt 0.300000 0.967114
vt 1.000000 0.967114
vt 1.000000 0.971812
vt 0.300000 0.971812
vt 1.000000 0.967114
vt 0.300000 0.967114
vt 0.300000 0.971812
vt 1.000000 0.971812
vt 0.300000 0.967114
vt 0.060000 0.967114
vt 0.060000 0.971812
vt 0.300000 0.971812
vt 0.060000 0.967114
vt 0.000000 0.967114
vt 0.000000 0.971812
vt 0.060000 0.971812
vt 0.000000 0.971812
vt 0.060000 0.971812
vt 0.060000 0.976510
vt 0.000000 0.976510
vt 0.060000 0.971812
vt 0.300000 0.971812
vt 0.300000 0.976510
vt 0.060000 0.976510
vt 0.300000 0.971812
vt 1.000000 0.971812
vt 1.000000 0.976510
vt 0.300000 0.976510
vt 1.000000 0.971812
vt 0.300000 0.971812
vt 0.300000 0.976510
vt 1.000000 0.976510
vt 0.300000 0.971812
vt 0.060000 0.971812
vt 0.060000 0.976510
vt 0.300000 0.976510
vt 0.060000 0.971812
vt 0.000000 0.971812
vt 0.000000 0.976510
vt 0.060000 0.976510
vt 0.000000 0.976510
vt 0.060000 0.976510
vt 0.060000 0.981208
vt 0.000000 0.981208
vt 0.060000 0.976510
vt 0.300000 0.976510
vt 0.300000 0.981208
vt 0.060000 0.981208
vt 0.300000 0.976510
vt 1.000000 0.976510
vt 1.000000 0.981208
vt 0.300000 0.981208
vt 1.000000 0.976510
vt 0.300000 0.976510
vt 0.300000 0.981208
vt 1.000000 0.981208
vt 0.300000 0.976510
vt 0.060000 0.976510
vt 0.060000 0.981208
vt 0.300000 0.981208
vt 0.060000 0.976510
vt 0.000000 0.976510
vt 0.000000 0.981208
vt 0.060000 0.981208
vt 0.000000 0.981208
vt 0.060000 0.981208
vt 0.060000 0.983333
vt 0.000000 0.983333
vt 0.060000 0.981208
vt 0.300000 0.981208
vt 0.300000 0.983333
vt 0.060000 0.983333
vt 0.300000 0.981208
vt 1.000000 0.981208
vt 1.000000 0.983333
vt 0.300000 0.983333
vt 1.000000 0.981208
vt 0.300000 0.981208
vt 0.300000 0.983333
vt 1.000000 0.983333
vt 0.300000 0.981208
vt 0.060000 0.981208
vt 0.060000 0.983333
vt 0.300000 0.983333
vt 0.060000 0.981208
vt 0.000000 0.981208
vt 0.000000 0.983333
vt 0.060000 0.983333
vt 0.000000 0.983333
vt 0.060000 0.983333
vt 0.060000 0.985906
vt 0.000000 0.985906
vt 0.060000 0.983333
vt 0.300000 0.983333
vt 0.300000 0.985906
vt 0.060000 0.985906
vt 0.300000 0.983333
vt 1.000000 0.983333
vt 1.000000 0.985906
vt 0.300000 0.985906
vt 1.000000 0.983333
vt 0.300000 0.983333
vt 0.300000 0.985906
vt 1.000000 0.985906
vt 0.300000 0.983333
vt 0.060000 0.983333
vt 0.060000 0.985906
vt 0.300000 0.985906
vt 0.060000 0.983333
vt 0.000000 0.983333
vt 0.000000 0.985906
vt 0.060000 0.985906
vt 0.000000 0.985906
vt 0.060000 0.985906
vt 0.060000 0.990604
vt 0.000000 0.990604
vt 0.060000 0.985906
vt 0.300000 0.985906
vt 0.300000 0.990604
vt 0.060000 0.990604
vt 0.300000 0.985906
vt 1.000000 0.985906
vt 1.000000 0.990604
vt 0.300000 0.990604
vt 1.000000 0.985906
vt 0.300000 0.985906
vt 0.300000 0.990604
vt 1.000000 0.990604
vt 0.300000 0.985906
vt 0.060000 0.985906
vt 0.060000 0.990604
vt 0.300000 0.990604
vt 0.060000 0.985906
vt 0.000000 0.985906
vt 0.000000 0.990604
vt 0.060000 0.990604
vt 0.000000 0.990604
vt 0.060000 0.990604
vt 0.060000 0.995302
vt 0.000000 0.995302
vt 0.060000 0.990604
vt 0.300000 0.990604
vt 0.300000 0.995302
vt 0.060000 0.995302
vt 0.300000 0.990604
vt 1.000000 0.990604
vt 1.000000 0.995302
vt 0.300000 0.995302
vt 1.000000 0.990604
vt 0.300000 0.990604
vt 0.300000 0.995302
vt 1.000000 0.995302
vt 0.300000 0.990604
vt 0.060000 0.990604
vt 0.060000 0.995302
vt 0.300000 0.995302
vt 0.060000 0.990604
vt 0.000000 0.990604
vt 0.000000 0.995302
vt 0.060000 0.995302
vt 0.250000 1.000000
vt 0.000000 1.000000
vt 0.060000 1.000000
vt 0.250000 1.000000
vt 0.060000 1.000000
vt 0.300000 1.000000
vt 0.250000 1.000000
vt 0.300000 1.000000
vt 1.000000 1.000000
vt 0.250000 1.000000
vt 1.000000 1.000000
vt 0.300000 1.000000
vt 0.250000 1.000000
vt 0.300000 1.000000
vt 0.060000 1.000000
vt 0.250000 1.000000
vt 0.060000 1.000000
vt 0.000000 1.000000
vt 0.060000 0.000000
vt 0.000000 0.000000
vt 0.300000 0.000000
vt 0.300000 0.000000
vt 0.060000 0.000000
vt 0.300000 0.000000
vt 1.000000 0.000000
vt 0.300000 0.000000
vt 0.300000 0.000000
vt 0.300000 0.000000
vt 1.000000 0.000000
vt 0.300000 0.000000
vt 0.060000 0.000000
vt 0.300000 0.000000
vt 0.300000 0.000000
vt 0.000000 0.000000
vt 0.060000 0.000000
vt 0.300000 0.000000
vt 0.520000 0.980000
vt 0.558333 0.980000
vt 0.558333 0.612000
vt 0.520000 0.612000
vt 0.558333 0.980000
vt 0.596667 0.980000
vt 0.596667 0.612000
vt 0.558333 0.612000
vt 0.596667 0.980000
vt 0.635000 0.980000
vt 0.635000 0.612000
vt 0.596667 0.612000
vt 0.635000 0.980000
vt 0.673333 0.980000
vt 0.673333 0.612000
vt 0.635000 0.612000
vt 0.673333 0.980000
vt 0.711667 0.980000
vt 0.711667 0.612000
vt 0.673333 0.612000
vt 0.711667 0.980000
vt 0.750000 0.980000
vt 0.750000 0.612000
vt 0.711667 0.612000
vt 0.750000 0.980000
vt 0.788333 0.980000
vt 0.788333 0.612000
vt 0.750000 0.612000
vt 0.788333 0.980000
vt 0.826667 0.980000
vt 0.826667 0.612000
vt 0.788333 0.612000
vt 0.826667 0.980000
vt 0.865000 0.980000
vt 0.865000 0.612000
vt 0.826667 0.612000
vt 0.865000 0.980000
vt 0.903333 0.980000
vt 0.903333 0.612000
vt 0.865000 0.612000
vt 0.903333 0.980000
vt 0.941667 0.980000
vt 0.941667 0.612000
vt 0.903333 0.612000
vt 0.941667 0.980000
vt 0.980000 0.980000
vt 0.980000 0.612000
vt 0.941667 0.612000
vt 0.520000 0.612000
vt 0.558333 0.612000
vt 0.558333 0.520000
vt 0.520000 0.520000
vt 0.558333 0.612000
vt 0.596667 0.612000
vt 0.596667 0.520000
vt 0.558333 0.520000
vt 0.596667 0.612000
vt 0.635000 0.612000
vt 0.635000 0.520000
vt 0.596667 0.520000
vt 0.635000 0.612000
vt 0.673333 0.612000
vt 0.673333 0.520000
vt 0.635000 0.520000
vt 0.673333 0.612000
vt 0.711667 0.612000
vt 0.711667 0.520000
vt 0.673333 0.520000
vt 0.711667 0.612000
vt 0.750000 0.612000
vt 0.750000 0.520000
vt 0.711667 0.520000
vt 0.750000 0.612000
vt 0.788333 0.612000
vt 0.788333 0.520000
vt 0.750000 0.520000
vt 0.788333 0.612000
vt 0.826667 0.612000
vt 0.826667 0.520000
vt 0.788333 0.520000
vt 0.826667 0.612000
vt 0.865000 0.612000
vt 0.865000 0.520000
vt 0.826667 0.520000
vt 0.865000 0.612000
vt 0.903333 0.612000
vt 0.903333 0.520000
vt 0.865000 0.520000
vt 0.903333 0.612000
vt 0.941667 0.612000
vt 0.941667 0.520000
vt 0.903333 0.520000
vt 0.941667 0.612000
vt 0.980000 0.612000
vt 0.980000 0.520000
vt 0.941667 0.520000
vt 0.750000 0.750000
vt 0.934000 0.750000
vt 0.909349 0.750000
vt 0.750000 0.750000
vt 0.909349 0.750000
vt 0.842000 0.750000
vt 0.750000 0.750000
vt 0.842000 0.750000
vt 0.750000 0.750000
vt 0.750000 0.750000
vt 0.750000 0.750000
vt 0.658000 0.750000
vt 0.750000 0.750000
vt 0.658000 0.750000
vt 0.590651 0.750000
vt 0.750000 0.750000
vt 0.590651 0.750000
vt 0.566000 0.750000
vt 0.750000 0.750000
vt 0.566000 0.750000
vt 0.590651 0.750000
vt 0.750000 0.750000
vt 0.590651 0.750000
vt 0.658000 0.750000
vt 0.750000 0.750000
vt 0.658000 0.750000
vt 0.750000 0.750000
vt 0.750000 0.750000
vt 0.750000 0.750000
vt 0.842000 0.750000
vt 0.750000 0.750000
vt 0.842000 0.750000
vt 0.909349 0.750000
vt 0.750000 0.750000
vt 0.909349 0.750000
vt 0.934000 0.750000
vt 0.020000 0.980000
vt 0.031500 0.980000
vt 0.031500 0.934000
vt 0.020000 0.934000
vt 0.031500 0.980000
vt 0.043000 0.980000
vt 0.043000 0.934000
vt 0.031500 0.934000
vt 0.043000 0.980000
vt 0.054500 0.980000
vt 0.054500 0.934000
vt 0.043000 0.934000
vt 0.054500 0.980000
vt 0.066000 0.980000
vt 0.066000 0.934000
vt 0.054500 0.934000
vt 0.066000 0.980000
vt 0.077500 0.980000
vt 0.077500 0.934000
vt 0.066000 0.934000
vt 0.077500 0.980000
vt 0.089000 0.980000
vt 0.089000 0.934000
vt 0.077500 0.934000
vt 0.089000 0.980000
vt 0.100500 0.980000
vt 0.100500 0.934000
vt 0.089000 0.934000
vt 0.100500 0.980000
vt 0.112000 0.980000
vt 0.112000 0.934000
vt 0.100500 0.934000
vt 0.112000 0.980000
vt 0.123500 0.980000
vt 0.123500 0.934000
vt 0.112000 0.934000
vt 0.123500 0.980000
vt 0.135000 0.980000
vt 0.135000 0.934000
vt 0.123500 0.934000
vt 0.135000 0.980000
vt 0.146500 0.980000
vt 0.146500 0.934000
vt 0.135000 0.934000
vt 0.146500 0.980000
vt 0.158000 0.980000
vt 0.158000 0.934000
vt 0.146500 0.934000
vt 0.158000 0.980000
vt 0.169500 0.980000
vt 0.169500 0.934000
vt 0.158000 0.934000
vt 0.169500 0.980000
vt 0.181000 0.980000
vt 0.181000 0.934000
vt 0.169500 0.934000
vt 0.181000 0.980000
vt 0.192500 0.980000
vt 0.192500 0.934000
vt 0.181000 0.934000
vt 0.192500 0.980000
vt 0.204000 0.980000
vt 0.204000 0.934000
vt 0.192500 0.934000
vt 0.204000 0.980000
vt 0.215500 0.980000
vt 0.215500 0.934000
vt 0.204000 0.934000
vt 0.215500 0.980000
vt 0.227000 0.980000
vt 0.227000 0.934000
vt 0.215500 0.934000
vt 0.227000 0.980000
vt 0.238500 0.980000
vt 0.238500 0.934000
vt 0.227000 0.934000
vt 0.238500 0.980000
vt 0.250000 0.980000
vt 0.250000 0.934000
vt 0.238500 0.934000
vt 0.250000 0.980000
vt 0.261500 0.980000
vt 0.261500 0.934000
vt 0.250000 0.934000
vt 0.261500 0.980000
vt 0.273000 0.980000
vt 0.273000 0.934000
vt 0.261500 0.934000
vt 0.273000 0.980000
vt 0.284500 0.980000
vt 0.284500 0.934000
vt 0.273000 0.934000
vt 0.284500 0.980000
vt 0.296000 0.980000
vt 0.296000 0.934000
vt 0.284500 0.934000
vt 0.296000 0.980000
vt 0.307500 0.980000
vt 0.307500 0.934000
vt 0.296000 0.934000
vt 0.307500 0.980000
vt 0.319000 0.980000
vt 0.319000 0.934000
vt 0.307500 0.934000
vt 0.319000 0.980000
vt 0.330500 0.980000
vt 0.330500 0.934000
vt 0.319000 0.934000
vt 0.330500 0.980000
vt 0.342000 0.980000
vt 0.342000 0.934000
vt 0.330500 0.934000
vt 0.342000 0.980000
vt 0.353500 0.980000
vt 0.353500 0.934000
vt 0.342000 0.934000
vt 0.353500 0.980000
vt 0.365000 0.980000
vt 0.365000 0.934000
vt 0.353500 0.934000
vt 0.365000 0.980000
vt 0.376500 0.980000
vt 0.376500 0.934000
vt 0.365000 0.934000
vt 0.376500 0.980000
vt 0.388000 0.980000
vt 0.388000 0.934000
vt 0.376500 0.934000
vt 0.388000 0.980000
vt 0.399500 0.980000
vt 0.399500 0.934000
vt 0.388000 0.934000
vt 0.399500 0.980000
vt 0.411000 0.980000
vt 0.411000 0.934000
vt 0.399500 0.934000
vt 0.411000 0.980000
vt 0.422500 0.980000
vt 0.422500 0.934000
vt 0.411000 0.934000
vt 0.422500 0.980000
vt 0.434000 0.980000
vt 0.434000 0.934000
vt 0.422500 0.934000
vt 0.434000 0.980000
vt 0.445500 0.980000
vt 0.445500 0.934000
vt 0.434000 0.934000
vt 0.445500 0.980000
vt 0.457000 0.980000
vt 0.457000 0.934000
vt 0.445500 0.934000
vt 0.457000 0.980000
vt 0.468500 0.980000
vt 0.468500 0.934000
vt 0.457000 0.934000
vt 0.468500 0.980000
vt 0.480000 0.980000
vt 0.480000 0.934000
vt 0.468500 0.934000
vt 0.020000 0.934000
vt 0.031500 0.934000
vt 0.031500 0.566000
vt 0.020000 0.566000
vt 0.031500 0.934000
vt 0.043000 0.934000
vt 0.043000 0.566000
vt 0.031500 0.566000
vt 0.043000 0.934000
vt 0.054500 0.934000
vt 0.054500 0.566000
vt 0.043000 0.566000
vt 0.054500 0.934000
vt 0.066000 0.934000
vt 0.066000 0.566000
vt 0.054500 0.566000
vt 0.066000 0.934000
vt 0.077500 0.934000
vt 0.077500 0.566000
vt 0.066000 0.566000
vt 0.077500 0.934000
vt 0.089000 0.934000
vt 0.089000 0.566000
vt 0.077500 0.566000
vt 0.089000 0.934000
vt 0.100500 0.934000
vt 0.100500 0.566000
vt 0.089000 0.566000
vt 0.100500 0.934000
vt 0.112000 0.934000
vt 0.112000 0.566000
vt 0.100500 0.566000
vt 0.112000 0.934000
vt 0.123500 0.934000
vt 0.123500 0.566000
vt 0.112000 0.566000
vt 0.123500 0.934000
vt 0.135000 0.934000
vt 0.135000 0.566000
vt 0.123500 0.566000
vt 0.135000 0.934000
vt 0.146500 0.934000
vt 0.146500 0.566000
vt 0.135000 0.566000
vt 0.146500 0.934000
vt 0.158000 0.934000
vt 0.158000 0.566000
vt 0.146500 0.566000
vt 0.158000 0.934000
vt 0.169500 0.934000
vt 0.169500 0.566000
vt 0.158000 0.566000
vt 0.169500 0.934000
vt 0.181000 0.934000
vt 0.181000 0.566000
vt 0.169500 0.566000
vt 0.181000 0.934000
vt 0.192500 0.934000
vt 0.192500 0.566000
vt 0.181000 0.566000
vt 0.192500 0.934000
vt 0.204000 0.934000
vt 0.204000 0.566000
vt 0.192500 0.566000
vt 0.204000 0.934000
vt 0.215500 0.934000
vt 0.215500 0.566000
vt 0.204000 0.566000
vt 0.215500 0.934000
vt 0.227000 0.934000
vt 0.227000 0.566000
vt 0.215500 0.566000
vt 0.227000 0.934000
vt 0.238500 0.934000
vt 0.238500 0.566000
vt 0.227000 0.566000
vt 0.238500 0.934000
vt 0.250000 0.934000
vt 0.250000 0.566000
vt 0.238500 0.566000
vt 0.250000 0.934000
vt 0.261500 0.934000
vt 0.261500 0.566000
vt 0.250000 0.566000
vt 0.261500 0.934000
vt 0.273000 0.934000
vt 0.273000 0.566000
vt 0.261500 0.566000
vt 0.273000 0.934000
vt 0.284500 0.934000
vt 0.284500 0.566000
vt 0.273000 0.566000
vt 0.284500 0.934000
vt 0.296000 0.934000
vt 0.296000 0.566000
vt 0.284500 0.566000
vt 0.296000 0.934000
vt 0.307500 0.934000
vt 0.307500 0.566000
vt 0.296000 0.566000
vt 0.307500 0.934000
vt 0.319000 0.934000
vt 0.319000 0.566000
vt 0.307500 0.566000
vt 0.319000 0.934000
vt 0.330500 0.934000
vt 0.330500 0.566000
vt 0.319000 0.566000
vt 0.330500 0.934000
vt 0.342000 0.934000
vt 0.342000 0.566000
vt 0.330500 0.566000
vt 0.342000 0.934000
vt 0.353500 0.934000
vt 0.353500 0.566000
vt 0.342000 0.566000
vt 0.353500 0.934000
vt 0.365000 0.934000
vt 0.365000 0.566000
vt 0.353500 0.566000
vt 0.365000 0.934000
vt 0.376500 0.934000
vt 0.376500 0.566000
vt 0.365000 0.566000
vt 0.376500 0.934000
vt 0.388000 0.934000
vt 0.388000 0.566000
vt 0.376500 0.566000
vt 0.388000 0.934000
vt 0.399500 0.934000
vt 0.399500 0.566000
vt 0.388000 0.566000
vt 0.399500 0.934000
vt 0.411000 0.934000
vt 0.411000 0.566000
vt 0.399500 0.566000
vt 0.411000 0.934000
vt 0.422500 0.934000
vt 0.422500 0.566000
vt 0.411000 0.566000
vt 0.422500 0.934000
vt 0.434000 0.934000
vt 0.434000 0.566000
vt 0.422500 0.566000
vt 0.434000 0.934000
vt 0.445500 0.934000
vt 0.445500 0.566000
vt 0.434000 0.566000
vt 0.445500 0.934000
vt 0.457000 0.934000
vt 0.457000 0.566000
vt 0.445500 0.566000
vt 0.457000 0.934000
vt 0.468500 0.934000
vt 0.468500 0.566000
vt 0.457000 0.566000
vt 0.468500 0.934000
vt 0.480000 0.934000
vt 0.480000 0.566000
vt 0.468500 0.566000
vt 0.020000 0.566000
vt 0.031500 0.566000
vt 0.031500 0.520000
vt 0.020000 0.520000
vt 0.031500 0.566000
vt 0.043000 0.566000
vt 0.043000 0.520000
vt 0.031500 0.520000
vt 0.043000 0.566000
vt 0.054500 0.566000
vt 0.054500 0.520000
vt 0.043000 0.520000
vt 0.054500 0.566000
vt 0.066000 0.566000
vt 0.066000 0.520000
vt 0.054500 0.520000
vt 0.066000 0.566000
vt 0.077500 0.566000
vt 0.077500 0.520000
vt 0.066000 0.520000
vt 0.077500 0.566000
vt 0.089000 0.566000
vt 0.089000 0.520000
vt 0.077500 0.520000
vt 0.089000 0.566000
vt 0.100500 0.566000
vt 0.100500 0.520000
vt 0.089000 0.520000
vt 0.100500 0.566000
vt 0.112000 0.566000
vt 0.112000 0.520000
vt 0.100500 0.520000
vt 0.112000 0.566000
vt 0.123500 0.566000
vt 0.123500 0.520000
vt 0.112000 0.520000
vt 0.123500 0.566000
vt 0.135000 0.566000
vt 0.135000 0.520000
vt 0.123500 0.520000
vt 0.135000 0.566000
vt 0.146500 0.566000
vt 0.146500 0.520000
vt 0.135000 0.520000
vt 0.146500 0.566000
vt 0.158000 0.566000
vt 0.158000 0.520000
vt 0.146500 0.520000
vt 0.158000 0.566000
vt 0.169500 0.566000
vt 0.169500 0.520000
vt 0.158000 0.520000
vt 0.169500 0.566000
vt 0.181000 0.566000
vt 0.181000 0.520000
vt 0.169500 0.520000
vt 0.181000 0.566000
vt 0.192500 0.566000
vt 0.192500 0.520000
vt 0.181000 0.520000
vt 0.192500 0.566000
vt 0.204000 0.566000
vt 0.204000 0.520000
vt 0.192500 0.520000
vt 0.204000 0.566000
vt 0.215500 0.566000
vt 0.215500 0.520000
vt 0.204000 0.520000
vt 0.215500 0.566000
vt 0.227000 0.566000
vt 0.227000 0.520000
vt 0.215500 0.520000
vt 0.227000 0.566000
vt 0.238500 0.566000
vt 0.238500 0.520000
vt 0.227000 0.520000
vt 0.238500 0.566000
vt 0.250000 0.566000
vt 0.250000 0.520000
vt 0.238500 0.520000
vt 0.250000 0.566000
vt 0.261500 0.566000
vt 0.261500 0.520000
vt 0.250000 0.520000
vt 0.261500 0.566000
vt 0.273000 0.566000
vt 0.273000 0.520000
vt 0.261500 0.520000
vt 0.273000 0.566000
vt 0.284500 0.566000
vt 0.284500 0.520000
vt 0.273000 0.520000
vt 0.284500 0.566000
vt 0.296000 0.566000
vt 0.296000 0.520000
vt 0.284500 0.520000
vt 0.296000 0.566000
vt 0.307500 0.566000
vt 0.307500 0.520000
vt 0.296000 0.520000
vt 0.307500 0.566000
vt 0.319000 0.566000
vt 0.319000 0.520000
vt 0.307500 0.520000
vt 0.319000 0.566000
vt 0.330500 0.566000
vt 0.330500 0.520000
vt 0.319000 0.520000
vt 0.330500 0.566000
vt 0.342000 0.566000
vt 0.342000 0.520000
vt 0.330500 0.520000
vt 0.342000 0.566000
vt 0.353500 0.566000
vt 0.353500 0.520000
vt 0.342000 0.520000
vt 0.353500 0.566000
vt 0.365000 0.566000
vt 0.365000 0.520000
vt 0.353500 0.520000
vt 0.365000 0.566000
vt 0.376500 0.566000
vt 0.376500 0.520000
vt 0.365000 0.520000
vt 0.376500 0.566000
vt 0.388000 0.566000
vt 0.388000 0.520000
vt 0.376500 0.520000
vt 0.388000 0.566000
vt 0.399500 0.566000
vt 0.399500 0.520000
vt 0.388000 0.520000
vt 0.399500 0.566000
vt 0.411000 0.566000
vt 0.411000 0.520000
vt 0.399500 0.520000
vt 0.411000 0.566000
vt 0.422500 0.566000
vt 0.422500 0.520000
vt 0.411000 0.520000
vt 0.422500 0.566000
vt 0.434000 0.566000
vt 0.434000 0.520000
vt 0.422500 0.520000
vt 0.434000 0.566000
vt 0.445500 0.566000
vt 0.445500 0.520000
vt 0.434000 0.520000
vt 0.445500 0.566000
vt 0.457000 0.566000
vt 0.457000 0.520000
vt 0.445500 0.520000
vt 0.457000 0.566000
vt 0.468500 0.566000
vt 0.468500 0.520000
vt 0.457000 0.520000
vt 0.468500 0.566000
vt 0.480000 0.566000
vt 0.480000 0.520000
vt 0.468500 0.520000
vt 0.453491 0.715713
vt 0.458092 0.750000
vt 0.250000 0.750000
vt 0.440804 0.684047
vt 0.453491 0.715713
vt 0.250000 0.750000
vt 0.422804 0.656332
vt 0.440804 0.684047
vt 0.250000 0.750000
vt 0.402530 0.632107
vt 0.422804 0.656332
vt 0.250000 0.750000
vt 0.381856 0.609728
vt 0.402530 0.632107
vt 0.250000 0.750000
vt 0.360819 0.587734
vt 0.381856 0.609728
vt 0.250000 0.750000
vt 0.338048 0.566166
vt 0.360819 0.587734
vt 0.250000 0.750000
vt 0.311996 0.547017
vt 0.338048 0.566166
vt 0.250000 0.750000
vt 0.282230 0.533520
vt 0.311996 0.547017
vt 0.250000 0.750000
vt 0.250000 0.528625
vt 0.282230 0.533520
vt 0.250000 0.750000
vt 0.217770 0.533520
vt 0.250000 0.528625
vt 0.250000 0.750000
vt 0.188004 0.547017
vt 0.217770 0.533520
vt 0.250000 0.750000
vt 0.161952 0.566166
vt 0.188004 0.547017
vt 0.250000 0.750000
vt 0.139181 0.587734
vt 0.161952 0.566166
vt 0.250000 0.750000
vt 0.118144 0.609728
vt 0.139181 0.587734
vt 0.250000 0.750000
vt 0.097470 0.632107
vt 0.118144 0.609728
vt 0.250000 0.750000
vt 0.077196 0.656332
vt 0.097470 0.632107
vt 0.250000 0.750000
vt 0.059196 0.684047
vt 0.077196 0.656332
vt 0.250000 0.750000
vt 0.046509 0.715713
vt 0.059196 0.684047
vt 0.250000 0.750000
vt 0.041908 0.750000
vt 0.046509 0.715713
vt 0.250000 0.750000
vt 0.046509 0.784287
vt 0.041908 0.750000
vt 0.250000 0.750000
vt 0.059196 0.815953
vt 0.046509 0.784287
vt 0.250000 0.750000
vt 0.077196 0.843668
vt 0.059196 0.815953
vt 0.250000 0.750000
vt 0.097470 0.867893
vt 0.077196 0.843668
vt 0.250000 0.750000
vt 0.118144 0.890272
vt 0.097470 0.867893
vt 0.250000 0.750000
vt 0.139181 0.912266
vt 0.118144 0.890272
vt 0.250000 0.750000
vt 0.161952 0.933834
vt 0.139181 0.912266
vt 0.250000 0.750000
vt 0.188004 0.952983
vt 0.161952 0.933834
vt 0.250000 0.750000
vt 0.217770 0.966480
vt 0.188004 0.952983
vt 0.250000 0.750000
vt 0.250000 0.971375
vt 0.217770 0.966480
vt 0.250000 0.750000
vt 0.282230 0.966480
vt 0.250000 0.971375
vt 0.250000 0.750000
vt 0.311996 0.952983
vt 0.282230 0.966480
vt 0.250000 0.750000
vt 0.338048 0.933834
vt 0.311996 0.952983
vt 0.250000 0.750000
vt 0.360819 0.912266
vt 0.338048 0.933834
vt 0.250000 0.750000
vt 0.381856 0.890272
vt 0.360819 0.912266
vt 0.250000 0.750000
vt 0.402530 0.867893
vt 0.381856 0.890272
vt 0.250000 0.750000
vt 0.422804 0.843668
vt 0.402530 0.867893
vt 0.250000 0.750000
vt 0.440804 0.815953
vt 0.422804 0.843668
vt 0.250000 0.750000
vt 0.453491 0.784287
vt 0.440804 0.815953
vt 0.250000 0.750000
vt 0.458092 0.750000
vt 0.453491 0.784287
vt 0.250000 0.750000
vt 0.250000 0.750000
vt 0.458092 0.750000
vt 0.453491 0.715713
vt 0.250000 0.750000
vt 0.453491 0.715713
vt 0.440804 0.684047
vt 0.250000 0.750000
vt 0.440804 0.684047
vt 0.422804 0.656332
vt 0.250000 0.750000
vt 0.422804 0.656332
vt 0.402530 0.632107
vt 0.250000 0.750000
vt 0.402530 0.632107
vt 0.381856 0.609728
vt 0.250000 0.750000
vt 0.381856 0.609728
vt 0.360819 0.587734
vt 0.250000 0.750000
vt 0.360819 0.587734
vt 0.338048 0.566166
vt 0.250000 0.750000
vt 0.338048 0.566166
vt 0.311996 0.547017
vt 0.250000 0.750000
vt 0.311996 0.547017
vt 0.282230 0.533520
vt 0.250000 0.750000
vt 0.282230 0.533520
vt 0.250000 0.528625
vt 0.250000 0.750000
vt 0.250000 0.528625
vt 0.217770 0.533520
vt 0.250000 0.750000
vt 0.217770 0.533520
vt 0.188004 0.547017
vt 0.250000 0.750000
vt 0.188004 0.547017
vt 0.161952 0.566166
vt 0.250000 0.750000
vt 0.161952 0.566166
vt 0.139181 0.587734
vt 0.250000 0.750000
vt 0.139181 0.587734
vt 0.118144 0.609728
vt 0.250000 0.750000
vt 0.118144 0.609728
vt 0.097470 0.632107
vt 0.250000 0.750000
vt 0.097470 0.632107
vt 0.077196 0.656332
vt 0.250000 0.750000
vt 0.077196 0.656332
vt 0.059196 0.684047
vt 0.250000 0.750000
vt 0.059196 0.684047
vt 0.046509 0.715713
vt 0.250000 0.750000
vt 0.046509 0.715713
vt 0.041908 0.750000
vt 0.250000 0.750000
vt 0.041908 0.750000
vt 0.046509 0.784287
vt 0.250000 0.750000
vt 0.046509 0.784287
vt 0.059196 0.815953
vt 0.250000 0.750000
vt 0.059196 0.815953
vt 0.077196 0.843668
vt 0.250000 0.750000
vt 0.077196 0.843668
vt 0.097470 0.867893
vt 0.250000 0.750000
vt 0.097470 0.867893
vt 0.118144 0.890272
vt 0.250000 0.750000
vt 0.118144 0.890272
vt 0.139181 0.912266
vt 0.250000 0.750000
vt 0.139181 0.912266
vt 0.161952 0.933834
vt 0.250000 0.750000
vt 0.161952 0.933834
vt 0.188004 0.952983
vt 0.250000 0.750000
vt 0.188004 0.952983
vt 0.217770 0.966480
vt 0.250000 0.750000
vt 0.217770 0.966480
vt 0.250000 0.971375
vt 0.250000 0.750000
vt 0.250000 0.971375
vt 0.282230 0.966480
vt 0.250000 0.750000
vt 0.282230 0.966480
vt 0.311996 0.952983
vt 0.250000 0.750000
vt 0.311996 0.952983
vt 0.338048 0.933834
vt 0.250000 0.750000
vt 0.338048 0.933834
vt 0.360819 0.912266
vt 0.250000 0.750000
vt 0.360819 0.912266
vt 0.381856 0.890272
vt 0.250000 0.750000
vt 0.381856 0.890272
vt 0.402530 0.867893
vt 0.250000 0.750000
vt 0.402530 0.867893
vt 0.422804 0.843668
vt 0.250000 0.750000
vt 0.422804 0.843668
vt 0.440804 0.815953
vt 0.250000 0.750000
vt 0.440804 0.815953
vt 0.453491 0.784287
vt 0.250000 0.750000
vt 0.453491 0.784287
vt 0.458092 0.750000
vt 0.000000 0.000000
vt 0.050000 0.000000
vt 0.050000 0.076923
vt 0.000000 0.076923
vt 0.050000 0.000000
vt 0.100000 0.000000
vt 0.100000 0.076923
vt 0.050000 0.076923
vt 0.100000 0.000000
vt 0.150000 0.000000
vt 0.150000 0.076923
vt 0.100000 0.076923
vt 0.150000 0.000000
vt 0.200000 0.000000
vt 0.200000 0.076923
vt 0.150000 0.076923
vt 0.200000 0.000000
vt 0.250000 0.000000
vt 0.250000 0.076923
vt 0.200000 0.076923
vt 0.250000 0.000000
vt 0.300000 0.000000
vt 0.300000 0.076923
vt 0.250000 0.076923
vt 0.300000 0.000000
vt 0.350000 0.000000
vt 0.350000 0.076923
vt 0.300000 0.076923
vt 0.350000 0.000000
vt 0.400000 0.000000
vt 0.400000 0.076923
vt 0.350000 0.076923
vt 0.400000 0.000000
vt 0.450000 0.000000
vt 0.450000 0.076923
vt 0.400000 0.076923
vt 0.450000 0.000000
vt 0.500000 0.000000
vt 0.500000 0.076923
vt 0.450000 0.076923
vt 0.500000 0.000000
vt 0.550000 0.000000
vt 0.550000 0.076923
vt 0.500000 0.076923
vt 0.550000 0.000000
vt 0.600000 0.000000
vt 0.600000 0.076923
vt 0.550000 0.076923
vt 0.600000 0.000000
vt 0.650000 0.000000
vt 0.650000 0.076923
vt 0.600000 0.076923
vt 0.650000 0.000000
vt 0.700000 0.000000
vt 0.700000 0.076923
vt 0.650000 0.076923
vt 0.700000 0.000000
vt 0.750000 0.000000
vt 0.750000 0.076923
vt 0.700000 0.076923
vt 0.750000 0.000000
vt 0.800000 0.000000
vt 0.800000 0.076923
vt 0.750000 0.076923
vt 0.800000 0.000000
vt 0.850000 0.000000
vt 0.850000 0.076923
vt 0.800000 0.076923
vt 0.850000 0.000000
vt 0.900000 0.000000
vt 0.900000 0.076923
vt 0.850000 0.076923
vt 0.900000 0.000000
vt 0.950000 0.000000
vt 0.950000 0.076923
vt 0.900000 0.076923
vt 0.950000 0.000000
vt 1.000000 0.000000
vt 1.000000 0.076923
vt 0.950000 0.076923
vt 0.000000 0.076923
vt 0.050000 0.076923
vt 0.050000 0.153846
vt 0.000000 0.153846
vt 0.050000 0.076923
vt 0.100000 0.076923
vt 0.100000 0.153846
vt 0.050000 0.153846
vt 0.100000 0.076923
vt 0.150000 0.076923
vt 0.150000 0.153846
vt 0.100000 0.153846
vt 0.150000 0.076923
vt 0.200000 0.076923
vt 0.200000 0.153846
vt 0.150000 0.153846
vt 0.200000 0.076923
vt 0.250000 0.076923
vt 0.250000 0.153846
vt 0.200000 0.153846
vt 0.250000 0.076923
vt 0.300000 0.076923
vt 0.300000 0.153846
vt 0.250000 0.153846
vt 0.300000 0.076923
vt 0.350000 0.076923
vt 0.350000 0.153846
vt 0.300000 0.153846
vt 0.350000 0.076923
vt 0.400000 0.076923
vt 0.400000 0.153846
vt 0.350000 0.153846
vt 0.400000 0.076923
vt 0.450000 0.076923
vt 0.450000 0.153846
vt 0.400000 0.153846
vt 0.450000 0.076923
vt 0.500000 0.076923
vt 0.500000 0.153846
vt 0.450000 0.153846
vt 0.500000 0.076923
vt 0.550000 0.076923
vt 0.550000 0.153846
vt 0.500000 0.153846
vt 0.550000 0.076923
vt 0.600000 0.076923
vt 0.600000 0.153846
vt 0.550000 0.153846
vt 0.600000 0.076923
vt 0.650000 0.076923
vt 0.650000 0.153846
vt 0.600000 0.153846
vt 0.650000 0.076923
vt 0.700000 0.076923
vt 0.700000 0.153846
vt 0.650000 0.153846
vt 0.700000 0.076923
vt 0.750000 0.076923
vt 0.750000 0.153846
vt 0.700000 0.153846
vt 0.750000 0.076923
vt 0.800000 0.076923
vt 0.800000 0.153846
vt 0.750000 0.153846
vt 0.800000 0.076923
vt 0.850000 0.076923
vt 0.850000 0.153846
vt 0.800000 0.153846
vt 0.850000 0.076923
vt 0.900000 0.076923
vt 0.900000 0.153846
vt 0.850000 0.153846
vt 0.900000 0.076923
vt 0.950000 0.076923
vt 0.950000 0.153846
vt 0.900000 0.153846
vt 0.950000 0.076923
vt 1.000000 0.076923
vt 1.000000 0.153846
vt 0.950000 0.153846
vt 0.000000 0.153846
vt 0.050000 0.153846
vt 0.050000 0.230769
vt 0.000000 0.230769
vt 0.050000 0.153846
vt 0.100000 0.153846
vt 0.100000 0.230769
vt 0.050000 0.230769
vt 0.100000 0.153846
vt 0.150000 0.153846
vt 0.150000 0.230769
vt 0.100000 0.230769
vt 0.150000 0.153846
vt 0.200000 0.153846
vt 0.200000 0.230769
vt 0.150000 0.230769
vt 0.200000 0.153846
vt 0.250000 0.153846
vt 0.250000 0.230769
vt 0.200000 0.230769
vt 0.250000 0.153846
vt 0.300000 0.153846
vt 0.300000 0.230769
vt 0.250000 0.230769
vt 0.300000 0.153846
vt 0.350000 0.153846
vt 0.350000 0.230769
vt 0.300000 0.230769
vt 0.350000 0.153846
vt 0.400000 0.153846
vt 0.400000 0.230769
vt 0.350000 0.230769
vt 0.400000 0.153846
vt 0.450000 0.153846
vt 0.450000 0.230769
vt 0.400000 0.230769
vt 0.450000 0.153846
vt 0.500000 0.153846
vt 0.500000 0.230769
vt 0.450000 0.230769
vt 0.500000 0.153846
vt 0.550000 0.153846
vt 0.550000 0.230769
vt 0.500000 0.230769
vt 0.550000 0.153846
vt 0.600000 0.153846
vt 0.600000 0.230769
vt 0.550000 0.230769
vt 0.600000 0.153846
vt 0.650000 0.153846
vt 0.650000 0.230769
vt 0.600000 0.230769
vt 0.650000 0.153846
vt 0.700000 0.153846
vt 0.700000 0.230769
vt 0.650000 0.230769
vt 0.700000 0.153846
vt 0.750000 0.153846
vt 0.750000 0.230769
vt 0.700000 0.230769
vt 0.750000 0.153846
vt 0.800000 0.153846
vt 0.800000 0.230769
vt 0.750000 0.230769
vt 0.800000 0.153846
vt 0.850000 0.153846
vt 0.850000 0.230769
vt 0.800000 0.230769
vt 0.850000 0.153846
vt 0.900000 0.153846
vt 0.900000 0.230769
vt 0.850000 0.230769
vt 0.900000 0.153846
vt 0.950000 0.153846
vt 0.950000 0.230769
vt 0.900000 0.230769
vt 0.950000 0.153846
vt 1.000000 0.153846
vt 1.000000 0.230769
vt 0.950000 0.230769
vt 0.000000 0.230769
vt 0.050000 0.230769
vt 0.050000 0.307692
vt 0.000000 0.307692
vt 0.050000 0.230769
vt 0.100000 0.230769
vt 0.100000 0.307692
vt 0.050000 0.307692
vt 0.100000 0.230769
vt 0.150000 0.230769
vt 0.150000 0.307692
vt 0.100000 0.307692
vt 0.150000 0.230769
vt 0.200000 0.230769
vt 0.200000 0.307692
vt 0.150000 0.307692
vt 0.200000 0.230769
vt 0.250000 0.230769
vt 0.250000 0.307692
vt 0.200000 0.307692
vt 0.250000 0.230769
vt 0.300000 0.230769
vt 0.300000 0.307692
vt 0.250000 0.307692
vt 0.300000 0.230769
vt 0.350000 0.230769
vt 0.350000 0.307692
vt 0.300000 0.307692
vt 0.350000 0.230769
vt 0.400000 0.230769
vt 0.400000 0.307692
vt 0.350000 0.307692
vt 0.400000 0.230769
vt 0.450000 0.230769
vt 0.450000 0.307692
vt 0.400000 0.307692
vt 0.450000 0.230769
vt 0.500000 0.230769
vt 0.500000 0.307692
vt 0.450000 0.307692
vt 0.500000 0.230769
vt 0.550000 0.230769
vt 0.550000 0.307692
vt 0.500000 0.307692
vt 0.550000 0.230769
vt 0.600000 0.230769
vt 0.600000 0.307692
vt 0.550000 0.307692
vt 0.600000 0.230769
vt 0.650000 0.230769
vt 0.650000 0.307692
vt 0.600000 0.307692
vt 0.650000 0.230769
vt 0.700000 0.230769
vt 0.700000 0.307692
vt 0.650000 0.307692
vt 0.700000 0.230769
vt 0.750000 0.230769
vt 0.750000 0.307692
vt 0.700000 0.307692
vt 0.750000 0.230769
vt 0.800000 0.230769
vt 0.800000 0.307692
vt 0.750000 0.307692
vt 0.800000 0.230769
vt 0.850000 0.230769
vt 0.850000 0.307692
vt 0.800000 0.307692
vt 0.850000 0.230769
vt 0.900000 0.230769
vt 0.900000 0.307692
vt 0.850000 0.307692
vt 0.900000 0.230769
vt 0.950000 0.230769
vt 0.950000 0.307692
vt 0.900000 0.307692
vt 0.950000 0.230769
vt 1.000000 0.230769
vt 1.000000 0.307692
vt 0.950000 0.307692
vt 0.000000 0.307692
vt 0.050000 0.307692
vt 0.050000 0.384615
vt 0.000000 0.384615
vt 0.050000 0.307692
vt 0.100000 0.307692
vt 0.100000 0.384615
vt 0.050000 0.384615
vt 0.100000 0.307692
vt 0.150000 0.307692
vt 0.150000 0.384615
vt 0.100000 0.384615
vt 0.150000 0.307692
vt 0.200000 0.307692
vt 0.200000 0.384615
vt 0.150000 0.384615
vt 0.200000 0.307692
vt 0.250000 0.307692
vt 0.250000 0.384615
vt 0.200000 0.384615
vt 0.250000 0.307692
vt 0.300000 0.307692
vt 0.300000 0.384615
vt 0.250000 0.384615
vt 0.300000 0.307692
vt 0.350000 0.307692
vt 0.350000 0.384615
vt 0.300000 0.384615
vt 0.350000 0.307692
vt 0.400000 0.307692
vt 0.400000 0.384615
vt 0.350000 0.384615
vt 0.400000 0.307692
vt 0.450000 0.307692
vt 0.450000 0.384615
vt 0.400000 0.384615
vt 0.450000 0.307692
vt 0.500000 0.307692
vt 0.500000 0.384615
vt 0.450000 0.384615
vt 0.500000 0.307692
vt 0.550000 0.307692
vt 0.550000 0.384615
vt 0.500000 0.384615
vt 0.550000 0.307692
vt 0.600000 0.307692
vt 0.600000 0.384615
vt 0.550000 0.384615
vt 0.600000 0.307692
vt 0.650000 0.307692
vt 0.650000 0.384615
vt 0.600000 0.384615
vt 0.650000 0.307692
vt 0.700000 0.307692
vt 0.700000 0.384615
vt 0.650000 0.384615
vt 0.700000 0.307692
vt 0.750000 0.307692
vt 0.750000 0.384615
vt 0.700000 0.384615
vt 0.750000 0.307692
vt 0.800000 0.307692
vt 0.800000 0.384615
vt 0.750000 0.384615
vt 0.800000 0.307692
vt 0.850000 0.307692
vt 0.850000 0.384615
vt 0.800000 0.384615
vt 0.850000 0.307692
vt 0.900000 0.307692
vt 0.900000 0.384615
vt 0.850000 0.384615
vt 0.900000 0.307692
vt 0.950000 0.307692
vt 0.950000 0.384615
vt 0.900000 0.384615
vt 0.950000 0.307692
vt 1.000000 0.307692
vt 1.000000 0.384615
vt 0.950000 0.384615
vt 0.000000 0.384615
vt 0.050000 0.384615
vt 0.050000 0.461538
vt 0.000000 0.461538
vt 0.050000 0.384615
vt 0.100000 0.384615
vt 0.100000 0.461538
vt 0.050000 0.461538
vt 0.100000 0.384615
vt 0.150000 0.384615
vt 0.150000 0.461538
vt 0.100000 0.461538
vt 0.150000 0.384615
vt 0.200000 0.384615
vt 0.200000 0.461538
vt 0.150000 0.461538
vt 0.200000 0.384615
vt 0.250000 0.384615
vt 0.250000 0.461538
vt 0.200000 0.461538
vt 0.250000 0.384615
vt 0.300000 0.384615
vt 0.300000 0.461538
vt 0.250000 0.461538
vt 0.300000 0.384615
vt 0.350000 0.384615
vt 0.350000 0.461538
vt 0.300000 0.461538
vt 0.350000 0.384615
vt 0.400000 0.384615
vt 0.400000 0.461538
vt 0.350000 0.461538
vt 0.400000 0.384615
vt 0.450000 0.384615
vt 0.450000 0.461538
vt 0.400000 0.461538
vt 0.450000 0.384615
vt 0.500000 0.384615
vt 0.500000 0.461538
vt 0.450000 0.461538
vt 0.500000 0.384615
vt 0.550000 0.384615
vt 0.550000 0.461538
vt 0.500000 0.461538
vt 0.550000 0.384615
vt 0.600000 0.384615
vt 0.600000 0.461538
vt 0.550000 0.461538
vt 0.600000 0.384615
vt 0.650000 0.384615
vt 0.650000 0.461538
vt 0.600000 0.461538
vt 0.650000 0.384615
vt 0.700000 0.384615
vt 0.700000 0.461538
vt 0.650000 0.461538
vt 0.700000 0.384615
vt 0.750000 0.384615
vt 0.750000 0.461538
vt 0.700000 0.461538
vt 0.750000 0.384615
vt 0.800000 0.384615
vt 0.800000 0.461538
vt 0.750000 0.461538
vt 0.800000 0.384615
vt 0.850000 0.384615
vt 0.850000 0.461538
vt 0.800000 0.461538
vt 0.850000 0.384615
vt 0.900000 0.384615
vt 0.900000 0.461538
vt 0.850000 0.461538
vt 0.900000 0.384615
vt 0.950000 0.384615
vt 0.950000 0.461538
vt 0.900000 0.461538
vt 0.950000 0.384615
vt 1.000000 0.384615
vt 1.000000 0.461538
vt 0.950000 0.461538
vt 0.000000 0.461538
vt 0.050000 0.461538
vt 0.050000 0.538462
vt 0.000000 0.538462
vt 0.050000 0.461538
vt 0.100000 0.461538
vt 0.100000 0.538462
vt 0.050000 0.538462
vt 0.100000 0.461538
vt 0.150000 0.461538
vt 0.150000 0.538462
vt 0.100000 0.538462
vt 0.150000 0.461538
vt 0.200000 0.461538
vt 0.200000 0.538462
vt 0.150000 0.538462
vt 0.200000 0.461538
vt 0.250000 0.461538
vt 0.250000 0.538462
vt 0.200000 0.538462
vt 0.250000 0.461538
vt 0.300000 0.461538
vt 0.300000 0.538462
vt 0.250000 0.538462
vt 0.300000 0.461538
vt 0.350000 0.461538
vt 0.350000 0.538462
vt 0.300000 0.538462
vt 0.350000 0.461538
vt 0.400000 0.461538
vt 0.400000 0.538462
vt 0.350000 0.538462
vt 0.400000 0.461538
vt 0.450000 0.461538
vt 0.450000 0.538462
vt 0.400000 0.538462
vt 0.450000 0.461538
vt 0.500000 0.461538
vt 0.500000 0.538462
vt 0.450000 0.538462
vt 0.500000 0.461538
vt 0.550000 0.461538
vt 0.550000 0.538462
vt 0.500000 0.538462
vt 0.550000 0.461538
vt 0.600000 0.461538
vt 0.600000 0.538462
vt 0.550000 0.538462
vt 0.600000 0.461538
vt 0.650000 0.461538
vt 0.650000 0.538462
vt 0.600000 0.538462
vt 0.650000 0.461538
vt 0.700000 0.461538
vt 0.700000 0.538462
vt 0.650000 0.538462
vt 0.700000 0.461538
vt 0.750000 0.461538
vt 0.750000 0.538462
vt 0.700000 0.538462
vt 0.750000 0.461538
vt 0.800000 0.461538
vt 0.800000 0.538462
vt 0.750000 0.538462
vt 0.800000 0.461538
vt 0.850000 0.461538
vt 0.850000 0.538462
vt 0.800000 0.538462
vt 0.850000 0.461538
vt 0.900000 0.461538
vt 0.900000 0.538462
vt 0.850000 0.538462
vt 0.900000 0.461538
vt 0.950000 0.461538
vt 0.950000 0.538462
vt 0.900000 0.538462
vt 0.950000 0.461538
vt 1.000000 0.461538
vt 1.000000 0.538462
vt 0.950000 0.538462
vt 0.000000 0.538462
vt 0.050000 0.538462
vt 0.050000 0.615385
vt 0.000000 0.615385
vt 0.050000 0.538462
vt 0.100000 0.538462
vt 0.100000 0.615385
vt 0.050000 0.615385
vt 0.100000 0.538462
vt 0.150000 0.538462
vt 0.150000 0.615385
vt 0.100000 0.615385
vt 0.150000 0.538462
vt 0.200000 0.538462
vt 0.200000 0.615385
vt 0.150000 0.615385
vt 0.200000 0.538462
vt 0.250000 0.538462
vt 0.250000 0.615385
vt 0.200000 0.615385
vt 0.250000 0.538462
vt 0.300000 0.538462
vt 0.300000 0.615385
vt 0.250000 0.615385
vt 0.300000 0.538462
vt 0.350000 0.538462
vt 0.350000 0.615385
vt 0.300000 0.615385
vt 0.350000 0.538462
vt 0.400000 0.538462
vt 0.400000 0.615385
vt 0.350000 0.615385
vt 0.400000 0.538462
vt 0.450000 0.538462
vt 0.450000 0.615385
vt 0.400000 0.615385
vt 0.450000 0.538462
vt 0.500000 0.538462
vt 0.500000 0.615385
vt 0.450000 0.615385
vt 0.500000 0.538462
vt 0.550000 0.538462
vt 0.550000 0.615385
vt 0.500000 0.615385
vt 0.550000 0.538462
vt 0.600000 0.538462
vt 0.600000 0.615385
vt 0.550000 0.615385
vt 0.600000 0.538462
vt 0.650000 0.538462
vt 0.650000 0.615385
vt 0.600000 0.615385
vt 0.650000 0.538462
vt 0.700000 0.538462
vt 0.700000 0.615385
vt 0.650000 0.615385
vt 0.700000 0.538462
vt 0.750000 0.538462
vt 0.750000 0.615385
vt 0.700000 0.615385
vt 0.750000 0.538462
vt 0.800000 0.538462
vt 0.800000 0.615385
vt 0.750000 0.615385
vt 0.800000 0.538462
vt 0.850000 0.538462
vt 0.850000 0.615385
vt 0.800000 0.615385
vt 0.850000 0.538462
vt 0.900000 0.538462
vt 0.900000 0.615385
vt 0.850000 0.615385
vt 0.900000 0.538462
vt 0.950000 0.538462
vt 0.950000 0.615385
vt 0.900000 0.615385
vt 0.950000 0.538462
vt 1.000000 0.538462
vt 1.000000 0.615385
vt 0.950000 0.615385
vt 0.000000 0.615385
vt 0.050000 0.615385
vt 0.050000 0.692308
vt 0.000000 0.692308
vt 0.050000 0.615385
vt 0.100000 0.615385
vt 0.100000 0.692308
vt 0.050000 0.692308
vt 0.100000 0.615385
vt 0.150000 0.615385
vt 0.150000 0.692308
vt 0.100000 0.692308
vt 0.150000 0.615385
vt 0.200000 0.615385
vt 0.200000 0.692308
vt 0.150000 0.692308
vt 0.200000 0.615385
vt 0.250000 0.615385
vt 0.250000 0.692308
vt 0.200000 0.692308
vt 0.250000 0.615385
vt 0.300000 0.615385
vt 0.300000 0.692308
vt 0.250000 0.692308
vt 0.300000 0.615385
vt 0.350000 0.615385
vt 0.350000 0.692308
vt 0.300000 0.692308
vt 0.350000 0.615385
vt 0.400000 0.615385
vt 0.400000 0.692308
vt 0.350000 0.692308
vt 0.400000 0.615385
vt 0.450000 0.615385
vt 0.450000 0.692308
vt 0.400000 0.692308
vt 0.450000 0.615385
vt 0.500000 0.615385
vt 0.500000 0.692308
vt 0.450000 0.692308
vt 0.500000 0.615385
vt 0.550000 0.615385
vt 0.550000 0.692308
vt 0.500000 0.692308
vt 0.550000 0.615385
vt 0.600000 0.615385
vt 0.600000 0.692308
vt 0.550000 0.692308
vt 0.600000 0.615385
vt 0.650000 0.615385
vt 0.650000 0.692308
vt 0.600000 0.692308
vt 0.650000 0.615385
vt 0.700000 0.615385
vt 0.700000 0.692308
vt 0.650000 0.692308
vt 0.700000 0.615385
vt 0.750000 0.615385
vt 0.750000 0.692308
vt 0.700000 0.692308
vt 0.750000 0.615385
vt 0.800000 0.615385
vt 0.800000 0.692308
vt 0.750000 0.692308
vt 0.800000 0.615385
vt 0.850000 0.615385
vt 0.850000 0.692308
vt 0.800000 0.692308
vt 0.850000 0.615385
vt 0.900000 0.615385
vt 0.900000 0.692308
vt 0.850000 0.692308
vt 0.900000 0.615385
vt 0.950000 0.615385
vt 0.950000 0.692308
vt 0.900000 0.692308
vt 0.950000 0.615385
vt 1.000000 0.615385
vt 1.000000 0.692308
vt 0.950000 0.692308
vt 0.000000 0.692308
vt 0.050000 0.692308
vt 0.050000 0.769231
vt 0.000000 0.769231
vt 0.050000 0.692308
vt 0.100000 0.692308
vt 0.100000 0.769231
vt 0.050000 0.769231
vt 0.100000 0.692308
vt 0.150000 0.692308
vt 0.150000 0.769231
vt 0.100000 0.769231
vt 0.150000 0.692308
vt 0.200000 0.692308
vt 0.200000 0.769231
vt 0.150000 0.769231
vt 0.200000 0.692308
vt 0.250000 0.692308
vt 0.250000 0.769231
vt 0.200000 0.769231
vt 0.250000 0.692308
vt 0.300000 0.692308
vt 0.300000 0.769231
vt 0.250000 0.769231
vt 0.300000 0.692308
vt 0.350000 0.692308
vt 0.350000 0.769231
vt 0.300000 0.769231
vt 0.350000 0.692308
vt 0.400000 0.692308
vt 0.400000 0.769231
vt 0.350000 0.769231
vt 0.400000 0.692308
vt 0.450000 0.692308
vt 0.450000 0.769231
vt 0.400000 0.769231
vt 0.450000 0.692308
vt 0.500000 0.692308
vt 0.500000 0.769231
vt 0.450000 0.769231
vt 0.500000 0.692308
vt 0.550000 0.692308
vt 0.550000 0.769231
vt 0.500000 0.769231
vt 0.550000 0.692308
vt 0.600000 0.692308
vt 0.600000 0.769231
vt 0.550000 0.769231
vt 0.600000 0.692308
vt 0.650000 0.692308
vt 0.650000 0.769231
vt 0.600000 0.769231
vt 0.650000 0.692308
vt 0.700000 0.692308
vt 0.700000 0.769231
vt 0.650000 0.769231
vt 0.700000 0.692308
vt 0.750000 0.692308
vt 0.750000 0.769231
vt 0.700000 0.769231
vt 0.750000 0.692308
vt 0.800000 0.692308
vt 0.800000 0.769231
vt 0.750000 0.769231
vt 0.800000 0.692308
vt 0.850000 0.692308
vt 0.850000 0.769231
vt 0.800000 0.769231
vt 0.850000 0.692308
vt 0.900000 0.692308
vt 0.900000 0.769231
vt 0.850000 0.769231
vt 0.900000 0.692308
vt 0.950000 0.692308
vt 0.950000 0.769231
vt 0.900000 0.769231
vt 0.950000 0.692308
vt 1.000000 0.692308
vt 1.000000 0.769231
vt 0.950000 0.769231
vt 0.000000 0.769231
vt 0.050000 0.769231
vt 0.050000 0.846154
vt 0.000000 0.846154
vt 0.050000 0.769231
vt 0.100000 0.769231
vt 0.100000 0.846154
vt 0.050000 0.846154
vt 0.100000 0.769231
vt 0.150000 0.769231
vt 0.150000 0.846154
vt 0.100000 0.846154
vt 0.150000 0.769231
vt 0.200000 0.769231
vt 0.200000 0.846154
vt 0.150000 0.846154
vt 0.200000 0.769231
vt 0.250000 0.769231
vt 0.250000 0.846154
vt 0.200000 0.846154
vt 0.250000 0.769231
vt 0.300000 0.769231
vt 0.300000 0.846154
vt 0.250000 0.846154
vt 0.300000 0.769231
vt 0.350000 0.769231
vt 0.350000 0.846154
vt 0.300000 0.846154
vt 0.350000 0.769231
vt 0.400000 0.769231
vt 0.400000 0.846154
vt 0.350000 0.846154
vt 0.400000 0.769231
vt 0.450000 0.769231
vt 0.450000 0.846154
vt 0.400000 0.846154
vt 0.450000 0.769231
vt 0.500000 0.769231
vt 0.500000 0.846154
vt 0.450000 0.846154
vt 0.500000 0.769231
vt 0.550000 0.769231
vt 0.550000 0.846154
vt 0.500000 0.846154
vt 0.550000 0.769231
vt 0.600000 0.769231
vt 0.600000 0.846154
vt 0.550000 0.846154
vt 0.600000 0.769231
vt 0.650000 0.769231
vt 0.650000 0.846154
vt 0.600000 0.846154
vt 0.650000 0.769231
vt 0.700000 0.769231
vt 0.700000 0.846154
vt 0.650000 0.846154
vt 0.700000 0.769231
vt 0.750000 0.769231
vt 0.750000 0.846154
vt 0.700000 0.846154
vt 0.750000 0.769231
vt 0.800000 0.769231
vt 0.800000 0.846154
vt 0.750000 0.846154
vt 0.800000 0.769231
vt 0.850000 0.769231
vt 0.850000 0.846154
vt 0.800000 0.846154
vt 0.850000 0.769231
vt 0.900000 0.769231
vt 0.900000 0.846154
vt 0.850000 0.846154
vt 0.900000 0.769231
vt 0.950000 0.769231
vt 0.950000 0.846154
vt 0.900000 0.846154
vt 0.950000 0.769231
vt 1.000000 0.769231
vt 1.000000 0.846154
vt 0.950000 0.846154
vt 0.000000 0.846154
vt 0.050000 0.846154
vt 0.050000 0.923077
vt 0.000000 0.923077
vt 0.050000 0.846154
vt 0.100000 0.846154
vt 0.100000 0.923077
vt 0.050000 0.923077
vt 0.100000 0.846154
vt 0.150000 0.846154
vt 0.150000 0.923077
vt 0.100000 0.923077
vt 0.150000 0.846154
vt 0.200000 0.846154
vt 0.200000 0.923077
vt 0.150000 0.923077
vt 0.200000 0.846154
vt 0.250000 0.846154
vt 0.250000 0.923077
vt 0.200000 0.923077
vt 0.250000 0.846154
vt 0.300000 0.846154
vt 0.300000 0.923077
vt 0.250000 0.923077
vt 0.300000 0.846154
vt 0.350000 0.846154
vt 0.350000 0.923077
vt 0.300000 0.923077
vt 0.350000 0.846154
vt 0.400000 0.846154
vt 0.400000 0.923077
vt 0.350000 0.923077
vt 0.400000 0.846154
vt 0.450000 0.846154
vt 0.450000 0.923077
vt 0.400000 0.923077
vt 0.450000 0.846154
vt 0.500000 0.846154
vt 0.500000 0.923077
vt 0.450000 0.923077
vt 0.500000 0.846154
vt 0.550000 0.846154
vt 0.550000 0.923077
vt 0.500000 0.923077
vt 0.550000 0.846154
vt 0.600000 0.846154
vt 0.600000 0.923077
vt 0.550000 0.923077
vt 0.600000 0.846154
vt 0.650000 0.846154
vt 0.650000 0.923077
vt 0.600000 0.923077
vt 0.650000 0.846154
vt 0.700000 0.846154
vt 0.700000 0.923077
vt 0.650000 0.923077
vt 0.700000 0.846154
vt 0.750000 0.846154
vt 0.750000 0.923077
vt 0.700000 0.923077
vt 0.750000 0.846154
vt 0.800000 0.846154
vt 0.800000 0.923077
vt 0.750000 0.923077
vt 0.800000 0.846154
vt 0.850000 0.846154
vt 0.850000 0.923077
vt 0.800000 0.923077
vt 0.850000 0.846154
vt 0.900000 0.846154
vt 0.900000 0.923077
vt 0.850000 0.923077
vt 0.900000 0.846154
vt 0.950000 0.846154
vt 0.950000 0.923077
vt 0.900000 0.923077
vt 0.950000 0.846154
vt 1.000000 0.846154
vt 1.000000 0.923077
vt 0.950000 0.923077
vt 0.000000 0.923077
vt 0.050000 0.923077
vt 0.050000 1.000000
vt 0.000000 1.000000
vt 0.050000 0.923077
vt 0.100000 0.923077
vt 0.100000 1.000000
vt 0.050000 1.000000
vt 0.100000 0.923077
vt 0.150000 0.923077
vt 0.150000 1.000000
vt 0.100000 1.000000
vt 0.150000 0.923077
vt 0.200000 0.923077
vt 0.200000 1.000000
vt 0.150000 1.000000
vt 0.200000 0.923077
vt 0.250000 0.923077
vt 0.250000 1.000000
vt 0.200000 1.000000
vt 0.250000 0.923077
vt 0.300000 0.923077
vt 0.300000 1.000000
vt 0.250000 1.000000
vt 0.300000 0.923077
vt 0.350000 0.923077
vt 0.350000 1.000000
vt 0.300000 1.000000
vt 0.350000 0.923077
vt 0.400000 0.923077
vt 0.400000 1.000000
vt 0.350000 1.000000
vt 0.400000 0.923077
vt 0.450000 0.923077
vt 0.450000 1.000000
vt 0.400000 1.000000
vt 0.450000 0.923077
vt 0.500000 0.923077
vt 0.500000 1.000000
vt 0.450000 1.000000
vt 0.500000 0.923077
vt 0.550000 0.923077
vt 0.550000 1.000000
vt 0.500000 1.000000
vt 0.550000 0.923077
vt 0.600000 0.923077
vt 0.600000 1.000000
vt 0.550000 1.000000
vt 0.600000 0.923077
vt 0.650000 0.923077
vt 0.650000 1.000000
vt 0.600000 1.000000
vt 0.650000 0.923077
vt 0.700000 0.923077
vt 0.700000 1.000000
vt 0.650000 1.000000
vt 0.700000 0.923077
vt 0.750000 0.923077
vt 0.750000 1.000000
vt 0.700000 1.000000
vt 0.750000 0.923077
vt 0.800000 0.923077
vt 0.800000 1.000000
vt 0.750000 1.000000
vt 0.800000 0.923077
vt 0.850000 0.923077
vt 0.850000 1.000000
vt 0.800000 1.000000
vt 0.850000 0.923077
vt 0.900000 0.923077
vt 0.900000 1.000000
vt 0.850000 1.000000
vt 0.900000 0.923077
vt 0.950000 0.923077
vt 0.950000 1.000000
vt 0.900000 1.000000
vt 0.950000 0.923077
vt 1.000000 0.923077
vt 1.000000 1.000000
vt 0.950000 1.000000
vt 0.020000 0.888000
vt 0.043000 0.888000
vt 0.043000 0.612000
vt 0.020000 0.612000
vt 0.043000 0.888000
vt 0.066000 0.888000
vt 0.066000 0.612000
vt 0.043000 0.612000
vt 0.066000 0.888000
vt 0.089000 0.888000
vt 0.089000 0.612000
vt 0.066000 0.612000
vt 0.089000 0.888000
vt 0.112000 0.888000
vt 0.112000 0.612000
vt 0.089000 0.612000
vt 0.112000 0.888000
vt 0.135000 0.888000
vt 0.135000 0.612000
vt 0.112000 0.612000
vt 0.135000 0.888000
vt 0.158000 0.888000
vt 0.158000 0.612000
vt 0.135000 0.612000
vt 0.158000 0.888000
vt 0.181000 0.888000
vt 0.181000 0.612000
vt 0.158000 0.612000
vt 0.181000 0.888000
vt 0.204000 0.888000
vt 0.204000 0.612000
vt 0.181000 0.612000
vt 0.204000 0.888000
vt 0.227000 0.888000
vt 0.227000 0.612000
vt 0.204000 0.612000
vt 0.227000 0.888000
vt 0.250000 0.888000
vt 0.250000 0.612000
vt 0.227000 0.612000
vt 0.250000 0.888000
vt 0.273000 0.888000
vt 0.273000 0.612000
vt 0.250000 0.612000
vt 0.273000 0.888000
vt 0.296000 0.888000
vt 0.296000 0.612000
vt 0.273000 0.612000
vt 0.296000 0.888000
vt 0.319000 0.888000
vt 0.319000 0.612000
vt 0.296000 0.612000
vt 0.319000 0.888000
vt 0.342000 0.888000
vt 0.342000 0.612000
vt 0.319000 0.612000
vt 0.342000 0.888000
vt 0.365000 0.888000
vt 0.365000 0.612000
vt 0.342000 0.612000
vt 0.365000 0.888000
vt 0.388000 0.888000
vt 0.388000 0.612000
vt 0.365000 0.612000
vt 0.388000 0.888000
vt 0.411000 0.888000
vt 0.411000 0.612000
vt 0.388000 0.612000
vt 0.411000 0.888000
vt 0.434000 0.888000
vt 0.434000 0.612000
vt 0.411000 0.612000
vt 0.434000 0.888000
vt 0.457000 0.888000
vt 0.457000 0.612000
vt 0.434000 0.612000
vt 0.457000 0.888000
vt 0.480000 0.888000
vt 0.480000 0.612000
vt 0.457000 0.612000
vt 0.020000 0.888000
vt 0.043000 0.888000
vt 0.043000 0.612000
vt 0.020000 0.612000
vt 0.043000 0.888000
vt 0.066000 0.888000
vt 0.066000 0.612000
vt 0.043000 0.612000
vt 0.066000 0.888000
vt 0.089000 0.888000
vt 0.089000 0.612000
vt 0.066000 0.612000
vt 0.089000 0.888000
vt 0.112000 0.888000
vt 0.112000 0.612000
vt 0.089000 0.612000
vt 0.112000 0.888000
vt 0.135000 0.888000
vt 0.135000 0.612000
vt 0.112000 0.612000
vt 0.135000 0.888000
vt 0.158000 0.888000
vt 0.158000 0.612000
vt 0.135000 0.612000
vt 0.158000 0.888000
vt 0.181000 0.888000
vt 0.181000 0.612000
vt 0.158000 0.612000
vt 0.181000 0.888000
vt 0.204000 0.888000
vt 0.204000 0.612000
vt 0.181000 0.612000
vt 0.204000 0.888000
vt 0.227000 0.888000
vt 0.227000 0.612000
vt 0.204000 0.612000
vt 0.227000 0.888000
vt 0.250000 0.888000
vt 0.250000 0.612000
vt 0.227000 0.612000
vt 0.250000 0.888000
vt 0.273000 0.888000
vt 0.273000 0.612000
vt 0.250000 0.612000
vt 0.273000 0.888000
vt 0.296000 0.888000
vt 0.296000 0.612000
vt 0.273000 0.612000
vt 0.296000 0.888000
vt 0.319000 0.888000
vt 0.319000 0.612000
vt 0.296000 0.612000
vt 0.319000 0.888000
vt 0.342000 0.888000
vt 0.342000 0.612000
vt 0.319000 0.612000
vt 0.342000 0.888000
vt 0.365000 0.888000
vt 0.365000 0.612000
vt 0.342000 0.612000
vt 0.365000 0.888000
vt 0.388000 0.888000
vt 0.388000 0.612000
vt 0.365000 0.612000
vt 0.388000 0.888000
vt 0.411000 0.888000
vt 0.411000 0.612000
vt 0.388000 0.612000
vt 0.411000 0.888000
vt 0.434000 0.888000
vt 0.434000 0.612000
vt 0.411000 0.612000
vt 0.434000 0.888000
vt 0.457000 0.888000
vt 0.457000 0.612000
vt 0.434000 0.612000
vt 0.457000 0.888000
vt 0.480000 0.888000
vt 0.480000 0.612000
vt 0.457000 0.612000
vt 0.020000 0.957000
vt 0.043000 0.957000
vt 0.043000 0.888000
vt 0.020000 0.888000
vt 0.043000 0.957000
vt 0.066000 0.957000
vt 0.066000 0.888000
vt 0.043000 0.888000
vt 0.066000 0.957000
vt 0.089000 0.957000
vt 0.089000 0.888000
vt 0.066000 0.888000
vt 0.089000 0.957000
vt 0.112000 0.957000
vt 0.112000 0.888000
vt 0.089000 0.888000
vt 0.112000 0.957000
vt 0.135000 0.957000
vt 0.135000 0.888000
vt 0.112000 0.888000
vt 0.135000 0.957000
vt 0.158000 0.957000
vt 0.158000 0.888000
vt 0.135000 0.888000
vt 0.158000 0.957000
vt 0.181000 0.957000
vt 0.181000 0.888000
vt 0.158000 0.888000
vt 0.181000 0.957000
vt 0.204000 0.957000
vt 0.204000 0.888000
vt 0.181000 0.888000
vt 0.204000 0.957000
vt 0.227000 0.957000
vt 0.227000 0.888000
vt 0.204000 0.888000
vt 0.227000 0.957000
vt 0.250000 0.957000
vt 0.250000 0.888000
vt 0.227000 0.888000
vt 0.250000 0.957000
vt 0.273000 0.957000
vt 0.273000 0.888000
vt 0.250000 0.888000
vt 0.273000 0.957000
vt 0.296000 0.957000
vt 0.296000 0.888000
vt 0.273000 0.888000
vt 0.296000 0.957000
vt 0.319000 0.957000
vt 0.319000 0.888000
vt 0.296000 0.888000
vt 0.319000 0.957000
vt 0.342000 0.957000
vt 0.342000 0.888000
vt 0.319000 0.888000
vt 0.342000 0.957000
vt 0.365000 0.957000
vt 0.365000 0.888000
vt 0.342000 0.888000
vt 0.365000 0.957000
vt 0.388000 0.957000
vt 0.388000 0.888000
vt 0.365000 0.888000
vt 0.388000 0.957000
vt 0.411000 0.957000
vt 0.411000 0.888000
vt 0.388000 0.888000
vt 0.411000 0.957000
vt 0.434000 0.957000
vt 0.434000 0.888000
vt 0.411000 0.888000
vt 0.434000 0.957000
vt 0.457000 0.957000
vt 0.457000 0.888000
vt 0.434000 0.888000
vt 0.457000 0.957000
vt 0.480000 0.957000
vt 0.480000 0.888000
vt 0.457000 0.888000
vt 0.424994 0.693141
vt 0.434000 0.750000
vt 0.250000 0.750000
vt 0.398859 0.641848
vt 0.424994 0.693141
vt 0.250000 0.750000
vt 0.358152 0.601141
vt 0.398859 0.641848
vt 0.250000 0.750000
vt 0.306859 0.575006
vt 0.358152 0.601141
vt 0.250000 0.750000
vt 0.250000 0.566000
vt 0.306859 0.575006
vt 0.250000 0.750000
vt 0.193141 0.575006
vt 0.250000 0.566000
vt 0.250000 0.750000
vt 0.141848 0.601141
vt 0.193141 0.575006
vt 0.250000 0.750000
vt 0.101141 0.641848
vt 0.141848 0.601141
vt 0.250000 0.750000
vt 0.075006 0.693141
vt 0.101141 0.641848
vt 0.250000 0.750000
vt 0.066000 0.750000
vt 0.075006 0.693141
vt 0.250000 0.750000
vt 0.075006 0.806859
vt 0.066000 0.750000
vt 0.250000 0.750000
vt 0.101141 0.858152
vt 0.075006 0.806859
vt 0.250000 0.750000
vt 0.141848 0.898859
vt 0.101141 0.858152
vt 0.250000 0.750000
vt 0.193141 0.924994
vt 0.141848 0.898859
vt 0.250000 0.750000
vt 0.250000 0.934000
vt 0.193141 0.924994
vt 0.250000 0.750000
vt 0.306859 0.924994
vt 0.250000 0.934000
vt 0.250000 0.750000
vt 0.358152 0.898859
vt 0.306859 0.924994
vt 0.250000 0.750000
vt 0.398859 0.858152
vt 0.358152 0.898859
vt 0.250000 0.750000
vt 0.424994 0.806859
vt 0.398859 0.858152
vt 0.250000 0.750000
vt 0.434000 0.750000
vt 0.424994 0.806859
vt 0.250000 0.750000
vn -0.523920 -0.001292 -0.851766
vn -0.523920 -0.001292 -0.851766
vn -0.523933 -0.002587 -0.851756
vn -0.523933 -0.002587 -0.851756
vn -0.997016 0.001007 -0.077188
vn -0.997016 0.001007 -0.077188
vn -0.997016 0.000889 -0.077187
vn -0.997016 0.000889 -0.077187
vn -0.986515 0.002208 0.163653
vn -0.986515 0.002208 0.163653
vn -0.986516 0.002456 0.163645
vn -0.986516 0.002456 0.163645
vn 0.986515 0.002208 0.163653
vn 0.986515 0.002208 0.163653
vn 0.986516 0.002456 0.163645
vn 0.986516 0.002456 0.163645
vn 0.997016 0.001007 -0.077188
vn 0.997016 0.001007 -0.077188
vn 0.997016 0.000889 -0.077187
vn 0.997016 0.000889 -0.077187
vn 0.523920 -0.001292 -0.851766
vn 0.523920 -0.001292 -0.851766
vn 0.523933 -0.002587 -0.851756
vn 0.523933 -0.002587 -0.851756
vn -0.523933 -0.002587 -0.851756
vn -0.523933 -0.002587 -0.851756
vn -0.523957 -0.005179 -0.851729
vn -0.523957 -0.005179 -0.851729
vn -0.997016 0.000889 -0.077187
vn -0.997016 0.000889 -0.077187
vn -0.997017 0.000654 -0.077184
vn -0.997017 0.000654 -0.077184
vn -0.986516 0.002456 0.163645
vn -0.986516 0.002456 0.163645
vn -0.986518 0.002954 0.163626
vn -0.986518 0.002954 0.163626
vn 0.986516 0.002456 0.163645
vn 0.986516 0.002456 0.163645
vn 0.986518 0.002954 0.163626
vn 0.986518 0.002954 0.163626
vn 0.997016 0.000889 -0.077187
vn 0.997016 0.000889 -0.077187
vn 0.997017 0.000654 -0.077184
vn 0.997017 0.000654 -0.077184
vn 0.523933 -0.002587 -0.851756
vn 0.523933 -0.002587 -0.851756
vn 0.523957 -0.005179 -0.851729
vn 0.523957 -0.005179 -0.851729
vn -0.523957 -0.005179 -0.851729
vn -0.523957 -0.005179 -0.851729
vn -0.523981 -0.007770 -0.851694
vn -0.523981 -0.007770 -0.851694
vn -0.997017 0.000654 -0.077184
vn -0.997017 0.000654 -0.077184
vn -0.997017 0.000420 -0.077181
vn -0.997017 0.000420 -0.077181
vn -0.986518 0.002954 0.163626
vn -0.986518 0.002954 0.163626
vn -0.986520 0.003452 0.163606
vn -0.986520 0.003452 0.163606
vn 0.986518 0.002954 0.163626
vn 0.986518 0.002954 0.163626
vn 0.986520 0.003452 0.163606
vn 0.986520 0.003452 0.163606
vn 0.997017 0.000654 -0.077184
vn 0.997017 0.000654 -0.077184
vn 0.997017 0.000420 -0.077181
vn 0.997017 0.000420 -0.077181
vn 0.523957 -0.005179 -0.851729
vn 0.523957 -0.005179 -0.851729
vn 0.523981 -0.007770 -0.851694
vn 0.523981 -0.007770 -0.851694
vn -0.523981 -0.007770 -0.851694
vn -0.523981 -0.007770 -0.851694
vn -0.524006 -0.010361 -0.851652
vn -0.524006 -0.010361 -0.851652
vn -0.997017 0.000420 -0.077181
vn -0.997017 0.000420 -0.077181
vn -0.997017 0.000185 -0.077177
vn -0.997017 0.000185 -0.077177
vn -0.986520 0.003452 0.163606
vn -0.986520 0.003452 0.163606
vn -0.986521 0.003950 0.163585
vn -0.986521 0.003950 0.163585
vn 0.986520 0.003452 0.163606
vn 0.986520 0.003452 0.163606
vn 0.986521 0.003950 0.163585
vn 0.986521 0.003950 0.163585
vn 0.997017 0.000420 -0.077181
vn 0.997017 0.000420 -0.077181
vn 0.997017 0.000185 -0.077177
vn 0.997017 0.000185 -0.077177
vn 0.523981 -0.007770 -0.851694
vn 0.523981 -0.007770 -0.851694
vn 0.524006 -0.010361 -0.851652
vn 0.524006 -0.010361 -0.851652
vn -0.524006 -0.010361 -0.851652
vn -0.524006 -0.010361 -0.851652
vn -0.524031 -0.012952 -0.851601
vn -0.524031 -0.012952 -0.851601
vn -0.997017 0.000185 -0.077177
vn -0.997017 0.000185 -0.077177
vn -0.997018 -0.000050 -0.077172
vn -0.997018 -0.000050 -0.077172
vn -0.986521 0.003950 0.163585
vn -0.986521 0.003950 0.163585
vn -0.986523 0.004447 0.163562
vn -0.986523 0.004447 0.163562
vn 0.986521 0.003950 0.163585
vn 0.986521 0.003950 0.163585
vn 0.986523 0.004447 0.163562
vn 0.986523 0.004447 0.163562
vn 0.997017 0.000185 -0.077177
vn 0.997017 0.000185 -0.077177
vn 0.997018 -0.000050 -0.077172
vn 0.997018 -0.000050 -0.077172
vn 0.524006 -0.010361 -0.851652
vn 0.524006 -0.010361 -0.851652
vn 0.524031 -0.012952 -0.851601
vn 0.524031 -0.012952 -0.851601
vn -0.524031 -0.012952 -0.851601
vn -0.524031 -0.012952 -0.851601
vn -0.524056 -0.015543 -0.851542
vn -0.524056 -0.015543 -0.851542
vn -0.997018 -0.000050 -0.077172
vn -0.997018 -0.000050 -0.077172
vn -0.997018 -0.000284 -0.077166
vn -0.997018 -0.000284 -0.077166
vn -0.986523 0.004447 0.163562
vn -0.986523 0.004447 0.163562
vn -0.986525 0.004944 0.163537
vn -0.986525 0.004944 0.163537
vn 0.986523 0.004447 0.163562
vn 0.986523 0.004447 0.163562
vn 0.986525 0.004944 0.163537
vn 0.986525 0.004944 0.163537
vn 0.997018 -0.000050 -0.077172
vn 0.997018 -0.000050 -0.077172
vn 0.997018 -0.000284 -0.077166
vn 0.997018 -0.000284 -0.077166
vn 0.524031 -0.012952 -0.851601
vn 0.524031 -0.012952 -0.851601
vn 0.524056 -0.015543 -0.851542
vn 0.524056 -0.015543 -0.851542
vn -0.524056 -0.015543 -0.851542
vn -0.524056 -0.015543 -0.851542
vn -0.524081 -0.018133 -0.851475
vn -0.524081 -0.018133 -0.851475
vn -0.997018 -0.000284 -0.077166
vn -0.997018 -0.000284 -0.077166
vn -0.997019 -0.000519 -0.077160
vn -0.997019 -0.000519 -0.077160
vn -0.986525 0.004944 0.163537
vn -0.986525 0.004944 0.163537
vn -0.986527 0.005442 0.163510
vn -0.986527 0.005442 0.163510
vn 0.986525 0.004944 0.163537
vn 0.986525 0.004944 0.163537
vn 0.986527 0.005442 0.163510
vn 0.986527 0.005442 0.163510
vn 0.997018 -0.000284 -0.077166
vn 0.997018 -0.000284 -0.077166
vn 0.997019 -0.000519 -0.077160
vn 0.997019 -0.000519 -0.077160
vn 0.524056 -0.015543 -0.851542
vn 0.524056 -0.015543 -0.851542
vn 0.524081 -0.018133 -0.851475
vn 0.524081 -0.018133 -0.851475
vn -0.524081 -0.018133 -0.851475
vn -0.524081 -0.018133 -0.851475
vn -0.524107 -0.020723 -0.851400
vn -0.524107 -0.020723 -0.851400
vn -0.997019 -0.000519 -0.077160
vn -0.997019 -0.000519 -0.077160
vn -0.997019 -0.000754 -0.077153
vn -0.997019 -0.000754 -0.077153
vn -0.986527 0.005442 0.163510
vn -0.986527 0.005442 0.163510
vn -0.986528 0.005939 0.163482
vn -0.986528 0.005939 0.163482
vn 0.986527 0.005442 0.163510
vn 0.986527 0.005442 0.163510
vn 0.986528 0.005939 0.163482
vn 0.986528 0.005939 0.163482
vn 0.997019 -0.000519 -0.077160
vn 0.997019 -0.000519 -0.077160
vn 0.997019 -0.000754 -0.077153
vn 0.997019 -0.000754 -0.077153
vn 0.524081 -0.018133 -0.851475
vn 0.524081 -0.018133 -0.851475
vn 0.524107 -0.020723 -0.851400
vn 0.524107 -0.020723 -0.851400
vn -0.524107 -0.020723 -0.851400
vn -0.524107 -0.020723 -0.851400
vn -0.524133 -0.023313 -0.851317
vn -0.524133 -0.023313 -0.851317
vn -0.997019 -0.000754 -0.077153
vn -0.997019 -0.000754 -0.077153
vn -0.997019 -0.000988 -0.077145
vn -0.997019 -0.000988 -0.077145
vn -0.986528 0.005939 0.163482
vn -0.986528 0.005939 0.163482
vn -0.986530 0.006436 0.163453
vn -0.986530 0.006436 0.163453
vn 0.986528 0.005939 0.163482
vn 0.986528 0.005939 0.163482
vn 0.986530 0.006436 0.163453
vn 0.986530 0.006436 0.163453
vn 0.997019 -0.000754 -0.077153
vn 0.997019 -0.000754 -0.077153
vn 0.997019 -0.000988 -0.077145
vn 0.997019 -0.000988 -0.077145
vn 0.524107 -0.020723 -0.851400
vn 0.524107 -0.020723 -0.851400
vn 0.524133 -0.023313 -0.851317
vn 0.524133 -0.023313 -0.851317
vn -0.524133 -0.023313 -0.851317
vn -0.524133 -0.023313 -0.851317
vn -0.524159 -0.025902 -0.851226
vn -0.524159 -0.025902 -0.851226
vn -0.997019 -0.000988 -0.077145
vn -0.997019 -0.000988 -0.077145
vn -0.997020 -0.001223 -0.077136
vn -0.997020 -0.001223 -0.077136
vn -0.986530 0.006436 0.163453
vn -0.986530 0.006436 0.163453
vn -0.986532 0.006933 0.163421
vn -0.986532 0.006933 0.163421
vn 0.986530 0.006436 0.163453
vn 0.986530 0.006436 0.163453
vn 0.986532 0.006933 0.163421
vn 0.986532 0.006933 0.163421
vn 0.997019 -0.000988 -0.077145
vn 0.997019 -0.000988 -0.077145
vn 0.997020 -0.001223 -0.077136
vn 0.997020 -0.001223 -0.077136
vn 0.524133 -0.023313 -0.851317
vn 0.524133 -0.023313 -0.851317
vn 0.524159 -0.025902 -0.851226
vn 0.524159 -0.025902 -0.851226
vn -0.524159 -0.025902 -0.851226
vn -0.524159 -0.025902 -0.851226
vn -0.524186 -0.028492 -0.851127
vn -0.524186 -0.028492 -0.851127
vn -0.997020 -0.001223 -0.077136
vn -0.997020 -0.001223 -0.077136
vn -0.997020 -0.001457 -0.077127
vn -0.997020 -0.001457 -0.077127
vn -0.986532 0.006933 0.163421
vn -0.986532 0.006933 0.163421
vn -0.986534 0.007430 0.163388
vn -0.986534 0.007430 0.163388
vn 0.986532 0.006933 0.163421
vn 0.986532 0.006933 0.163421
vn 0.986534 0.007430 0.163388
vn 0.986534 0.007430 0.163388
vn 0.997020 -0.001223 -0.077136
vn 0.997020 -0.001223 -0.077136
vn 0.997020 -0.001457 -0.077127
vn 0.997020 -0.001457 -0.077127
vn 0.524159 -0.025902 -0.851226
vn 0.524159 -0.025902 -0.851226
vn 0.524186 -0.028492 -0.851127
vn 0.524186 -0.028492 -0.851127
vn -0.524186 -0.028492 -0.851127
vn -0.524186 -0.028492 -0.851127
vn -0.524212 -0.031080 -0.851020
vn -0.524212 -0.031080 -0.851020
vn -0.997020 -0.001457 -0.077127
vn -0.997020 -0.001457 -0.077127
vn -0.997021 -0.001692 -0.077117
vn -0.997021 -0.001692 -0.077117
vn -0.986534 0.007430 0.163388
vn -0.986534 0.007430 0.163388
vn -0.986536 0.007926 0.163354
vn -0.986536 0.007926 0.163354
vn 0.986534 0.007430 0.163388
vn 0.986534 0.007430 0.163388
vn 0.986536 0.007926 0.163354
vn 0.986536 0.007926 0.163354
vn 0.997020 -0.001457 -0.077127
vn 0.997020 -0.001457 -0.077127
vn 0.997021 -0.001692 -0.077117
vn 0.997021 -0.001692 -0.077117
vn 0.524186 -0.028492 -0.851127
vn 0.524186 -0.028492 -0.851127
vn 0.524212 -0.031080 -0.851020
vn 0.524212 -0.031080 -0.851020
vn -0.524212 -0.031080 -0.851020
vn -0.524212 -0.031080 -0.851020
vn -0.524239 -0.033669 -0.850905
vn -0.524239 -0.033669 -0.850905
vn -0.997021 -0.001692 -0.077117
vn -0.997021 -0.001692 -0.077117
vn -0.997021 -0.001926 -0.077106
vn -0.997021 -0.001926 -0.077106
vn -0.986536 0.007926 0.163354
vn -0.986536 0.007926 0.163354
vn -0.986538 0.008423 0.163318
vn -0.986538 0.008423 0.163318
vn 0.986536 0.007926 0.163354
vn 0.986536 0.007926 0.163354
vn 0.986538 0.008423 0.163318
vn 0.986538 0.008423 0.163318
vn 0.997021 -0.001692 -0.077117
vn 0.997021 -0.001692 -0.077117
vn 0.997021 -0.001926 -0.077106
vn 0.997021 -0.001926 -0.077106
vn 0.524212 -0.031080 -0.851020
vn 0.524212 -0.031080 -0.851020
vn 0.524239 -0.033669 -0.850905
vn 0.524239 -0.033669 -0.850905
vn -0.524239 -0.033669 -0.850905
vn -0.524239 -0.033669 -0.850905
vn -0.524267 -0.036257 -0.850782
vn -0.524267 -0.036257 -0.850782
vn -0.997021 -0.001926 -0.077106
vn -0.997021 -0.001926 -0.077106
vn -0.997021 -0.002160 -0.077094
vn -0.997021 -0.002160 -0.077094
vn -0.986538 0.008423 0.163318
vn -0.986538 0.008423 0.163318
vn -0.986539 0.008919 0.163280
vn -0.986539 0.008919 0.163280
vn 0.986538 0.008423 0.163318
vn 0.986538 0.008423 0.163318
vn 0.986539 0.008919 0.163280
vn 0.986539 0.008919 0.163280
vn 0.997021 -0.001926 -0.077106
vn 0.997021 -0.001926 -0.077106
vn 0.997021 -0.002160 -0.077094
vn 0.997021 -0.002160 -0.077094
vn 0.524239 -0.033669 -0.850905
vn 0.524239 -0.033669 -0.850905
vn 0.524267 -0.036257 -0.850782
vn 0.524267 -0.036257 -0.850782
vn -0.524267 -0.036257 -0.850782
vn -0.524267 -0.036257 -0.850782
vn -0.524294 -0.038844 -0.850651
vn -0.524294 -0.038844 -0.850651
vn -0.997021 -0.002160 -0.077094
vn -0.997021 -0.002160 -0.077094
vn -0.997022 -0.002395 -0.077082
vn -0.997022 -0.002395 -0.077082
vn -0.986539 0.008919 0.163280
vn -0.986539 0.008919 0.163280
vn -0.986541 0.009415 0.163240
vn -0.986541 0.009415 0.163240
vn 0.986539 0.008919 0.163280
vn 0.986539 0.008919 0.163280
vn 0.986541 0.009415 0.163240
vn 0.986541 0.009415 0.163240
vn 0.997021 -0.002160 -0.077094
vn 0.997021 -0.002160 -0.077094
vn 0.997022 -0.002395 -0.077082
vn 0.997022 -0.002395 -0.077082
vn 0.524267 -0.036257 -0.850782
vn 0.524267 -0.036257 -0.850782
vn 0.524294 -0.038844 -0.850651
vn 0.524294 -0.038844 -0.850651
vn -0.524294 -0.038844 -0.850651
vn -0.524294 -0.038844 -0.850651
vn -0.524322 -0.041431 -0.850512
vn -0.524322 -0.041431 -0.850512
vn -0.997022 -0.002395 -0.077082
vn -0.997022 -0.002395 -0.077082
vn -0.997022 -0.002629 -0.077068
vn -0.997022 -0.002629 -0.077068
vn -0.986541 0.009415 0.163240
vn -0.986541 0.009415 0.163240
vn -0.986543 0.009911 0.163199
vn -0.986543 0.009911 0.163199
vn 0.986541 0.009415 0.163240
vn 0.986541 0.009415 0.163240
vn 0.986543 0.009911 0.163199
vn 0.986543 0.009911 0.163199
vn 0.997022 -0.002395 -0.077082
vn 0.997022 -0.002395 -0.077082
vn 0.997022 -0.002629 -0.077068
vn 0.997022 -0.002629 -0.077068
vn 0.524294 -0.038844 -0.850651
vn 0.524294 -0.038844 -0.850651
vn 0.524322 -0.041431 -0.850512
vn 0.524322 -0.041431 -0.850512
vn -0.524322 -0.041431 -0.850512
vn -0.524322 -0.041431 -0.850512
vn -0.524350 -0.044018 -0.850364
vn -0.524350 -0.044018 -0.850364
vn -0.997022 -0.002629 -0.077068
vn -0.997022 -0.002629 -0.077068
vn -0.997023 -0.002863 -0.077054
vn -0.997023 -0.002863 -0.077054
vn -0.986543 0.009911 0.163199
vn -0.986543 0.009911 0.163199
vn -0.986545 0.010407 0.163157
vn -0.986545 0.010407 0.163157
vn 0.986543 0.009911 0.163199
vn 0.986543 0.009911 0.163199
vn 0.986545 0.010407 0.163157
vn 0.986545 0.010407 0.163157
vn 0.997022 -0.002629 -0.077068
vn 0.997022 -0.002629 -0.077068
vn 0.997023 -0.002863 -0.077054
vn 0.997023 -0.002863 -0.077054
vn 0.524322 -0.041431 -0.850512
vn 0.524322 -0.041431 -0.850512
vn 0.524350 -0.044018 -0.850364
vn 0.524350 -0.044018 -0.850364
vn -0.524350 -0.044018 -0.850364
vn -0.524350 -0.044018 -0.850364
vn -0.524379 -0.046604 -0.850209
vn -0.524379 -0.046604 -0.850209
vn -0.997023 -0.002863 -0.077054
vn -0.997023 -0.002863 -0.077054
vn -0.997023 -0.003097 -0.077040
vn -0.997023 -0.003097 -0.077040
vn -0.986545 0.010407 0.163157
vn -0.986545 0.010407 0.163157
vn -0.986547 0.010903 0.163112
vn -0.986547 0.010903 0.163112
vn 0.986545 0.010407 0.163157
vn 0.986545 0.010407 0.163157
vn 0.986547 0.010903 0.163112
vn 0.986547 0.010903 0.163112
vn 0.997023 -0.002863 -0.077054
vn 0.997023 -0.002863 -0.077054
vn 0.997023 -0.003097 -0.077040
vn 0.997023 -0.003097 -0.077040
vn 0.524350 -0.044018 -0.850364
vn 0.524350 -0.044018 -0.850364
vn 0.524379 -0.046604 -0.850209
vn 0.524379 -0.046604 -0.850209
vn -0.524379 -0.046604 -0.850209
vn -0.524379 -0.046604 -0.850209
vn -0.524407 -0.049189 -0.850046
vn -0.524407 -0.049189 -0.850046
vn -0.997023 -0.003097 -0.077040
vn -0.997023 -0.003097 -0.077040
vn -0.997024 -0.003331 -0.077024
vn -0.997024 -0.003331 -0.077024
vn -0.986547 0.010903 0.163112
vn -0.986547 0.010903 0.163112
vn -0.986549 0.011398 0.163067
vn -0.986549 0.011398 0.163067
vn 0.986547 0.010903 0.163112
vn 0.986547 0.010903 0.163112
vn 0.986549 0.011398 0.163067
vn 0.986549 0.011398 0.163067
vn 0.997023 -0.003097 -0.077040
vn 0.997023 -0.003097 -0.077040
vn 0.997024 -0.003331 -0.077024
vn 0.997024 -0.003331 -0.077024
vn 0.524379 -0.046604 -0.850209
vn 0.524379 -0.046604 -0.850209
vn 0.524407 -0.049189 -0.850046
vn 0.524407 -0.049189 -0.850046
vn -0.524407 -0.049189 -0.850046
vn -0.524407 -0.049189 -0.850046
vn -0.524436 -0.051774 -0.849874
vn -0.524436 -0.051774 -0.849874
vn -0.997024 -0.003331 -0.077024
vn -0.997024 -0.003331 -0.077024
vn -0.997024 -0.003565 -0.077008
vn -0.997024 -0.003565 -0.077008
vn -0.986549 0.011398 0.163067
vn -0.986549 0.011398 0.163067
vn -0.986551 0.011893 0.163019
vn -0.986551 0.011893 0.163019
vn 0.986549 0.011398 0.163067
vn 0.986549 0.011398 0.163067
vn 0.986551 0.011893 0.163019
vn 0.986551 0.011893 0.163019
vn 0.997024 -0.003331 -0.077024
vn 0.997024 -0.003331 -0.077024
vn 0.997024 -0.003565 -0.077008
vn 0.997024 -0.003565 -0.077008
vn 0.524407 -0.049189 -0.850046
vn 0.524407 -0.049189 -0.850046
vn 0.524436 -0.051774 -0.849874
vn 0.524436 -0.051774 -0.849874
vn -0.524436 -0.051774 -0.849874
vn -0.524436 -0.051774 -0.849874
vn -0.524466 -0.054359 -0.849695
vn -0.524466 -0.054359 -0.849695
vn -0.997024 -0.003565 -0.077008
vn -0.997024 -0.003565 -0.077008
vn -0.997025 -0.003799 -0.076991
vn -0.997025 -0.003799 -0.076991
vn -0.986551 0.011893 0.163019
vn -0.986551 0.011893 0.163019
vn -0.986553 0.012389 0.162970
vn -0.986553 0.012389 0.162970
vn 0.986551 0.011893 0.163019
vn 0.986551 0.011893 0.163019
vn 0.986553 0.012389 0.162970
vn 0.986553 0.012389 0.162970
vn 0.997024 -0.003565 -0.077008
vn 0.997024 -0.003565 -0.077008
vn 0.997025 -0.003799 -0.076991
vn 0.997025 -0.003799 -0.076991
vn 0.524436 -0.051774 -0.849874
vn 0.524436 -0.051774 -0.849874
vn 0.524466 -0.054359 -0.849695
vn 0.524466 -0.054359 -0.849695
vn -0.524466 -0.054359 -0.849695
vn -0.524466 -0.054359 -0.849695
vn -0.524495 -0.056942 -0.849507
vn -0.524495 -0.056942 -0.849507
vn -0.997025 -0.003799 -0.076991
vn -0.997025 -0.003799 -0.076991
vn -0.997025 -0.004033 -0.076973
vn -0.997025 -0.004033 -0.076973
vn -0.986553 0.012389 0.162970
vn -0.986553 0.012389 0.162970
vn -0.986555 0.012883 0.162919
vn -0.986555 0.012883 0.162919
vn 0.986553 0.012389 0.162970
vn 0.986553 0.012389 0.162970
vn 0.986555 0.012883 0.162919
vn 0.986555 0.012883 0.162919
vn 0.997025 -0.003799 -0.076991
vn 0.997025 -0.003799 -0.076991
vn 0.997025 -0.004033 -0.076973
vn 0.997025 -0.004033 -0.076973
vn 0.524466 -0.054359 -0.849695
vn 0.524466 -0.054359 -0.849695
vn 0.524495 -0.056942 -0.849507
vn 0.524495 -0.056942 -0.849507
vn -0.524495 -0.056942 -0.849507
vn -0.524495 -0.056942 -0.849507
vn -0.524525 -0.059525 -0.849311
vn -0.524525 -0.059525 -0.849311
vn -0.997025 -0.004033 -0.076973
vn -0.997025 -0.004033 -0.076973
vn -0.997026 -0.004267 -0.076954
vn -0.997026 -0.004267 -0.076954
vn -0.986555 0.012883 0.162919
vn -0.986555 0.012883 0.162919
vn -0.986557 0.013378 0.162866
vn -0.986557 0.013378 0.162866
vn 0.986555 0.012883 0.162919
vn 0.986555 0.012883 0.162919
vn 0.986557 0.013378 0.162866
vn 0.986557 0.013378 0.162866
vn 0.997025 -0.004033 -0.076973
vn 0.997025 -0.004033 -0.076973
vn 0.997026 -0.004267 -0.076954
vn 0.997026 -0.004267 -0.076954
vn 0.524495 -0.056942 -0.849507
vn 0.524495 -0.056942 -0.849507
vn 0.524525 -0.059525 -0.849311
vn 0.524525 -0.059525 -0.849311
vn -0.524525 -0.059525 -0.849311
vn -0.524525 -0.059525 -0.849311
vn -0.524556 -0.062108 -0.849108
vn -0.524556 -0.062108 -0.849108
vn -0.997026 -0.004267 -0.076954
vn -0.997026 -0.004267 -0.076954
vn -0.997026 -0.004500 -0.076935
vn -0.997026 -0.004500 -0.076935
vn -0.986557 0.013378 0.162866
vn -0.986557 0.013378 0.162866
vn -0.986560 0.013873 0.162812
vn -0.986560 0.013873 0.162812
vn 0.986557 0.013378 0.162866
vn 0.986557 0.013378 0.162866
vn 0.986560 0.013873 0.162812
vn 0.986560 0.013873 0.162812
vn 0.997026 -0.004267 -0.076954
vn 0.997026 -0.004267 -0.076954
vn 0.997026 -0.004500 -0.076935
vn 0.997026 -0.004500 -0.076935
vn 0.524525 -0.059525 -0.849311
vn 0.524525 -0.059525 -0.849311
vn 0.524556 -0.062108 -0.849108
vn 0.524556 -0.062108 -0.849108
vn -0.524556 -0.062108 -0.849108
vn -0.524556 -0.062108 -0.849108
vn -0.524586 -0.064690 -0.848896
vn -0.524586 -0.064690 -0.848896
vn -0.997026 -0.004500 -0.076935
vn -0.997026 -0.004500 -0.076935
vn -0.997026 -0.004734 -0.076914
vn -0.997026 -0.004734 -0.076914
vn -0.986560 0.013873 0.162812
vn -0.986560 0.013873 0.162812
vn -0.986562 0.014367 0.162757
vn -0.986562 0.014367 0.162757
vn 0.986560 0.013873 0.162812
vn 0.986560 0.013873 0.162812
vn 0.986562 0.014367 0.162757
vn 0.986562 0.014367 0.162757
vn 0.997026 -0.004500 -0.076935
vn 0.997026 -0.004500 -0.076935
vn 0.997026 -0.004734 -0.076914
vn 0.997026 -0.004734 -0.076914
vn 0.524556 -0.062108 -0.849108
vn 0.524556 -0.062108 -0.849108
vn 0.524586 -0.064690 -0.848896
vn 0.524586 -0.064690 -0.848896
vn -0.524586 -0.064690 -0.848896
vn -0.524586 -0.064690 -0.848896
vn -0.524617 -0.067270 -0.848676
vn -0.524617 -0.067270 -0.848676
vn -0.997026 -0.004734 -0.076914
vn -0.997026 -0.004734 -0.076914
vn -0.997027 -0.004967 -0.076893
vn -0.997027 -0.004967 -0.076893
vn -0.986562 0.014367 0.162757
vn -0.986562 0.014367 0.162757
vn -0.986564 0.014861 0.162699
vn -0.986564 0.014861 0.162699
vn 0.986562 0.014367 0.162757
vn 0.986562 0.014367 0.162757
vn 0.986564 0.014861 0.162699
vn 0.986564 0.014861 0.162699
vn 0.997026 -0.004734 -0.076914
vn 0.997026 -0.004734 -0.076914
vn 0.997027 -0.004967 -0.076893
vn 0.997027 -0.004967 -0.076893
vn 0.524586 -0.064690 -0.848896
vn 0.524586 -0.064690 -0.848896
vn 0.524617 -0.067270 -0.848676
vn 0.524617 -0.067270 -0.848676
vn -0.524617 -0.067270 -0.848676
vn -0.524617 -0.067270 -0.848676
vn -0.524649 -0.069851 -0.848448
vn -0.524649 -0.069851 -0.848448
vn -0.997027 -0.004967 -0.076893
vn -0.997027 -0.004967 -0.076893
vn -0.997027 -0.005201 -0.076872
vn -0.997027 -0.005201 -0.076872
vn -0.986564 0.014861 0.162699
vn -0.986564 0.014861 0.162699
vn -0.986566 0.015355 0.162640
vn -0.986566 0.015355 0.162640
vn 0.986564 0.014861 0.162699
vn 0.986564 0.014861 0.162699
vn 0.986566 0.015355 0.162640
vn 0.986566 0.015355 0.162640
vn 0.997027 -0.004967 -0.076893
vn 0.997027 -0.004967 -0.076893
vn 0.997027 -0.005201 -0.076872
vn 0.997027 -0.005201 -0.076872
vn 0.524617 -0.067270 -0.848676
vn 0.524617 -0.067270 -0.848676
vn 0.524649 -0.069851 -0.848448
vn 0.524649 -0.069851 -0.848448
vn -0.524649 -0.069851 -0.848448
vn -0.524649 -0.069851 -0.848448
vn -0.524680 -0.072430 -0.848212
vn -0.524680 -0.072430 -0.848212
vn -0.997027 -0.005201 -0.076872
vn -0.997027 -0.005201 -0.076872
vn -0.997028 -0.005434 -0.076849
vn -0.997028 -0.005434 -0.076849
vn -0.986566 0.015355 0.162640
vn -0.986566 0.015355 0.162640
vn -0.986568 0.015848 0.162580
vn -0.986568 0.015848 0.162580
vn 0.986566 0.015355 0.162640
vn 0.986566 0.015355 0.162640
vn 0.986568 0.015848 0.162580
vn 0.986568 0.015848 0.162580
vn 0.997027 -0.005201 -0.076872
vn 0.997027 -0.005201 -0.076872
vn 0.997028 -0.005434 -0.076849
vn 0.997028 -0.005434 -0.076849
vn 0.524649 -0.069851 -0.848448
vn 0.524649 -0.069851 -0.848448
vn 0.524680 -0.072430 -0.848212
vn 0.524680 -0.072430 -0.848212
vn -0.524680 -0.072430 -0.848212
vn -0.524680 -0.072430 -0.848212
vn -0.524712 -0.075009 -0.847969
vn -0.524712 -0.075009 -0.847969
vn -0.997028 -0.005434 -0.076849
vn -0.997028 -0.005434 -0.076849
vn -0.997028 -0.005667 -0.076826
vn -0.997028 -0.005667 -0.076826
vn -0.986568 0.015848 0.162580
vn -0.986568 0.015848 0.162580
vn -0.986570 0.016342 0.162517
vn -0.986570 0.016342 0.162517
vn 0.986568 0.015848 0.162580
vn 0.986568 0.015848 0.162580
vn 0.986570 0.016342 0.162517
vn 0.986570 0.016342 0.162517
vn 0.997028 -0.005434 -0.076849
vn 0.997028 -0.005434 -0.076849
vn 0.997028 -0.005667 -0.076826
vn 0.997028 -0.005667 -0.076826
vn 0.524680 -0.072430 -0.848212
vn 0.524680 -0.072430 -0.848212
vn 0.524712 -0.075009 -0.847969
vn 0.524712 -0.075009 -0.847969
vn -0.524712 -0.075009 -0.847969
vn -0.524712 -0.075009 -0.847969
vn -0.524745 -0.077586 -0.847716
vn -0.524745 -0.077586 -0.847716
vn -0.997028 -0.005667 -0.076826
vn -0.997028 -0.005667 -0.076826
vn -0.997029 -0.005900 -0.076802
vn -0.997029 -0.005900 -0.076802
vn -0.986570 0.016342 0.162517
vn -0.986570 0.016342 0.162517
vn -0.986573 0.016835 0.162453
vn -0.986573 0.016835 0.162453
vn 0.986570 0.016342 0.162517
vn 0.986570 0.016342 0.162517
vn 0.986573 0.016835 0.162453
vn 0.986573 0.016835 0.162453
vn 0.997028 -0.005667 -0.076826
vn 0.997028 -0.005667 -0.076826
vn 0.997029 -0.005900 -0.076802
vn 0.997029 -0.005900 -0.076802
vn 0.524712 -0.075009 -0.847969
vn 0.524712 -0.075009 -0.847969
vn 0.524745 -0.077586 -0.847716
vn 0.524745 -0.077586 -0.847716
vn -0.524745 -0.077586 -0.847716
vn -0.524745 -0.077586 -0.847716
vn -0.524778 -0.080163 -0.847456
vn -0.524778 -0.080163 -0.847456
vn -0.997029 -0.005900 -0.076802
vn -0.997029 -0.005900 -0.076802
vn -0.997029 -0.006133 -0.076777
vn -0.997029 -0.006133 -0.076777
vn -0.986573 0.016835 0.162453
vn -0.986573 0.016835 0.162453
vn -0.986575 0.017328 0.162388
vn -0.986575 0.017328 0.162388
vn 0.986573 0.016835 0.162453
vn 0.986573 0.016835 0.162453
vn 0.986575 0.017328 0.162388
vn 0.986575 0.017328 0.162388
vn 0.997029 -0.005900 -0.076802
vn 0.997029 -0.005900 -0.076802
vn 0.997029 -0.006133 -0.076777
vn 0.997029 -0.006133 -0.076777
vn 0.524745 -0.077586 -0.847716
vn 0.524745 -0.077586 -0.847716
vn 0.524778 -0.080163 -0.847456
vn 0.524778 -0.080163 -0.847456
vn -0.524778 -0.080163 -0.847456
vn -0.524778 -0.080163 -0.847456
vn -0.524811 -0.082739 -0.847188
vn -0.524811 -0.082739 -0.847188
vn -0.997029 -0.006133 -0.076777
vn -0.997029 -0.006133 -0.076777
vn -0.997030 -0.006366 -0.076751
vn -0.997030 -0.006366 -0.076751
vn -0.986575 0.017328 0.162388
vn -0.986575 0.017328 0.162388
vn -0.986577 0.017820 0.162320
vn -0.986577 0.017820 0.162320
vn 0.986575 0.017328 0.162388
vn 0.986575 0.017328 0.162388
vn 0.986577 0.017820 0.162320
vn 0.986577 0.017820 0.162320
vn 0.997029 -0.006133 -0.076777
vn 0.997029 -0.006133 -0.076777
vn 0.997030 -0.006366 -0.076751
vn 0.997030 -0.006366 -0.076751
vn 0.524778 -0.080163 -0.847456
vn 0.524778 -0.080163 -0.847456
vn 0.524811 -0.082739 -0.847188
vn 0.524811 -0.082739 -0.847188
vn -0.524811 -0.082739 -0.847188
vn -0.524811 -0.082739 -0.847188
vn -0.524844 -0.085314 -0.846912
vn -0.524844 -0.085314 -0.846912
vn -0.997030 -0.006366 -0.076751
vn -0.997030 -0.006366 -0.076751
vn -0.997030 -0.006599 -0.076725
vn -0.997030 -0.006599 -0.076725
vn -0.986577 0.017820 0.162320
vn -0.986577 0.017820 0.162320
vn -0.986579 0.018313 0.162252
vn -0.986579 0.018313 0.162252
vn 0.986577 0.017820 0.162320
vn 0.986577 0.017820 0.162320
vn 0.986579 0.018313 0.162252
vn 0.986579 0.018313 0.162252
vn 0.997030 -0.006366 -0.076751
vn 0.997030 -0.006366 -0.076751
vn 0.997030 -0.006599 -0.076725
vn 0.997030 -0.006599 -0.076725
vn 0.524811 -0.082739 -0.847188
vn 0.524811 -0.082739 -0.847188
vn 0.524844 -0.085314 -0.846912
vn 0.524844 -0.085314 -0.846912
vn -0.524844 -0.085314 -0.846912
vn -0.524844 -0.085314 -0.846912
vn -0.524878 -0.087888 -0.846628
vn -0.524878 -0.087888 -0.846628
vn -0.997030 -0.006599 -0.076725
vn -0.997030 -0.006599 -0.076725
vn -0.997031 -0.006832 -0.076697
vn -0.997031 -0.006832 -0.076697
vn -0.986579 0.018313 0.162252
vn -0.986579 0.018313 0.162252
vn -0.986582 0.018805 0.162181
vn -0.986582 0.018805 0.162181
vn 0.986579 0.018313 0.162252
vn 0.986579 0.018313 0.162252
vn 0.986582 0.018805 0.162181
vn 0.986582 0.018805 0.162181
vn 0.997030 -0.006599 -0.076725
vn 0.997030 -0.006599 -0.076725
vn 0.997031 -0.006832 -0.076697
vn 0.997031 -0.006832 -0.076697
vn 0.524844 -0.085314 -0.846912
vn 0.524844 -0.085314 -0.846912
vn 0.524878 -0.087888 -0.846628
vn 0.524878 -0.087888 -0.846628
vn -0.524878 -0.087888 -0.846628
vn -0.524878 -0.087888 -0.846628
vn -0.524913 -0.090462 -0.846335
vn -0.524913 -0.090462 -0.846335
vn -0.997031 -0.006832 -0.076697
vn -0.997031 -0.006832 -0.076697
vn -0.997032 -0.007064 -0.076669
vn -0.997032 -0.007064 -0.076669
vn -0.986582 0.018805 0.162181
vn -0.986582 0.018805 0.162181
vn -0.986584 0.019296 0.162109
vn -0.986584 0.019296 0.162109
vn 0.986582 0.018805 0.162181
vn 0.986582 0.018805 0.162181
vn 0.986584 0.019296 0.162109
vn 0.986584 0.019296 0.162109
vn 0.997031 -0.006832 -0.076697
vn 0.997031 -0.006832 -0.076697
vn 0.997032 -0.007064 -0.076669
vn 0.997032 -0.007064 -0.076669
vn 0.524878 -0.087888 -0.846628
vn 0.524878 -0.087888 -0.846628
vn 0.524913 -0.090462 -0.846335
vn 0.524913 -0.090462 -0.846335
vn -0.524913 -0.090462 -0.846335
vn -0.524913 -0.090462 -0.846335
vn -0.524947 -0.093034 -0.846035
vn -0.524947 -0.093034 -0.846035
vn -0.997032 -0.007064 -0.076669
vn -0.997032 -0.007064 -0.076669
vn -0.997032 -0.007297 -0.076641
vn -0.997032 -0.007297 -0.076641
vn -0.986584 0.019296 0.162109
vn -0.986584 0.019296 0.162109
vn -0.986587 0.019788 0.162035
vn -0.986587 0.019788 0.162035
vn 0.986584 0.019296 0.162109
vn 0.986584 0.019296 0.162109
vn 0.986587 0.019788 0.162035
vn 0.986587 0.019788 0.162035
vn 0.997032 -0.007064 -0.076669
vn 0.997032 -0.007064 -0.076669
vn 0.997032 -0.007297 -0.076641
vn 0.997032 -0.007297 -0.076641
vn 0.524913 -0.090462 -0.846335
vn 0.524913 -0.090462 -0.846335
vn 0.524947 -0.093034 -0.846035
vn 0.524947 -0.093034 -0.846035
vn -0.524947 -0.093034 -0.846035
vn -0.524947 -0.093034 -0.846035
vn -0.524982 -0.095605 -0.845726
vn -0.524982 -0.095605 -0.845726
vn -0.997032 -0.007297 -0.076641
vn -0.997032 -0.007297 -0.076641
vn -0.997033 -0.007529 -0.076611
vn -0.997033 -0.007529 -0.076611
vn -0.986587 0.019788 0.162035
vn -0.986587 0.019788 0.162035
vn -0.986589 0.020279 0.161959
vn -0.986589 0.020279 0.161959
vn 0.986587 0.019788 0.162035
vn 0.986587 0.019788 0.162035
vn 0.986589 0.020279 0.161959
vn 0.986589 0.020279 0.161959
vn 0.997032 -0.007297 -0.076641
vn 0.997032 -0.007297 -0.076641
vn 0.997033 -0.007529 -0.076611
vn 0.997033 -0.007529 -0.076611
vn 0.524947 -0.093034 -0.846035
vn 0.524947 -0.093034 -0.846035
vn 0.524982 -0.095605 -0.845726
vn 0.524982 -0.095605 -0.845726
vn -0.524982 -0.095605 -0.845726
vn -0.524982 -0.095605 -0.845726
vn -0.525018 -0.098175 -0.845410
vn -0.525018 -0.098175 -0.845410
vn -0.997033 -0.007529 -0.076611
vn -0.997033 -0.007529 -0.076611
vn -0.997033 -0.007761 -0.076581
vn -0.997033 -0.007761 -0.076581
vn -0.986589 0.020279 0.161959
vn -0.986589 0.020279 0.161959
vn -0.986591 0.020770 0.161882
vn -0.986591 0.020770 0.161882
vn 0.986589 0.020279 0.161959
vn 0.986589 0.020279 0.161959
vn 0.986591 0.020770 0.161882
vn 0.986591 0.020770 0.161882
vn 0.997033 -0.007529 -0.076611
vn 0.997033 -0.007529 -0.076611
vn 0.997033 -0.007761 -0.076581
vn 0.997033 -0.007761 -0.076581
vn 0.524982 -0.095605 -0.845726
vn 0.524982 -0.095605 -0.845726
vn 0.525018 -0.098175 -0.845410
vn 0.525018 -0.098175 -0.845410
vn -0.525018 -0.098175 -0.845410
vn -0.525018 -0.098175 -0.845410
vn -0.525054 -0.100744 -0.845085
vn -0.525054 -0.100744 -0.845085
vn -0.997033 -0.007761 -0.076581
vn -0.997033 -0.007761 -0.076581
vn -0.997034 -0.007993 -0.076550
vn -0.997034 -0.007993 -0.076550
vn -0.986591 0.020770 0.161882
vn -0.986591 0.020770 0.161882
vn -0.986594 0.021260 0.161803
vn -0.986594 0.021260 0.161803
vn 0.986591 0.020770 0.161882
vn 0.986591 0.020770 0.161882
vn 0.986594 0.021260 0.161803
vn 0.986594 0.021260 0.161803
vn 0.997033 -0.007761 -0.076581
vn 0.997033 -0.007761 -0.076581
vn 0.997034 -0.007993 -0.076550
vn 0.997034 -0.007993 -0.076550
vn 0.525018 -0.098175 -0.845410
vn 0.525018 -0.098175 -0.845410
vn 0.525054 -0.100744 -0.845085
vn 0.525054 -0.100744 -0.845085
vn -0.525054 -0.100744 -0.845085
vn -0.525054 -0.100744 -0.845085
vn -0.525090 -0.103312 -0.844753
vn -0.525090 -0.103312 -0.844753
vn -0.997034 -0.007993 -0.076550
vn -0.997034 -0.007993 -0.076550
vn -0.997034 -0.008225 -0.076518
vn -0.997034 -0.008225 -0.076518
vn -0.986594 0.021260 0.161803
vn -0.986594 0.021260 0.161803
vn -0.986596 0.021751 0.161723
vn -0.986596 0.021751 0.161723
vn 0.986594 0.021260 0.161803
vn 0.986594 0.021260 0.161803
vn 0.986596 0.021751 0.161723
vn 0.986596 0.021751 0.161723
vn 0.997034 -0.007993 -0.076550
vn 0.997034 -0.007993 -0.076550
vn 0.997034 -0.008225 -0.076518
vn 0.997034 -0.008225 -0.076518
vn 0.525054 -0.100744 -0.845085
vn 0.525054 -0.100744 -0.845085
vn 0.525090 -0.103312 -0.844753
vn 0.525090 -0.103312 -0.844753
vn -0.525090 -0.103312 -0.844753
vn -0.525090 -0.103312 -0.844753
vn -0.525127 -0.105879 -0.844412
vn -0.525127 -0.105879 -0.844412
vn -0.997034 -0.008225 -0.076518
vn -0.997034 -0.008225 -0.076518
vn -0.997035 -0.008457 -0.076485
vn -0.997035 -0.008457 -0.076485
vn -0.986596 0.021751 0.161723
vn -0.986596 0.021751 0.161723
vn -0.986599 0.022241 0.161641
vn -0.986599 0.022241 0.161641
vn 0.986596 0.021751 0.161723
vn 0.986596 0.021751 0.161723
vn 0.986599 0.022241 0.161641
vn 0.986599 0.022241 0.161641
vn 0.997034 -0.008225 -0.076518
vn 0.997034 -0.008225 -0.076518
vn 0.997035 -0.008457 -0.076485
vn 0.997035 -0.008457 -0.076485
vn 0.525090 -0.103312 -0.844753
vn 0.525090 -0.103312 -0.844753
vn 0.525127 -0.105879 -0.844412
vn 0.525127 -0.105879 -0.844412
vn -0.525127 -0.105879 -0.844412
vn -0.525127 -0.105879 -0.844412
vn -0.525164 -0.108445 -0.844063
vn -0.525164 -0.108445 -0.844063
vn -0.997035 -0.008457 -0.076485
vn -0.997035 -0.008457 -0.076485
vn -0.997035 -0.008689 -0.076451
vn -0.997035 -0.008689 -0.076451
vn -0.986599 0.022241 0.161641
vn -0.986599 0.022241 0.161641
vn -0.986602 0.022730 0.161557
vn -0.986602 0.022730 0.161557
vn 0.986599 0.022241 0.161641
vn 0.986599 0.022241 0.161641
vn 0.986602 0.022730 0.161557
vn 0.986602 0.022730 0.161557
vn 0.997035 -0.008457 -0.076485
vn 0.997035 -0.008457 -0.076485
vn 0.997035 -0.008689 -0.076451
vn 0.997035 -0.008689 -0.076451
vn 0.525127 -0.105879 -0.844412
vn 0.525127 -0.105879 -0.844412
vn 0.525164 -0.108445 -0.844063
vn 0.525164 -0.108445 -0.844063
vn -0.525164 -0.108445 -0.844063
vn -0.525164 -0.108445 -0.844063
vn -0.525202 -0.111009 -0.843706
vn -0.525202 -0.111009 -0.843706
vn -0.997035 -0.008689 -0.076451
vn -0.997035 -0.008689 -0.076451
vn -0.997036 -0.008920 -0.076417
vn -0.997036 -0.008920 -0.076417
vn -0.986602 0.022730 0.161557
vn -0.986602 0.022730 0.161557
vn -0.986604 0.023220 0.161471
vn -0.986604 0.023220 0.161471
vn 0.986602 0.022730 0.161557
vn 0.986602 0.022730 0.161557
vn 0.986604 0.023220 0.161471
vn 0.986604 0.023220 0.161471
vn 0.997035 -0.008689 -0.076451
vn 0.997035 -0.008689 -0.076451
vn 0.997036 -0.008920 -0.076417
vn 0.997036 -0.008920 -0.076417
vn 0.525164 -0.108445 -0.844063
vn 0.525164 -0.108445 -0.844063
vn 0.525202 -0.111009 -0.843706
vn 0.525202 -0.111009 -0.843706
vn -0.525202 -0.111009 -0.843706
vn -0.525202 -0.111009 -0.843706
vn -0.525240 -0.113572 -0.843341
vn -0.525240 -0.113572 -0.843341
vn -0.997036 -0.008920 -0.076417
vn -0.997036 -0.008920 -0.076417
vn -0.997037 -0.009152 -0.076382
vn -0.997037 -0.009152 -0.076382
vn -0.986604 0.023220 0.161471
vn -0.986604 0.023220 0.161471
vn -0.986607 0.023709 0.161384
vn -0.986607 0.023709 0.161384
vn 0.986604 0.023220 0.161471
vn 0.986604 0.023220 0.161471
vn 0.986607 0.023709 0.161384
vn 0.986607 0.023709 0.161384
vn 0.997036 -0.008920 -0.076417
vn 0.997036 -0.008920 -0.076417
vn 0.997037 -0.009152 -0.076382
vn 0.997037 -0.009152 -0.076382
vn 0.525202 -0.111009 -0.843706
vn 0.525202 -0.111009 -0.843706
vn 0.525240 -0.113572 -0.843341
vn 0.525240 -0.113572 -0.843341
vn -0.525240 -0.113572 -0.843341
vn -0.525240 -0.113572 -0.843341
vn -0.525279 -0.116134 -0.842968
vn -0.525279 -0.116134 -0.842968
vn -0.997037 -0.009152 -0.076382
vn -0.997037 -0.009152 -0.076382
vn -0.997037 -0.009383 -0.076346
vn -0.997037 -0.009383 -0.076346
vn -0.986607 0.023709 0.161384
vn -0.986607 0.023709 0.161384
vn -0.986610 0.024197 0.161295
vn -0.986610 0.024197 0.161295
vn 0.986607 0.023709 0.161384
vn 0.986607 0.023709 0.161384
vn 0.986610 0.024197 0.161295
vn 0.986610 0.024197 0.161295
vn 0.997037 -0.009152 -0.076382
vn 0.997037 -0.009152 -0.076382
vn 0.997037 -0.009383 -0.076346
vn 0.997037 -0.009383 -0.076346
vn 0.525240 -0.113572 -0.843341
vn 0.525240 -0.113572 -0.843341
vn 0.525279 -0.116134 -0.842968
vn 0.525279 -0.116134 -0.842968
vn -0.525279 -0.116134 -0.842968
vn -0.525279 -0.116134 -0.842968
vn -0.525318 -0.118695 -0.842587
vn -0.525318 -0.118695 -0.842587
vn -0.997037 -0.009383 -0.076346
vn -0.997037 -0.009383 -0.076346
vn -0.997038 -0.009614 -0.076309
vn -0.997038 -0.009614 -0.076309
vn -0.986610 0.024197 0.161295
vn -0.986610 0.024197 0.161295
vn -0.986612 0.024685 0.161205
vn -0.986612 0.024685 0.161205
vn 0.986610 0.024197 0.161295
vn 0.986610 0.024197 0.161295
vn 0.986612 0.024685 0.161205
vn 0.986612 0.024685 0.161205
vn 0.997037 -0.009383 -0.076346
vn 0.997037 -0.009383 -0.076346
vn 0.997038 -0.009614 -0.076309
vn 0.997038 -0.009614 -0.076309
vn 0.525279 -0.116134 -0.842968
vn 0.525279 -0.116134 -0.842968
vn 0.525318 -0.118695 -0.842587
vn 0.525318 -0.118695 -0.842587
vn -0.525318 -0.118695 -0.842587
vn -0.525318 -0.118695 -0.842587
vn -0.525358 -0.121255 -0.842197
vn -0.525358 -0.121255 -0.842197
vn -0.997038 -0.009614 -0.076309
vn -0.997038 -0.009614 -0.076309
vn -0.997038 -0.009845 -0.076272
vn -0.997038 -0.009845 -0.076272
vn -0.986612 0.024685 0.161205
vn -0.986612 0.024685 0.161205
vn -0.986615 0.025173 0.161112
vn -0.986615 0.025173 0.161112
vn 0.986612 0.024685 0.161205
vn 0.986612 0.024685 0.161205
vn 0.986615 0.025173 0.161112
vn 0.986615 0.025173 0.161112
vn 0.997038 -0.009614 -0.076309
vn 0.997038 -0.009614 -0.076309
vn 0.997038 -0.009845 -0.076272
vn 0.997038 -0.009845 -0.076272
vn 0.525318 -0.118695 -0.842587
vn 0.525318 -0.118695 -0.842587
vn 0.525358 -0.121255 -0.842197
vn 0.525358 -0.121255 -0.842197
vn -0.525358 -0.121255 -0.842197
vn -0.525358 -0.121255 -0.842197
vn -0.525398 -0.123813 -0.841800
vn -0.525398 -0.123813 -0.841800
vn -0.997038 -0.009845 -0.076272
vn -0.997038 -0.009845 -0.076272
vn -0.997039 -0.010076 -0.076234
vn -0.997039 -0.010076 -0.076234
vn -0.986615 0.025173 0.161112
vn -0.986615 0.025173 0.161112
vn -0.986618 0.025661 0.161019
vn -0.986618 0.025661 0.161019
vn 0.986615 0.025173 0.161112
vn 0.986615 0.025173 0.161112
vn 0.986618 0.025661 0.161019
vn 0.986618 0.025661 0.161019
vn 0.997038 -0.009845 -0.076272
vn 0.997038 -0.009845 -0.076272
vn 0.997039 -0.010076 -0.076234
vn 0.997039 -0.010076 -0.076234
vn 0.525358 -0.121255 -0.842197
vn 0.525358 -0.121255 -0.842197
vn 0.525398 -0.123813 -0.841800
vn 0.525398 -0.123813 -0.841800
vn -0.525398 -0.123813 -0.841800
vn -0.525398 -0.123813 -0.841800
vn -0.525439 -0.126370 -0.841395
vn -0.525439 -0.126370 -0.841395
vn -0.997039 -0.010076 -0.076234
vn -0.997039 -0.010076 -0.076234
vn -0.997040 -0.010306 -0.076195
vn -0.997040 -0.010306 -0.076195
vn -0.986618 0.025661 0.161019
vn -0.986618 0.025661 0.161019
vn -0.986621 0.026148 0.160923
vn -0.986621 0.026148 0.160923
vn 0.986618 0.025661 0.161019
vn 0.986618 0.025661 0.161019
vn 0.986621 0.026148 0.160923
vn 0.986621 0.026148 0.160923
vn 0.997039 -0.010076 -0.076234
vn 0.997039 -0.010076 -0.076234
vn 0.997040 -0.010306 -0.076195
vn 0.997040 -0.010306 -0.076195
vn 0.525398 -0.123813 -0.841800
vn 0.525398 -0.123813 -0.841800
vn 0.525439 -0.126370 -0.841395
vn 0.525439 -0.126370 -0.841395
vn -0.525439 -0.126370 -0.841395
vn -0.525439 -0.126370 -0.841395
vn -0.525480 -0.128925 -0.840981
vn -0.525480 -0.128925 -0.840981
vn -0.997040 -0.010306 -0.076195
vn -0.997040 -0.010306 -0.076195
vn -0.997040 -0.010537 -0.076155
vn -0.997040 -0.010537 -0.076155
vn -0.986621 0.026148 0.160923
vn -0.986621 0.026148 0.160923
vn -0.986623 0.026635 0.160826
vn -0.986623 0.026635 0.160826
vn 0.986621 0.026148 0.160923
vn 0.986621 0.026148 0.160923
vn 0.986623 0.026635 0.160826
vn 0.986623 0.026635 0.160826
vn 0.997040 -0.010306 -0.076195
vn 0.997040 -0.010306 -0.076195
vn 0.997040 -0.010537 -0.076155
vn 0.997040 -0.010537 -0.076155
vn 0.525439 -0.126370 -0.841395
vn 0.525439 -0.126370 -0.841395
vn 0.525480 -0.128925 -0.840981
vn 0.525480 -0.128925 -0.840981
vn -0.525480 -0.128925 -0.840981
vn -0.525480 -0.128925 -0.840981
vn -0.525521 -0.131479 -0.840560
vn -0.525521 -0.131479 -0.840560
vn -0.997040 -0.010537 -0.076155
vn -0.997040 -0.010537 -0.076155
vn -0.997041 -0.010767 -0.076114
vn -0.997041 -0.010767 -0.076114
vn -0.986623 0.026635 0.160826
vn -0.986623 0.026635 0.160826
vn -0.986626 0.027121 0.160727
vn -0.986626 0.027121 0.160727
vn 0.986623 0.026635 0.160826
vn 0.986623 0.026635 0.160826
vn 0.986626 0.027121 0.160727
vn 0.986626 0.027121 0.160727
vn 0.997040 -0.010537 -0.076155
vn 0.997040 -0.010537 -0.076155
vn 0.997041 -0.010767 -0.076114
vn 0.997041 -0.010767 -0.076114
vn 0.525480 -0.128925 -0.840981
vn 0.525480 -0.128925 -0.840981
vn 0.525521 -0.131479 -0.840560
vn 0.525521 -0.131479 -0.840560
vn -0.525521 -0.131479 -0.840560
vn -0.525521 -0.131479 -0.840560
vn -0.525564 -0.134032 -0.840130
vn -0.525564 -0.134032 -0.840130
vn -0.997041 -0.010767 -0.076114
vn -0.997041 -0.010767 -0.076114
vn -0.997042 -0.010997 -0.076073
vn -0.997042 -0.010997 -0.076073
vn -0.986626 0.027121 0.160727
vn -0.986626 0.027121 0.160727
vn -0.986629 0.027607 0.160626
vn -0.986629 0.027607 0.160626
vn 0.986626 0.027121 0.160727
vn 0.986626 0.027121 0.160727
vn 0.986629 0.027607 0.160626
vn 0.986629 0.027607 0.160626
vn 0.997041 -0.010767 -0.076114
vn 0.997041 -0.010767 -0.076114
vn 0.997042 -0.010997 -0.076073
vn 0.997042 -0.010997 -0.076073
vn 0.525521 -0.131479 -0.840560
vn 0.525521 -0.131479 -0.840560
vn 0.525564 -0.134032 -0.840130
vn 0.525564 -0.134032 -0.840130
vn -0.525564 -0.134032 -0.840130
vn -0.525564 -0.134032 -0.840130
vn -0.525606 -0.136583 -0.839692
vn -0.525606 -0.136583 -0.839692
vn -0.997042 -0.010997 -0.076073
vn -0.997042 -0.010997 -0.076073
vn -0.997042 -0.011227 -0.076030
vn -0.997042 -0.011227 -0.076030
vn -0.986629 0.027607 0.160626
vn -0.986629 0.027607 0.160626
vn -0.986632 0.028093 0.160524
vn -0.986632 0.028093 0.160524
vn 0.986629 0.027607 0.160626
vn 0.986629 0.027607 0.160626
vn 0.986632 0.028093 0.160524
vn 0.986632 0.028093 0.160524
vn 0.997042 -0.010997 -0.076073
vn 0.997042 -0.010997 -0.076073
vn 0.997042 -0.011227 -0.076030
vn 0.997042 -0.011227 -0.076030
vn 0.525564 -0.134032 -0.840130
vn 0.525564 -0.134032 -0.840130
vn 0.525606 -0.136583 -0.839692
vn 0.525606 -0.136583 -0.839692
vn -0.525606 -0.136583 -0.839692
vn -0.525606 -0.136583 -0.839692
vn -0.525650 -0.139133 -0.839246
vn -0.525650 -0.139133 -0.839246
vn -0.997042 -0.011227 -0.076030
vn -0.997042 -0.011227 -0.076030
vn -0.997043 -0.011457 -0.075987
vn -0.997043 -0.011457 -0.075987
vn -0.986632 0.028093 0.160524
vn -0.986632 0.028093 0.160524
vn -0.986635 0.028578 0.160420
vn -0.986635 0.028578 0.160420
vn 0.986632 0.028093 0.160524
vn 0.986632 0.028093 0.160524
vn 0.986635 0.028578 0.160420
vn 0.986635 0.028578 0.160420
vn 0.997042 -0.011227 -0.076030
vn 0.997042 -0.011227 -0.076030
vn 0.997043 -0.011457 -0.075987
vn 0.997043 -0.011457 -0.075987
vn 0.525606 -0.136583 -0.839692
vn 0.525606 -0.136583 -0.839692
vn 0.525650 -0.139133 -0.839246
vn 0.525650 -0.139133 -0.839246
vn -0.525650 -0.139133 -0.839246
vn -0.525650 -0.139133 -0.839246
vn -0.525694 -0.141681 -0.838792
vn -0.525694 -0.141681 -0.838792
vn -0.997043 -0.011457 -0.075987
vn -0.997043 -0.011457 -0.075987
vn -0.997044 -0.011687 -0.075943
vn -0.997044 -0.011687 -0.075943
vn -0.986635 0.028578 0.160420
vn -0.986635 0.028578 0.160420
vn -0.986638 0.029063 0.160314
vn -0.986638 0.029063 0.160314
vn 0.986635 0.028578 0.160420
vn 0.986635 0.028578 0.160420
vn 0.986638 0.029063 0.160314
vn 0.986638 0.029063 0.160314
vn 0.997043 -0.011457 -0.075987
vn 0.997043 -0.011457 -0.075987
vn 0.997044 -0.011687 -0.075943
vn 0.997044 -0.011687 -0.075943
vn 0.525650 -0.139133 -0.839246
vn 0.525650 -0.139133 -0.839246
vn 0.525694 -0.141681 -0.838792
vn 0.525694 -0.141681 -0.838792
vn -0.525694 -0.141681 -0.838792
vn -0.525694 -0.141681 -0.838792
vn -0.525738 -0.144228 -0.838330
vn -0.525738 -0.144228 -0.838330
vn -0.997044 -0.011687 -0.075943
vn -0.997044 -0.011687 -0.075943
vn -0.997044 -0.011916 -0.075899
vn -0.997044 -0.011916 -0.075899
vn -0.986638 0.029063 0.160314
vn -0.986638 0.029063 0.160314
vn -0.986641 0.029547 0.160207
vn -0.986641 0.029547 0.160207
vn 0.986638 0.029063 0.160314
vn 0.986638 0.029063 0.160314
vn 0.986641 0.029547 0.160207
vn 0.986641 0.029547 0.160207
vn 0.997044 -0.011687 -0.075943
vn 0.997044 -0.011687 -0.075943
vn 0.997044 -0.011916 -0.075899
vn 0.997044 -0.011916 -0.075899
vn 0.525694 -0.141681 -0.838792
vn 0.525694 -0.141681 -0.838792
vn 0.525738 -0.144228 -0.838330
vn 0.525738 -0.144228 -0.838330
vn -0.525738 -0.144228 -0.838330
vn -0.525738 -0.144228 -0.838330
vn -0.533457 -0.137545 -0.834569
vn -0.533457 -0.137545 -0.834569
vn -0.997044 -0.011916 -0.075899
vn -0.997044 -0.011916 -0.075899
vn -0.996987 0.005347 -0.077388
vn -0.996987 0.005347 -0.077388
vn -0.986641 0.029547 0.160207
vn -0.986641 0.029547 0.160207
vn -0.987096 0.038610 0.155403
vn -0.987096 0.038610 0.155403
vn 0.986641 0.029547 0.160207
vn 0.986641 0.029547 0.160207
vn 0.987096 0.038610 0.155403
vn 0.987096 0.038610 0.155403
vn 0.997044 -0.011916 -0.075899
vn 0.997044 -0.011916 -0.075899
vn 0.996987 0.005347 -0.077388
vn 0.996987 0.005347 -0.077388
vn 0.525738 -0.144228 -0.838330
vn 0.525738 -0.144228 -0.838330
vn 0.533457 -0.137545 -0.834569
vn 0.533457 -0.137545 -0.834569
vn -0.533457 -0.137545 -0.834569
vn -0.533457 -0.137545 -0.834569
vn -0.556334 -0.110808 -0.823537
vn -0.556334 -0.110808 -0.823537
vn -0.996987 0.005347 -0.077388
vn -0.996987 0.005347 -0.077388
vn -0.996337 0.034771 -0.078122
vn -0.996337 0.034771 -0.078122
vn -0.987096 0.038610 0.155403
vn -0.987096 0.038610 0.155403
vn -0.988190 0.053829 0.143467
vn -0.988190 0.053829 0.143467
vn 0.987096 0.038610 0.155403
vn 0.987096 0.038610 0.155403
vn 0.988190 0.053829 0.143467
vn 0.988190 0.053829 0.143467
vn 0.996987 0.005347 -0.077388
vn 0.996987 0.005347 -0.077388
vn 0.996337 0.034771 -0.078122
vn 0.996337 0.034771 -0.078122
vn 0.533457 -0.137545 -0.834569
vn 0.533457 -0.137545 -0.834569
vn 0.556334 -0.110808 -0.823537
vn 0.556334 -0.110808 -0.823537
vn -0.556334 -0.110808 -0.823537
vn -0.556334 -0.110808 -0.823537
vn -0.584976 -0.079480 -0.807147
vn -0.584976 -0.079480 -0.807147
vn -0.996337 0.034771 -0.078122
vn -0.996337 0.034771 -0.078122
vn -0.996037 0.047653 -0.075102
vn -0.996037 0.047653 -0.075102
vn -0.988190 0.053829 0.143467
vn -0.988190 0.053829 0.143467
vn -0.989511 0.060664 0.131102
vn -0.989511 0.060664 0.131102
vn 0.988190 0.053829 0.143467
vn 0.988190 0.053829 0.143467
vn 0.989511 0.060664 0.131102
vn 0.989511 0.060664 0.131102
vn 0.996337 0.034771 -0.078122
vn 0.996337 0.034771 -0.078122
vn 0.996037 0.047653 -0.075102
vn 0.996037 0.047653 -0.075102
vn 0.556334 -0.110808 -0.823537
vn 0.556334 -0.110808 -0.823537
vn 0.584976 -0.079480 -0.807147
vn 0.584976 -0.079480 -0.807147
vn -0.584976 -0.079480 -0.807147
vn -0.584976 -0.079480 -0.807147
vn -0.605588 -0.060606 -0.793467
vn -0.605588 -0.060606 -0.793467
vn -0.996037 0.047653 -0.075102
vn -0.996037 0.047653 -0.075102
vn -0.996226 0.048888 -0.071726
vn -0.996226 0.048888 -0.071726
vn -0.989511 0.060664 0.131102
vn -0.989511 0.060664 0.131102
vn -0.990469 0.061326 0.123330
vn -0.990469 0.061326 0.123330
vn 0.989511 0.060664 0.131102
vn 0.989511 0.060664 0.131102
vn 0.990469 0.061326 0.123330
vn 0.990469 0.061326 0.123330
vn 0.996037 0.047653 -0.075102
vn 0.996037 0.047653 -0.075102
vn 0.996226 0.048888 -0.071726
vn 0.996226 0.048888 -0.071726
vn 0.584976 -0.079480 -0.807147
vn 0.584976 -0.079480 -0.807147
vn 0.605588 -0.060606 -0.793467
vn 0.605588 -0.060606 -0.793467
vn -0.605588 -0.060606 -0.793467
vn -0.605588 -0.060606 -0.793467
vn -0.619504 -0.047576 -0.783550
vn -0.619504 -0.047576 -0.783550
vn -0.996226 0.048888 -0.071726
vn -0.996226 0.048888 -0.071726
vn -0.996342 0.049663 -0.069541
vn -0.996342 0.049663 -0.069541
vn -0.990469 0.061326 0.123330
vn -0.990469 0.061326 0.123330
vn -0.991051 0.061899 0.118264
vn -0.991051 0.061899 0.118264
vn 0.990469 0.061326 0.123330
vn 0.990469 0.061326 0.123330
vn 0.991051 0.061899 0.118264
vn 0.991051 0.061899 0.118264
vn 0.996226 0.048888 -0.071726
vn 0.996226 0.048888 -0.071726
vn 0.996342 0.049663 -0.069541
vn 0.996342 0.049663 -0.069541
vn 0.605588 -0.060606 -0.793467
vn 0.605588 -0.060606 -0.793467
vn 0.619504 -0.047576 -0.783550
vn 0.619504 -0.047576 -0.783550
vn -0.619504 -0.047576 -0.783550
vn -0.619504 -0.047576 -0.783550
vn -0.638800 -0.029227 -0.768818
vn -0.638800 -0.029227 -0.768818
vn -0.996342 0.049663 -0.069541
vn -0.996342 0.049663 -0.069541
vn -0.996492 0.050654 -0.066619
vn -0.996492 0.050654 -0.066619
vn -0.991051 0.061899 0.118264
vn -0.991051 0.061899 0.118264
vn -0.991777 0.062959 0.111422
vn -0.991777 0.062959 0.111422
vn 0.991051 0.061899 0.118264
vn 0.991051 0.061899 0.118264
vn 0.991777 0.062959 0.111422
vn 0.991777 0.062959 0.111422
vn 0.996342 0.049663 -0.069541
vn 0.996342 0.049663 -0.069541
vn 0.996492 0.050654 -0.066619
vn 0.996492 0.050654 -0.066619
vn 0.619504 -0.047576 -0.783550
vn 0.619504 -0.047576 -0.783550
vn 0.638800 -0.029227 -0.768818
vn 0.638800 -0.029227 -0.768818
vn -0.638800 -0.029227 -0.768818
vn -0.638800 -0.029227 -0.768818
vn -0.662404 -0.006705 -0.749117
vn -0.662404 -0.006705 -0.749117
vn -0.996492 0.050654 -0.066619
vn -0.996492 0.050654 -0.066619
vn -0.996664 0.051743 -0.063111
vn -0.996664 0.051743 -0.063111
vn -0.991777 0.062959 0.111422
vn -0.991777 0.062959 0.111422
vn -0.992561 0.064698 0.103130
vn -0.992561 0.064698 0.103130
vn 0.991777 0.062959 0.111422
vn 0.991777 0.062959 0.111422
vn 0.992561 0.064698 0.103130
vn 0.992561 0.064698 0.103130
vn 0.996492 0.050654 -0.066619
vn 0.996492 0.050654 -0.066619
vn 0.996664 0.051743 -0.063111
vn 0.996664 0.051743 -0.063111
vn 0.638800 -0.029227 -0.768818
vn 0.638800 -0.029227 -0.768818
vn 0.662404 -0.006705 -0.749117
vn 0.662404 -0.006705 -0.749117
vn -0.662404 -0.006705 -0.749117
vn -0.662404 -0.006705 -0.749117
vn -0.681299 0.011483 -0.731915
vn -0.681299 0.011483 -0.731915
vn -0.996664 0.051743 -0.063111
vn -0.996664 0.051743 -0.063111
vn -0.996796 0.052487 -0.060358
vn -0.996796 0.052487 -0.060358
vn -0.992561 0.064698 0.103130
vn -0.992561 0.064698 0.103130
vn -0.993092 0.066740 0.096508
vn -0.993092 0.066740 0.096508
vn 0.992561 0.064698 0.103130
vn 0.992561 0.064698 0.103130
vn 0.993092 0.066740 0.096508
vn 0.993092 0.066740 0.096508
vn 0.996664 0.051743 -0.063111
vn 0.996664 0.051743 -0.063111
vn 0.996796 0.052487 -0.060358
vn 0.996796 0.052487 -0.060358
vn 0.662404 -0.006705 -0.749117
vn 0.662404 -0.006705 -0.749117
vn 0.681299 0.011483 -0.731915
vn 0.681299 0.011483 -0.731915
vn -0.681299 0.011483 -0.731915
vn -0.681299 0.011483 -0.731915
vn -0.693261 0.023563 -0.720301
vn -0.693261 0.023563 -0.720301
vn -0.996796 0.052487 -0.060358
vn -0.996796 0.052487 -0.060358
vn -0.996879 0.052872 -0.058628
vn -0.996879 0.052872 -0.058628
vn -0.993092 0.066740 0.096508
vn -0.993092 0.066740 0.096508
vn -0.993360 0.068790 0.092216
vn -0.993360 0.068790 0.092216
vn 0.993092 0.066740 0.096508
vn 0.993092 0.066740 0.096508
vn 0.993360 0.068790 0.092216
vn 0.993360 0.068790 0.092216
vn 0.996796 0.052487 -0.060358
vn 0.996796 0.052487 -0.060358
vn 0.996879 0.052872 -0.058628
vn 0.996879 0.052872 -0.058628
vn 0.681299 0.011483 -0.731915
vn 0.681299 0.011483 -0.731915
vn 0.693261 0.023563 -0.720301
vn 0.693261 0.023563 -0.720301
vn -0.693261 0.023563 -0.720301
vn -0.693261 0.023563 -0.720301
vn -0.701723 0.035114 -0.711584
vn -0.701723 0.035114 -0.711584
vn -0.996879 0.052872 -0.058628
vn -0.996879 0.052872 -0.058628
vn -0.996944 0.053035 -0.057365
vn -0.996944 0.053035 -0.057365
vn -0.993360 0.068790 0.092216
vn -0.993360 0.068790 0.092216
vn -0.993423 0.072409 0.088698
vn -0.993423 0.072409 0.088698
vn 0.993360 0.068790 0.092216
vn 0.993360 0.068790 0.092216
vn 0.993423 0.072409 0.088698
vn 0.993423 0.072409 0.088698
vn 0.996879 0.052872 -0.058628
vn 0.996879 0.052872 -0.058628
vn 0.996944 0.053035 -0.057365
vn 0.996944 0.053035 -0.057365
vn 0.693261 0.023563 -0.720301
vn 0.693261 0.023563 -0.720301
vn 0.701723 0.035114 -0.711584
vn 0.701723 0.035114 -0.711584
vn -0.701723 0.035114 -0.711584
vn -0.701723 0.035114 -0.711584
vn -0.703594 0.049656 -0.708865
vn -0.703594 0.049656 -0.708865
vn -0.996944 0.053035 -0.057365
vn -0.996944 0.053035 -0.057365
vn -0.996994 0.052649 -0.056842
vn -0.996994 0.052649 -0.056842
vn -0.993423 0.072409 0.088698
vn -0.993423 0.072409 0.088698
vn -0.992917 0.082251 0.085735
vn -0.992917 0.082251 0.085735
vn 0.993423 0.072409 0.088698
vn 0.993423 0.072409 0.088698
vn 0.992917 0.082251 0.085735
vn 0.992917 0.082251 0.085735
vn 0.996944 0.053035 -0.057365
vn 0.996944 0.053035 -0.057365
vn 0.996994 0.052649 -0.056842
vn 0.996994 0.052649 -0.056842
vn 0.701723 0.035114 -0.711584
vn 0.701723 0.035114 -0.711584
vn 0.703594 0.049656 -0.708865
vn 0.703594 0.049656 -0.708865
vn -0.703594 0.049656 -0.708865
vn -0.703594 0.049656 -0.708865
vn -0.701287 0.057385 -0.710566
vn -0.701287 0.057385 -0.710566
vn -0.996994 0.052649 -0.056842
vn -0.996994 0.052649 -0.056842
vn -0.997010 0.052220 -0.056960
vn -0.997010 0.052220 -0.056960
vn -0.992917 0.082251 0.085735
vn -0.992917 0.082251 0.085735
vn -0.992379 0.089505 0.084688
vn -0.992379 0.089505 0.084688
vn 0.992917 0.082251 0.085735
vn 0.992917 0.082251 0.085735
vn 0.992379 0.089505 0.084688
vn 0.992379 0.089505 0.084688
vn 0.996994 0.052649 -0.056842
vn 0.996994 0.052649 -0.056842
vn 0.997010 0.052220 -0.056960
vn 0.997010 0.052220 -0.056960
vn 0.703594 0.049656 -0.708865
vn 0.703594 0.049656 -0.708865
vn 0.701287 0.057385 -0.710566
vn 0.701287 0.057385 -0.710566
vn -0.000000 0.983606 -0.180333
vn -0.000000 0.983606 -0.180333
vn -0.000000 0.983606 -0.180333
vn -0.000000 0.983606 -0.180333
vn -0.000000 0.983606 -0.180333
vn -0.000000 0.983606 -0.180333
vn -0.000000 0.983606 -0.180333
vn -0.000000 0.983606 -0.180333
vn -0.000000 0.983606 -0.180333
vn -0.000000 0.983606 -0.180333
vn -0.000000 0.983606 -0.180333
vn -0.000000 0.983606 -0.180333
vn -0.000000 0.983606 -0.180333
vn -0.000000 0.983606 -0.180333
vn -0.000000 0.983606 -0.180333
vn -0.000000 0.983606 -0.180333
vn -0.000000 0.983606 -0.180333
vn -0.000000 0.983606 -0.180333
vn -0.000000 -1.000000 0.000000
vn -0.000000 -1.000000 0.000000
vn -0.000000 -1.000000 0.000000
vn -0.000000 -1.000000 0.000000
vn -0.000000 -1.000000 0.000000
vn -0.000000 -1.000000 0.000000
vn -0.000000 -1.000000 0.000000
vn -0.000000 -1.000000 0.000000
vn -0.000000 -1.000000 0.000000
vn -0.000000 -1.000000 0.000000
vn -0.000000 -1.000000 0.000000
vn -0.000000 -1.000000 0.000000
vn -0.000000 -1.000000 0.000000
vn -0.000000 -1.000000 0.000000
vn -0.000000 -1.000000 0.000000
vn -0.000000 -1.000000 0.000000
vn -0.000000 -1.000000 0.000000
vn -0.000000 -1.000000 0.000000
vn -1.000000 -0.000000 -0.000000
vn -0.978300 0.000660 0.207192
vn -0.966707 0.163766 0.196615
vn -0.985375 0.170401 -0.000007
vn -0.978300 0.000660 0.207192
vn -0.817138 0.001836 0.576439
vn -0.815874 0.163991 0.554488
vn -0.966707 0.163766 0.196615
vn -0.817138 0.001836 0.576439
vn -0.000000 0.003185 0.999995
vn -0.000000 0.205658 0.978624
vn -0.815874 0.163991 0.554488
vn -0.000000 0.003185 0.999995
vn 0.817138 0.001836 0.576439
vn 0.815874 0.163991 0.554488
vn -0.000000 0.205658 0.978624
vn 0.817138 0.001836 0.576439
vn 0.978300 0.000660 0.207192
vn 0.966707 0.163766 0.196615
vn 0.815874 0.163991 0.554488
vn 0.978300 0.000660 0.207192
vn 1.000000 0.000000 0.000000
vn 0.985375 0.170401 -0.000007
vn 0.966707 0.163766 0.196615
vn 1.000000 0.000000 0.000000
vn 0.978300 -0.000660 -0.207192
vn 0.966998 0.161949 -0.196692
vn 0.985375 0.170401 -0.000007
vn 0.978300 -0.000660 -0.207192
vn 0.817138 -0.001836 -0.576439
vn 0.816509 0.158832 -0.555054
vn 0.966998 0.161949 -0.196692
vn 0.817138 -0.001836 -0.576439
vn 0.000000 -0.003185 -0.999995
vn 0.000000 0.196672 -0.980469
vn 0.816509 0.158832 -0.555054
vn 0.000000 -0.003185 -0.999995
vn -0.817138 -0.001836 -0.576439
vn -0.816509 0.158832 -0.555054
vn 0.000000 0.196672 -0.980469
vn -0.817138 -0.001836 -0.576439
vn -0.978300 -0.000660 -0.207192
vn -0.966998 0.161949 -0.196692
vn -0.816509 0.158832 -0.555054
vn -0.978300 -0.000660 -0.207192
vn -1.000000 -0.000000 -0.000000
vn -0.985375 0.170401 -0.000007
vn -0.966998 0.161949 -0.196692
vn -0.985375 0.170401 -0.000007
vn -0.966707 0.163766 0.196615
vn -0.929238 0.322231 0.180787
vn -0.941989 0.335645 -0.000014
vn -0.966707 0.163766 0.196615
vn -0.815874 0.163991 0.554488
vn -0.792983 0.320748 0.517975
vn -0.929238 0.322231 0.180787
vn -0.815874 0.163991 0.554488
vn -0.000000 0.205658 0.978624
vn -0.000000 0.399836 0.916587
vn -0.792983 0.320748 0.517975
vn -0.000000 0.205658 0.978624
vn 0.815874 0.163991 0.554488
vn 0.792983 0.320748 0.517975
vn -0.000000 0.399836 0.916587
vn 0.815874 0.163991 0.554488
vn 0.966707 0.163766 0.196615
vn 0.929238 0.322231 0.180787
vn 0.792983 0.320748 0.517975
vn 0.966707 0.163766 0.196615
vn 0.985375 0.170401 -0.000007
vn 0.941989 0.335645 -0.000014
vn 0.929238 0.322231 0.180787
vn 0.985375 0.170401 -0.000007
vn 0.966998 0.161949 -0.196692
vn 0.929973 0.319999 -0.180973
vn 0.941989 0.335645 -0.000014
vn 0.966998 0.161949 -0.196692
vn 0.816509 0.158832 -0.555054
vn 0.794638 0.314351 -0.519360
vn 0.929973 0.319999 -0.180973
vn 0.816509 0.158832 -0.555054
vn 0.000000 0.196672 -0.980469
vn 0.000000 0.389190 -0.921158
vn 0.794638 0.314351 -0.519360
vn 0.000000 0.196672 -0.980469
vn -0.816509 0.158832 -0.555054
vn -0.794638 0.314351 -0.519360
vn 0.000000 0.389190 -0.921158
vn -0.816509 0.158832 -0.555054
vn -0.966998 0.161949 -0.196692
vn -0.929973 0.319999 -0.180973
vn -0.794638 0.314351 -0.519360
vn -0.966998 0.161949 -0.196692
vn -0.985375 0.170401 -0.000007
vn -0.941989 0.335645 -0.000014
vn -0.929973 0.319999 -0.180973
vn -0.000000 1.000000 0.000000
vn -0.000000 1.000000 0.000000
vn -0.000000 1.000000 0.000000
vn -0.000000 1.000000 0.000000
vn -0.000000 1.000000 0.000000
vn -0.000000 1.000000 0.000000
vn -0.000000 1.000000 0.000000
vn -0.000000 1.000000 0.000000
vn -0.000000 1.000000 0.000000
vn -0.000000 1.000000 0.000000
vn -0.000000 1.000000 0.000000
vn -0.000000 1.000000 0.000000
vn -0.000000 1.000000 0.000000
vn -0.000000 1.000000 0.000000
vn -0.000000 1.000000 0.000000
vn -0.000000 1.000000 0.000000
vn -0.000000 1.000000 0.000000
vn -0.000000 1.000000 0.000000
vn -0.000000 1.000000 0.000000
vn -0.000000 1.000000 0.000000
vn -0.000000 1.000000 0.000000
vn -0.000000 1.000000 0.000000
vn -0.000000 1.000000 0.000000
vn -0.000000 1.000000 0.000000
vn -0.000000 1.000000 0.000000
vn -0.000000 1.000000 0.000000
vn -0.000000 1.000000 0.000000
vn -0.000000 1.000000 0.000000
vn -0.000000 1.000000 0.000000
vn -0.000000 1.000000 0.000000
vn -0.000000 1.000000 0.000000
vn -0.000000 1.000000 0.000000
vn -0.000000 1.000000 0.000000
vn -0.000000 1.000000 0.000000
vn -0.000000 1.000000 0.000000
vn -0.000000 1.000000 0.000000
vn -0.904209 -0.427091 0.000000
vn -0.875159 -0.425958 0.229471
vn -0.944068 -0.218385 0.247071
vn -0.975720 -0.219020 0.000000
vn -0.875159 -0.425958 0.229471
vn -0.804309 -0.424533 0.415763
vn -0.867386 -0.217562 0.447559
vn -0.944068 -0.218385 0.247071
vn -0.804309 -0.424533 0.415763
vn -0.728380 -0.426242 0.536452
vn -0.786182 -0.218430 0.578106
vn -0.867386 -0.217562 0.447559
vn -0.728380 -0.426242 0.536452
vn -0.678240 -0.430995 0.595175
vn -0.733382 -0.220966 0.642904
vn -0.786182 -0.218430 0.578106
vn -0.678240 -0.430995 0.595175
vn -0.656442 -0.433958 0.617061
vn -0.710349 -0.222562 0.667735
vn -0.733382 -0.220966 0.642904
vn -0.656442 -0.433958 0.617061
vn -0.635316 -0.432481 0.639792
vn -0.686713 -0.221770 0.692274
vn -0.710349 -0.222562 0.667735
vn -0.635316 -0.432481 0.639792
vn -0.577360 -0.431418 0.693206
vn -0.623505 -0.221228 0.749867
vn -0.686713 -0.221770 0.692274
vn -0.577360 -0.431418 0.693206
vn -0.453703 -0.436171 0.777116
vn -0.490641 -0.223871 0.842112
vn -0.623505 -0.221228 0.749867
vn -0.453703 -0.436171 0.777116
vn -0.254032 -0.444651 0.858925
vn -0.275514 -0.228563 0.933729
vn -0.490641 -0.223871 0.842112
vn -0.254032 -0.444651 0.858925
vn -0.000000 -0.448989 0.893537
vn -0.000000 -0.230971 0.972961
vn -0.275514 -0.228563 0.933729
vn -0.000000 -0.448989 0.893537
vn 0.254032 -0.444651 0.858925
vn 0.275514 -0.228563 0.933729
vn -0.000000 -0.230971 0.972961
vn 0.254032 -0.444651 0.858925
vn 0.453703 -0.436171 0.777116
vn 0.490641 -0.223871 0.842112
vn 0.275514 -0.228563 0.933729
vn 0.453703 -0.436171 0.777116
vn 0.577360 -0.431418 0.693206
vn 0.623505 -0.221228 0.749867
vn 0.490641 -0.223871 0.842112
vn 0.577360 -0.431418 0.693206
vn 0.635316 -0.432481 0.639792
vn 0.686713 -0.221770 0.692274
vn 0.623505 -0.221228 0.749867
vn 0.635316 -0.432481 0.639792
vn 0.656442 -0.433958 0.617061
vn 0.710349 -0.222562 0.667735
vn 0.686713 -0.221770 0.692274
vn 0.656442 -0.433958 0.617061
vn 0.678240 -0.430995 0.595175
vn 0.733382 -0.220966 0.642904
vn 0.710349 -0.222562 0.667735
vn 0.678240 -0.430995 0.595175
vn 0.728380 -0.426242 0.536452
vn 0.786182 -0.218430 0.578106
vn 0.733382 -0.220966 0.642904
vn 0.728380 -0.426242 0.536452
vn 0.804309 -0.424533 0.415763
vn 0.867386 -0.217562 0.447559
vn 0.786182 -0.218430 0.578106
vn 0.804309 -0.424533 0.415763
vn 0.875159 -0.425958 0.229471
vn 0.944068 -0.218385 0.247071
vn 0.867386 -0.217562 0.447559
vn 0.875159 -0.425958 0.229471
vn 0.904209 -0.427091 0.000000
vn 0.975720 -0.219020 0.000000
vn 0.944068 -0.218385 0.247071
vn 0.904209 -0.427091 0.000000
vn 0.875159 -0.425958 -0.229471
vn 0.944068 -0.218385 -0.247071
vn 0.975720 -0.219020 0.000000
vn 0.875159 -0.425958 -0.229471
vn 0.804309 -0.424533 -0.415763
vn 0.867386 -0.217562 -0.447559
vn 0.944068 -0.218385 -0.247071
vn 0.804309 -0.424533 -0.415763
vn 0.728380 -0.426242 -0.536452
vn 0.786182 -0.218430 -0.578106
vn 0.867386 -0.217562 -0.447559
vn 0.728380 -0.426242 -0.536452
vn 0.678240 -0.430995 -0.595175
vn 0.733382 -0.220966 -0.642904
vn 0.786182 -0.218430 -0.578106
vn 0.678240 -0.430995 -0.595175
vn 0.656442 -0.433958 -0.617061
vn 0.710349 -0.222562 -0.667735
vn 0.733382 -0.220966 -0.642904
vn 0.656442 -0.433958 -0.617061
vn 0.635316 -0.432481 -0.639792
vn 0.686713 -0.221770 -0.692274
vn 0.710349 -0.222562 -0.667735
vn 0.635316 -0.432481 -0.639792
vn 0.577360 -0.431418 -0.693206
vn 0.623505 -0.221228 -0.749867
vn 0.686713 -0.221770 -0.692274
vn 0.577360 -0.431418 -0.693206
vn 0.453703 -0.436171 -0.777116
vn 0.490641 -0.223871 -0.842112
vn 0.623505 -0.221228 -0.749867
vn 0.453703 -0.436171 -0.777116
vn 0.254032 -0.444651 -0.858925
vn 0.275514 -0.228563 -0.933729
vn 0.490641 -0.223871 -0.842112
vn 0.254032 -0.444651 -0.858925
vn 0.000000 -0.448989 -0.893537
vn 0.000000 -0.230971 -0.972961
vn 0.275514 -0.228563 -0.933729
vn 0.000000 -0.448989 -0.893537
vn -0.254032 -0.444651 -0.858925
vn -0.275514 -0.228563 -0.933729
vn 0.000000 -0.230971 -0.972961
vn -0.254032 -0.444651 -0.858925
vn -0.453703 -0.436171 -0.777116
vn -0.490641 -0.223871 -0.842112
vn -0.275514 -0.228563 -0.933729
vn -0.453703 -0.436171 -0.777116
vn -0.577360 -0.431418 -0.693206
vn -0.623505 -0.221228 -0.749867
vn -0.490641 -0.223871 -0.842112
vn -0.577360 -0.431418 -0.693206
vn -0.635316 -0.432481 -0.639792
vn -0.686713 -0.221770 -0.692274
vn -0.623505 -0.221228 -0.749867
vn -0.635316 -0.432481 -0.639792
vn -0.656442 -0.433958 -0.617061
vn -0.710349 -0.222562 -0.667735
vn -0.686713 -0.221770 -0.692274
vn -0.656442 -0.433958 -0.617061
vn -0.678240 -0.430995 -0.595175
vn -0.733382 -0.220966 -0.642904
vn -0.710349 -0.222562 -0.667735
vn -0.678240 -0.430995 -0.595175
vn -0.728380 -0.426242 -0.536452
vn -0.786182 -0.218430 -0.578106
vn -0.733382 -0.220966 -0.642904
vn -0.728380 -0.426242 -0.536452
vn -0.804309 -0.424533 -0.415763
vn -0.867386 -0.217562 -0.447559
vn -0.786182 -0.218430 -0.578106
vn -0.804309 -0.424533 -0.415763
vn -0.875159 -0.425958 -0.229471
vn -0.944068 -0.218385 -0.247071
vn -0.867386 -0.217562 -0.447559
vn -0.875159 -0.425958 -0.229471
vn -0.904209 -0.427091 0.000000
vn -0.975720 -0.219020 0.000000
vn -0.944068 -0.218385 -0.247071
vn -0.975720 -0.219020 0.000000
vn -0.944068 -0.218385 0.247071
vn -0.944068 0.218385 0.247071
vn -0.975720 0.219020 0.000000
vn -0.944068 -0.218385 0.247071
vn -0.867386 -0.217562 0.447559
vn -0.867386 0.217562 0.447559
vn -0.944068 0.218385 0.247071
vn -0.867386 -0.217562 0.447559
vn -0.786182 -0.218430 0.578106
vn -0.786182 0.218430 0.578106
vn -0.867386 0.217562 0.447559
vn -0.786182 -0.218430 0.578106
vn -0.733382 -0.220966 0.642904
vn -0.733382 0.220966 0.642904
vn -0.786182 0.218430 0.578106
vn -0.733382 -0.220966 0.642904
vn -0.710349 -0.222562 0.667735
vn -0.710349 0.222562 0.667735
vn -0.733382 0.220966 0.642904
vn -0.710349 -0.222562 0.667735
vn -0.686713 -0.221770 0.692274
vn -0.686713 0.221770 0.692274
vn -0.710349 0.222562 0.667735
vn -0.686713 -0.221770 0.692274
vn -0.623505 -0.221228 0.749867
vn -0.623505 0.221228 0.749867
vn -0.686713 0.221770 0.692274
vn -0.623505 -0.221228 0.749867
vn -0.490641 -0.223871 0.842112
vn -0.490641 0.223871 0.842112
vn -0.623505 0.221228 0.749867
vn -0.490641 -0.223871 0.842112
vn -0.275514 -0.228563 0.933729
vn -0.275514 0.228563 0.933729
vn -0.490641 0.223871 0.842112
vn -0.275514 -0.228563 0.933729
vn -0.000000 -0.230971 0.972961
vn -0.000000 0.230971 0.972961
vn -0.275514 0.228563 0.933729
vn -0.000000 -0.230971 0.972961
vn 0.275514 -0.228563 0.933729
vn 0.275514 0.228563 0.933729
vn -0.000000 0.230971 0.972961
vn 0.275514 -0.228563 0.933729
vn 0.490641 -0.223871 0.842112
vn 0.490641 0.223871 0.842112
vn 0.275514 0.228563 0.933729
vn 0.490641 -0.223871 0.842112
vn 0.623505 -0.221228 0.749867
vn 0.623505 0.221228 0.749867
vn 0.490641 0.223871 0.842112
vn 0.623505 -0.221228 0.749867
vn 0.686713 -0.221770 0.692274
vn 0.686713 0.221770 0.692274
vn 0.623505 0.221228 0.749867
vn 0.686713 -0.221770 0.692274
vn 0.710349 -0.222562 0.667735
vn 0.710349 0.222562 0.667735
vn 0.686713 0.221770 0.692274
vn 0.710349 -0.222562 0.667735
vn 0.733382 -0.220966 0.642904
vn 0.733382 0.220966 0.642904
vn 0.710349 0.222562 0.667735
vn 0.733382 -0.220966 0.642904
vn 0.786182 -0.218430 0.578106
vn 0.786182 0.218430 0.578106
vn 0.733382 0.220966 0.642904
vn 0.786182 -0.218430 0.578106
vn 0.867386 -0.217562 0.447559
vn 0.867386 0.217562 0.447559
vn 0.786182 0.218430 0.578106
vn 0.867386 -0.217562 0.447559
vn 0.944068 -0.218385 0.247071
vn 0.944068 0.218385 0.247071
vn 0.867386 0.217562 0.447559
vn 0.944068 -0.218385 0.247071
vn 0.975720 -0.219020 0.000000
vn 0.975720 0.219020 0.000000
vn 0.944068 0.218385 0.247071
vn 0.975720 -0.219020 0.000000
vn 0.944068 -0.218385 -0.247071
vn 0.944068 0.218385 -0.247071
vn 0.975720 0.219020 0.000000
vn 0.944068 -0.218385 -0.247071
vn 0.867386 -0.217562 -0.447559
vn 0.867386 0.217562 -0.447559
vn 0.944068 0.218385 -0.247071
vn 0.867386 -0.217562 -0.447559
vn 0.786182 -0.218430 -0.578106
vn 0.786182 0.218430 -0.578106
vn 0.867386 0.217562 -0.447559
vn 0.786182 -0.218430 -0.578106
vn 0.733382 -0.220966 -0.642904
vn 0.733382 0.220966 -0.642904
vn 0.786182 0.218430 -0.578106
vn 0.733382 -0.220966 -0.642904
vn 0.710349 -0.222562 -0.667735
vn 0.710349 0.222562 -0.667735
vn 0.733382 0.220966 -0.642904
vn 0.710349 -0.222562 -0.667735
vn 0.686713 -0.221770 -0.692274
vn 0.686713 0.221770 -0.692274
vn 0.710349 0.222562 -0.667735
vn 0.686713 -0.221770 -0.692274
vn 0.623505 -0.221228 -0.749867
vn 0.623505 0.221228 -0.749867
vn 0.686713 0.221770 -0.692274
vn 0.623505 -0.221228 -0.749867
vn 0.490641 -0.223871 -0.842112
vn 0.490641 0.223871 -0.842112
vn 0.623505 0.221228 -0.749867
vn 0.490641 -0.223871 -0.842112
vn 0.275514 -0.228563 -0.933729
vn 0.275514 0.228563 -0.933729
vn 0.490641 0.223871 -0.842112
vn 0.275514 -0.228563 -0.933729
vn 0.000000 -0.230971 -0.972961
vn 0.000000 0.230971 -0.972961
vn 0.275514 0.228563 -0.933729
vn 0.000000 -0.230971 -0.972961
vn -0.275514 -0.228563 -0.933729
vn -0.275514 0.228563 -0.933729
vn 0.000000 0.230971 -0.972961
vn -0.275514 -0.228563 -0.933729
vn -0.490641 -0.223871 -0.842112
vn -0.490641 0.223871 -0.842112
vn -0.275514 0.228563 -0.933729
vn -0.490641 -0.223871 -0.842112
vn -0.623505 -0.221228 -0.749867
vn -0.623505 0.221228 -0.749867
vn -0.490641 0.223871 -0.842112
vn -0.623505 -0.221228 -0.749867
vn -0.686713 -0.221770 -0.692274
vn -0.686713 0.221770 -0.692274
vn -0.623505 0.221228 -0.749867
vn -0.686713 -0.221770 -0.692274
vn -0.710349 -0.222562 -0.667735
vn -0.710349 0.222562 -0.667735
vn -0.686713 0.221770 -0.692274
vn -0.710349 -0.222562 -0.667735
vn -0.733382 -0.220966 -0.642904
vn -0.733382 0.220966 -0.642904
vn -0.710349 0.222562 -0.667735
vn -0.733382 -0.220966 -0.642904
vn -0.786182 -0.218430 -0.578106
vn -0.786182 0.218430 -0.578106
vn -0.733382 0.220966 -0.642904
vn -0.786182 -0.218430 -0.578106
vn -0.867386 -0.217562 -0.447559
vn -0.867386 0.217562 -0.447559
vn -0.786182 0.218430 -0.578106
vn -0.867386 -0.217562 -0.447559
vn -0.944068 -0.218385 -0.247071
vn -0.944068 0.218385 -0.247071
vn -0.867386 0.217562 -0.447559
vn -0.944068 -0.218385 -0.247071
vn -0.975720 -0.219020 0.000000
vn -0.975720 0.219020 0.000000
vn -0.944068 0.218385 -0.247071
vn -0.975720 0.219020 0.000000
vn -0.944068 0.218385 0.247071
vn -0.875159 0.425958 0.229471
vn -0.904209 0.427091 0.000000
vn -0.944068 0.218385 0.247071
vn -0.867386 0.217562 0.447559
vn -0.804309 0.424533 0.415763
vn -0.875159 0.425958 0.229471
vn -0.867386 0.217562 0.447559
vn -0.786182 0.218430 0.578106
vn -0.728380 0.426242 0.536452
vn -0.804309 0.424533 0.415763
vn -0.786182 0.218430 0.578106
vn -0.733382 0.220966 0.642904
vn -0.678240 0.430995 0.595175
vn -0.728380 0.426242 0.536452
vn -0.733382 0.220966 0.642904
vn -0.710349 0.222562 0.667735
vn -0.656442 0.433958 0.617061
vn -0.678240 0.430995 0.595175
vn -0.710349 0.222562 0.667735
vn -0.686713 0.221770 0.692274
vn -0.635316 0.432481 0.639792
vn -0.656442 0.433958 0.617061
vn -0.686713 0.221770 0.692274
vn -0.623505 0.221228 0.749867
vn -0.577360 0.431418 0.693206
vn -0.635316 0.432481 0.639792
vn -0.623505 0.221228 0.749867
vn -0.490641 0.223871 0.842112
vn -0.453703 0.436171 0.777116
vn -0.577360 0.431418 0.693206
vn -0.490641 0.223871 0.842112
vn -0.275514 0.228563 0.933729
vn -0.254032 0.444651 0.858925
vn -0.453703 0.436171 0.777116
vn -0.275514 0.228563 0.933729
vn -0.000000 0.230971 0.972961
vn -0.000000 0.448989 0.893537
vn -0.254032 0.444651 0.858925
vn -0.000000 0.230971 0.972961
vn 0.275514 0.228563 0.933729
vn 0.254032 0.444651 0.858925
vn -0.000000 0.448989 0.893537
vn 0.275514 0.228563 0.933729
vn 0.490641 0.223871 0.842112
vn 0.453703 0.436171 0.777116
vn 0.254032 0.444651 0.858925
vn 0.490641 0.223871 0.842112
vn 0.623505 0.221228 0.749867
vn 0.577360 0.431418 0.693206
vn 0.453703 0.436171 0.777116
vn 0.623505 0.221228 0.749867
vn 0.686713 0.221770 0.692274
vn 0.635316 0.432481 0.639792
vn 0.577360 0.431418 0.693206
vn 0.686713 0.221770 0.692274
vn 0.710349 0.222562 0.667735
vn 0.656442 0.433958 0.617061
vn 0.635316 0.432481 0.639792
vn 0.710349 0.222562 0.667735
vn 0.733382 0.220966 0.642904
vn 0.678240 0.430995 0.595175
vn 0.656442 0.433958 0.617061
vn 0.733382 0.220966 0.642904
vn 0.786182 0.218430 0.578106
vn 0.728380 0.426242 0.536452
vn 0.678240 0.430995 0.595175
vn 0.786182 0.218430 0.578106
vn 0.867386 0.217562 0.447559
vn 0.804309 0.424533 0.415763
vn 0.728380 0.426242 0.536452
vn 0.867386 0.217562 0.447559
vn 0.944068 0.218385 0.247071
vn 0.875159 0.425958 0.229471
vn 0.804309 0.424533 0.415763
vn 0.944068 0.218385 0.247071
vn 0.975720 0.219020 0.000000
vn 0.904209 0.427091 0.000000
vn 0.875159 0.425958 0.229471
vn 0.975720 0.219020 0.000000
vn 0.944068 0.218385 -0.247071
vn 0.875159 0.425958 -0.229471
vn 0.904209 0.427091 0.000000
vn 0.944068 0.218385 -0.247071
vn 0.867386 0.217562 -0.447559
vn 0.804309 0.424533 -0.415763
vn 0.875159 0.425958 -0.229471
vn 0.867386 0.217562 -0.447559
vn 0.786182 0.218430 -0.578106
vn 0.728380 0.426242 -0.536452
vn 0.804309 0.424533 -0.415763
vn 0.786182 0.218430 -0.578106
vn 0.733382 0.220966 -0.642904
vn 0.678240 0.430995 -0.595175
vn 0.728380 0.426242 -0.536452
vn 0.733382 0.220966 -0.642904
vn 0.710349 0.222562 -0.667735
vn 0.656442 0.433958 -0.617061
vn 0.678240 0.430995 -0.595175
vn 0.710349 0.222562 -0.667735
vn 0.686713 0.221770 -0.692274
vn 0.635316 0.432481 -0.639792
vn 0.656442 0.433958 -0.617061
vn 0.686713 0.221770 -0.692274
vn 0.623505 0.221228 -0.749867
vn 0.577360 0.431418 -0.693206
vn 0.635316 0.432481 -0.639792
vn 0.623505 0.221228 -0.749867
vn 0.490641 0.223871 -0.842112
vn 0.453703 0.436171 -0.777116
vn 0.577360 0.431418 -0.693206
vn 0.490641 0.223871 -0.842112
vn 0.275514 0.228563 -0.933729
vn 0.254032 0.444651 -0.858925
vn 0.453703 0.436171 -0.777116
vn 0.275514 0.228563 -0.933729
vn 0.000000 0.230971 -0.972961
vn 0.000000 0.448989 -0.893537
vn 0.254032 0.444651 -0.858925
vn 0.000000 0.230971 -0.972961
vn -0.275514 0.228563 -0.933729
vn -0.254032 0.444651 -0.858925
vn 0.000000 0.448989 -0.893537
vn -0.275514 0.228563 -0.933729
vn -0.490641 0.223871 -0.842112
vn -0.453703 0.436171 -0.777116
vn -0.254032 0.444651 -0.858925
vn -0.490641 0.223871 -0.842112
vn -0.623505 0.221228 -0.749867
vn -0.577360 0.431418 -0.693206
vn -0.453703 0.436171 -0.777116
vn -0.623505 0.221228 -0.749867
vn -0.686713 0.221770 -0.692274
vn -0.635316 0.432481 -0.639792
vn -0.577360 0.431418 -0.693206
vn -0.686713 0.221770 -0.692274
vn -0.710349 0.222562 -0.667735
vn -0.656442 0.433958 -0.617061
vn -0.635316 0.432481 -0.639792
vn -0.710349 0.222562 -0.667735
vn -0.733382 0.220966 -0.642904
vn -0.678240 0.430995 -0.595175
vn -0.656442 0.433958 -0.617061
vn -0.733382 0.220966 -0.642904
vn -0.786182 0.218430 -0.578106
vn -0.728380 0.426242 -0.536452
vn -0.678240 0.430995 -0.595175
vn -0.786182 0.218430 -0.578106
vn -0.867386 0.217562 -0.447559
vn -0.804309 0.424533 -0.415763
vn -0.728380 0.426242 -0.536452
vn -0.867386 0.217562 -0.447559
vn -0.944068 0.218385 -0.247071
vn -0.875159 0.425958 -0.229471
vn -0.804309 0.424533 -0.415763
vn -0.944068 0.218385 -0.247071
vn -0.975720 0.219020 0.000000
vn -0.904209 0.427091 0.000000
vn -0.875159 0.425958 -0.229471
vn -0.000000 -1.000000 0.000000
vn -0.000000 -1.000000 0.000000
vn -0.000000 -1.000000 0.000000
vn -0.000000 -1.000000 0.000000
vn -0.000000 -1.000000 0.000000
vn -0.000000 -1.000000 0.000000
vn -0.000000 -1.000000 0.000000
vn -0.000000 -1.000000 0.000000
vn -0.000000 -1.000000 0.000000
vn -0.000000 -1.000000 0.000000
vn -0.000000 -1.000000 0.000000
vn -0.000000 -1.000000 0.000000
vn -0.000000 -1.000000 0.000000
vn -0.000000 -1.000000 0.000000
vn -0.000000 -1.000000 0.000000
vn -0.000000 -1.000000 0.000000
vn -0.000000 -1.000000 0.000000
vn -0.000000 -1.000000 0.000000
vn -0.000000 -1.000000 0.000000
vn -0.000000 -1.000000 0.000000
vn -0.000000 -1.000000 0.000000
vn -0.000000 -1.000000 0.000000
vn -0.000000 -1.000000 0.000000
vn -0.000000 -1.000000 0.000000
vn -0.000000 -1.000000 0.000000
vn -0.000000 -1.000000 0.000000
vn -0.000000 -1.000000 0.000000
vn -0.000000 -1.000000 0.000000
vn -0.000000 -1.000000 0.000000
vn -0.000000 -1.000000 0.000000
vn -0.000000 -1.000000 0.000000
vn -0.000000 -1.000000 0.000000
vn -0.000000 -1.000000 0.000000
vn -0.000000 -1.000000 0.000000
vn -0.000000 -1.000000 0.000000
vn -0.000000 -1.000000 0.000000
vn -0.000000 -1.000000 0.000000
vn -0.000000 -1.000000 0.000000
vn -0.000000 -1.000000 0.000000
vn -0.000000 -1.000000 0.000000
vn -0.000000 -1.000000 0.000000
vn -0.000000 -1.000000 0.000000
vn -0.000000 -1.000000 0.000000
vn -0.000000 -1.000000 0.000000
vn -0.000000 -1.000000 0.000000
vn -0.000000 -1.000000 0.000000
vn -0.000000 -1.000000 0.000000
vn -0.000000 -1.000000 0.000000
vn -0.000000 -1.000000 0.000000
vn -0.000000 -1.000000 0.000000
vn -0.000000 -1.000000 0.000000
vn -0.000000 -1.000000 0.000000
vn -0.000000 -1.000000 0.000000
vn -0.000000 -1.000000 0.000000
vn -0.000000 -1.000000 0.000000
vn -0.000000 -1.000000 0.000000
vn -0.000000 -1.000000 0.000000
vn -0.000000 -1.000000 0.000000
vn -0.000000 -1.000000 0.000000
vn -0.000000 -1.000000 0.000000
vn -0.000000 -1.000000 0.000000
vn -0.000000 -1.000000 0.000000
vn -0.000000 -1.000000 0.000000
vn -0.000000 -1.000000 0.000000
vn -0.000000 -1.000000 0.000000
vn -0.000000 -1.000000 0.000000
vn -0.000000 -1.000000 0.000000
vn -0.000000 -1.000000 0.000000
vn -0.000000 -1.000000 0.000000
vn -0.000000 -1.000000 0.000000
vn -0.000000 -1.000000 0.000000
vn -0.000000 -1.000000 0.000000
vn -0.000000 -1.000000 0.000000
vn -0.000000 -1.000000 0.000000
vn -0.000000 -1.000000 0.000000
vn -0.000000 -1.000000 0.000000
vn -0.000000 -1.000000 0.000000
vn -0.000000 -1.000000 0.000000
vn -0.000000 -1.000000 0.000000
vn -0.000000 -1.000000 0.000000
vn -0.000000 -1.000000 0.000000
vn -0.000000 -1.000000 0.000000
vn -0.000000 -1.000000 0.000000
vn -0.000000 -1.000000 0.000000
vn -0.000000 -1.000000 0.000000
vn -0.000000 -1.000000 0.000000
vn -0.000000 -1.000000 0.000000
vn -0.000000 -1.000000 0.000000
vn -0.000000 -1.000000 0.000000
vn -0.000000 -1.000000 0.000000
vn -0.000000 -1.000000 0.000000
vn -0.000000 -1.000000 0.000000
vn -0.000000 -1.000000 0.000000
vn -0.000000 -1.000000 0.000000
vn -0.000000 -1.000000 0.000000
vn -0.000000 -1.000000 0.000000
vn -0.000000 -1.000000 0.000000
vn -0.000000 -1.000000 0.000000
vn -0.000000 -1.000000 0.000000
vn -0.000000 -1.000000 0.000000
vn -0.000000 -1.000000 0.000000
vn -0.000000 -1.000000 0.000000
vn -0.000000 -1.000000 0.000000
vn -0.000000 -1.000000 0.000000
vn -0.000000 -1.000000 0.000000
vn -0.000000 -1.000000 0.000000
vn -0.000000 -1.000000 0.000000
vn -0.000000 -1.000000 0.000000
vn -0.000000 -1.000000 0.000000
vn -0.000000 -1.000000 0.000000
vn -0.000000 -1.000000 0.000000
vn -0.000000 -1.000000 0.000000
vn -0.000000 -1.000000 0.000000
vn -0.000000 -1.000000 0.000000
vn -0.000000 -1.000000 0.000000
vn -0.000000 -1.000000 0.000000
vn -0.000000 -1.000000 0.000000
vn -0.000000 -1.000000 0.000000
vn -0.000000 -1.000000 0.000000
vn -0.000000 -1.000000 0.000000
vn -0.000000 1.000000 0.000000
vn -0.000000 1.000000 0.000000
vn -0.000000 1.000000 0.000000
vn -0.000000 1.000000 0.000000
vn -0.000000 1.000000 0.000000
vn -0.000000 1.000000 0.000000
vn -0.000000 1.000000 0.000000
vn -0.000000 1.000000 0.000000
vn -0.000000 1.000000 0.000000
vn -0.000000 1.000000 0.000000
vn -0.000000 1.000000 0.000000
vn -0.000000 1.000000 0.000000
vn -0.000000 1.000000 0.000000
vn -0.000000 1.000000 0.000000
vn -0.000000 1.000000 0.000000
vn -0.000000 1.000000 0.000000
vn -0.000000 1.000000 0.000000
vn -0.000000 1.000000 0.000000
vn -0.000000 1.000000 0.000000
vn -0.000000 1.000000 0.000000
vn -0.000000 1.000000 0.000000
vn -0.000000 1.000000 0.000000
vn -0.000000 1.000000 0.000000
vn -0.000000 1.000000 0.000000
vn -0.000000 1.000000 0.000000
vn -0.000000 1.000000 0.000000
vn -0.000000 1.000000 0.000000
vn -0.000000 1.000000 0.000000
vn -0.000000 1.000000 0.000000
vn -0.000000 1.000000 0.000000
vn -0.000000 1.000000 0.000000
vn -0.000000 1.000000 0.000000
vn -0.000000 1.000000 0.000000
vn -0.000000 1.000000 0.000000
vn -0.000000 1.000000 0.000000
vn -0.000000 1.000000 0.000000
vn -0.000000 1.000000 0.000000
vn -0.000000 1.000000 0.000000
vn -0.000000 1.000000 0.000000
vn -0.000000 1.000000 0.000000
vn -0.000000 1.000000 0.000000
vn -0.000000 1.000000 0.000000
vn -0.000000 1.000000 0.000000
vn -0.000000 1.000000 0.000000
vn -0.000000 1.000000 0.000000
vn -0.000000 1.000000 0.000000
vn -0.000000 1.000000 0.000000
vn -0.000000 1.000000 0.000000
vn -0.000000 1.000000 0.000000
vn -0.000000 1.000000 0.000000
vn -0.000000 1.000000 0.000000
vn -0.000000 1.000000 0.000000
vn -0.000000 1.000000 0.000000
vn -0.000000 1.000000 0.000000
vn -0.000000 1.000000 0.000000
vn -0.000000 1.000000 0.000000
vn -0.000000 1.000000 0.000000
vn -0.000000 1.000000 0.000000
vn -0.000000 1.000000 0.000000
vn -0.000000 1.000000 0.000000
vn -0.000000 1.000000 0.000000
vn -0.000000 1.000000 0.000000
vn -0.000000 1.000000 0.000000
vn -0.000000 1.000000 0.000000
vn -0.000000 1.000000 0.000000
vn -0.000000 1.000000 0.000000
vn -0.000000 1.000000 0.000000
vn -0.000000 1.000000 0.000000
vn -0.000000 1.000000 0.000000
vn -0.000000 1.000000 0.000000
vn -0.000000 1.000000 0.000000
vn -0.000000 1.000000 0.000000
vn -0.000000 1.000000 0.000000
vn -0.000000 1.000000 0.000000
vn -0.000000 1.000000 0.000000
vn -0.000000 1.000000 0.000000
vn -0.000000 1.000000 0.000000
vn -0.000000 1.000000 0.000000
vn -0.000000 1.000000 0.000000
vn -0.000000 1.000000 0.000000
vn -0.000000 1.000000 0.000000
vn -0.000000 1.000000 0.000000
vn -0.000000 1.000000 0.000000
vn -0.000000 1.000000 0.000000
vn -0.000000 1.000000 0.000000
vn -0.000000 1.000000 0.000000
vn -0.000000 1.000000 0.000000
vn -0.000000 1.000000 0.000000
vn -0.000000 1.000000 0.000000
vn -0.000000 1.000000 0.000000
vn -0.000000 1.000000 0.000000
vn -0.000000 1.000000 0.000000
vn -0.000000 1.000000 0.000000
vn -0.000000 1.000000 0.000000
vn -0.000000 1.000000 0.000000
vn -0.000000 1.000000 0.000000
vn -0.000000 1.000000 0.000000
vn -0.000000 1.000000 0.000000
vn -0.000000 1.000000 0.000000
vn -0.000000 1.000000 0.000000
vn -0.000000 1.000000 0.000000
vn -0.000000 1.000000 0.000000
vn -0.000000 1.000000 0.000000
vn -0.000000 1.000000 0.000000
vn -0.000000 1.000000 0.000000
vn -0.000000 1.000000 0.000000
vn -0.000000 1.000000 0.000000
vn -0.000000 1.000000 0.000000
vn -0.000000 1.000000 0.000000
vn -0.000000 1.000000 0.000000
vn -0.000000 1.000000 0.000000
vn -0.000000 1.000000 0.000000
vn -0.000000 1.000000 0.000000
vn -0.000000 1.000000 0.000000
vn -0.000000 1.000000 0.000000
vn -0.000000 1.000000 0.000000
vn -0.000000 1.000000 0.000000
vn -0.000000 1.000000 0.000000
vn -0.000000 1.000000 0.000000
vn -0.000000 1.000000 0.000000
vn -0.999997 0.002634 0.000000
vn -0.970043 0.002689 0.242920
vn -0.970039 0.003803 0.242919
vn -0.999993 0.003725 0.000000
vn -0.970043 0.002689 0.242920
vn -0.872248 0.002852 0.489056
vn -0.872244 0.004033 0.489054
vn -0.970039 0.003803 0.242919
vn -0.872248 0.002852 0.489056
vn -0.684713 0.003097 0.728807
vn -0.684709 0.004380 0.728803
vn -0.872244 0.004033 0.489054
vn -0.684713 0.003097 0.728807
vn -0.386600 0.003345 0.922241
vn -0.386598 0.004730 0.922236
vn -0.684709 0.004380 0.728803
vn -0.386600 0.003345 0.922241
vn -0.000000 0.003455 0.999994
vn -0.000000 0.004885 0.999988
vn -0.386598 0.004730 0.922236
vn -0.000000 0.003455 0.999994
vn 0.386600 0.003345 0.922241
vn 0.386598 0.004730 0.922236
vn -0.000000 0.004885 0.999988
vn 0.386600 0.003345 0.922241
vn 0.684713 0.003097 0.728807
vn 0.684709 0.004380 0.728803
vn 0.386598 0.004730 0.922236
vn 0.684713 0.003097 0.728807
vn 0.872248 0.002852 0.489056
vn 0.872244 0.004033 0.489054
vn 0.684709 0.004380 0.728803
vn 0.872248 0.002852 0.489056
vn 0.970043 0.002689 0.242920
vn 0.970039 0.003803 0.242919
vn 0.872244 0.004033 0.489054
vn 0.970043 0.002689 0.242920
vn 0.999997 0.002634 0.000000
vn 0.999993 0.003725 0.000000
vn 0.970039 0.003803 0.242919
vn 0.999997 0.002634 0.000000
vn 0.970043 0.002689 -0.242920
vn 0.970039 0.003803 -0.242919
vn 0.999993 0.003725 0.000000
vn 0.970043 0.002689 -0.242920
vn 0.872248 0.002852 -0.489056
vn 0.872244 0.004033 -0.489054
vn 0.970039 0.003803 -0.242919
vn 0.872248 0.002852 -0.489056
vn 0.684713 0.003097 -0.728807
vn 0.684709 0.004380 -0.728803
vn 0.872244 0.004033 -0.489054
vn 0.684713 0.003097 -0.728807
vn 0.386600 0.003345 -0.922241
vn 0.386598 0.004730 -0.922236
vn 0.684709 0.004380 -0.728803
vn 0.386600 0.003345 -0.922241
vn 0.000000 0.003455 -0.999994
vn 0.000000 0.004885 -0.999988
vn 0.386598 0.004730 -0.922236
vn 0.000000 0.003455 -0.999994
vn -0.386600 0.003345 -0.922241
vn -0.386598 0.004730 -0.922236
vn 0.000000 0.004885 -0.999988
vn -0.386600 0.003345 -0.922241
vn -0.684713 0.003097 -0.728807
vn -0.684709 0.004380 -0.728803
vn -0.386598 0.004730 -0.922236
vn -0.684713 0.003097 -0.728807
vn -0.872248 0.002852 -0.489056
vn -0.872244 0.004033 -0.489054
vn -0.684709 0.004380 -0.728803
vn -0.872248 0.002852 -0.489056
vn -0.970043 0.002689 -0.242920
vn -0.970039 0.003803 -0.242919
vn -0.872244 0.004033 -0.489054
vn -0.970043 0.002689 -0.242920
vn -0.999997 0.002634 0.000000
vn -0.999993 0.003725 0.000000
vn -0.970039 0.003803 -0.242919
vn -0.999993 0.003725 0.000000
vn -0.970039 0.003803 0.242919
vn -0.970031 0.005643 0.242917
vn -0.999985 0.005526 0.000000
vn -0.970039 0.003803 0.242919
vn -0.872244 0.004033 0.489054
vn -0.872236 0.005983 0.489049
vn -0.970031 0.005643 0.242917
vn -0.872244 0.004033 0.489054
vn -0.684709 0.004380 0.728803
vn -0.684702 0.006498 0.728795
vn -0.872236 0.005983 0.489049
vn -0.684709 0.004380 0.728803
vn -0.386598 0.004730 0.922236
vn -0.386593 0.007017 0.922224
vn -0.684702 0.006498 0.728795
vn -0.386598 0.004730 0.922236
vn -0.000000 0.004885 0.999988
vn -0.000000 0.007248 0.999974
vn -0.386593 0.007017 0.922224
vn -0.000000 0.004885 0.999988
vn 0.386598 0.004730 0.922236
vn 0.386593 0.007017 0.922224
vn -0.000000 0.007248 0.999974
vn 0.386598 0.004730 0.922236
vn 0.684709 0.004380 0.728803
vn 0.684702 0.006498 0.728795
vn 0.386593 0.007017 0.922224
vn 0.684709 0.004380 0.728803
vn 0.872244 0.004033 0.489054
vn 0.872236 0.005983 0.489049
vn 0.684702 0.006498 0.728795
vn 0.872244 0.004033 0.489054
vn 0.970039 0.003803 0.242919
vn 0.970031 0.005643 0.242917
vn 0.872236 0.005983 0.489049
vn 0.970039 0.003803 0.242919
vn 0.999993 0.003725 0.000000
vn 0.999985 0.005526 0.000000
vn 0.970031 0.005643 0.242917
vn 0.999993 0.003725 0.000000
vn 0.970039 0.003803 -0.242919
vn 0.970031 0.005643 -0.242917
vn 0.999985 0.005526 0.000000
vn 0.970039 0.003803 -0.242919
vn 0.872244 0.004033 -0.489054
vn 0.872236 0.005983 -0.489049
vn 0.970031 0.005643 -0.242917
vn 0.872244 0.004033 -0.489054
vn 0.684709 0.004380 -0.728803
vn 0.684702 0.006498 -0.728795
vn 0.872236 0.005983 -0.489049
vn 0.684709 0.004380 -0.728803
vn 0.386598 0.004730 -0.922236
vn 0.386593 0.007017 -0.922224
vn 0.684702 0.006498 -0.728795
vn 0.386598 0.004730 -0.922236
vn 0.000000 0.004885 -0.999988
vn 0.000000 0.007248 -0.999974
vn 0.386593 0.007017 -0.922224
vn 0.000000 0.004885 -0.999988
vn -0.386598 0.004730 -0.922236
vn -0.386593 0.007017 -0.922224
vn 0.000000 0.007248 -0.999974
vn -0.386598 0.004730 -0.922236
vn -0.684709 0.004380 -0.728803
vn -0.684702 0.006498 -0.728795
vn -0.386593 0.007017 -0.922224
vn -0.684709 0.004380 -0.728803
vn -0.872244 0.004033 -0.489054
vn -0.872236 0.005983 -0.489049
vn -0.684702 0.006498 -0.728795
vn -0.872244 0.004033 -0.489054
vn -0.970039 0.003803 -0.242919
vn -0.970031 0.005643 -0.242917
vn -0.872236 0.005983 -0.489049
vn -0.970039 0.003803 -0.242919
vn -0.999993 0.003725 0.000000
vn -0.999985 0.005526 0.000000
vn -0.970031 0.005643 -0.242917
vn -0.999985 0.005526 0.000000
vn -0.970031 0.005643 0.242917
vn -0.970023 0.006954 0.242915
vn -0.999977 0.006811 0.000000
vn -0.970031 0.005643 0.242917
vn -0.872236 0.005983 0.489049
vn -0.872228 0.007374 0.489044
vn -0.970023 0.006954 0.242915
vn -0.872236 0.005983 0.489049
vn -0.684702 0.006498 0.728795
vn -0.684694 0.008008 0.728787
vn -0.872228 0.007374 0.489044
vn -0.684702 0.006498 0.728795
vn -0.386593 0.007017 0.922224
vn -0.386588 0.008648 0.922212
vn -0.684694 0.008008 0.728787
vn -0.386593 0.007017 0.922224
vn -0.000000 0.007248 0.999974
vn -0.000000 0.008932 0.999960
vn -0.386588 0.008648 0.922212
vn -0.000000 0.007248 0.999974
vn 0.386593 0.007017 0.922224
vn 0.386588 0.008648 0.922212
vn -0.000000 0.008932 0.999960
vn 0.386593 0.007017 0.922224
vn 0.684702 0.006498 0.728795
vn 0.684694 0.008008 0.728787
vn 0.386588 0.008648 0.922212
vn 0.684702 0.006498 0.728795
vn 0.872236 0.005983 0.489049
vn 0.872228 0.007374 0.489044
vn 0.684694 0.008008 0.728787
vn 0.872236 0.005983 0.489049
vn 0.970031 0.005643 0.242917
vn 0.970023 0.006954 0.242915
vn 0.872228 0.007374 0.489044
vn 0.970031 0.005643 0.242917
vn 0.999985 0.005526 0.000000
vn 0.999977 0.006811 0.000000
vn 0.970023 0.006954 0.242915
vn 0.999985 0.005526 0.000000
vn 0.970031 0.005643 -0.242917
vn 0.970023 0.006954 -0.242915
vn 0.999977 0.006811 0.000000
vn 0.970031 0.005643 -0.242917
vn 0.872236 0.005983 -0.489049
vn 0.872228 0.007374 -0.489044
vn 0.970023 0.006954 -0.242915
vn 0.872236 0.005983 -0.489049
vn 0.684702 0.006498 -0.728795
vn 0.684694 0.008008 -0.728787
vn 0.872228 0.007374 -0.489044
vn 0.684702 0.006498 -0.728795
vn 0.386593 0.007017 -0.922224
vn 0.386588 0.008648 -0.922212
vn 0.684694 0.008008 -0.728787
vn 0.386593 0.007017 -0.922224
vn 0.000000 0.007248 -0.999974
vn 0.000000 0.008932 -0.999960
vn 0.386588 0.008648 -0.922212
vn 0.000000 0.007248 -0.999974
vn -0.386593 0.007017 -0.922224
vn -0.386588 0.008648 -0.922212
vn 0.000000 0.008932 -0.999960
vn -0.386593 0.007017 -0.922224
vn -0.684702 0.006498 -0.728795
vn -0.684694 0.008008 -0.728787
vn -0.386588 0.008648 -0.922212
vn -0.684702 0.006498 -0.728795
vn -0.872236 0.005983 -0.489049
vn -0.872228 0.007374 -0.489044
vn -0.684694 0.008008 -0.728787
vn -0.872236 0.005983 -0.489049
vn -0.970031 0.005643 -0.242917
vn -0.970023 0.006954 -0.242915
vn -0.872228 0.007374 -0.489044
vn -0.970031 0.005643 -0.242917
vn -0.999985 0.005526 0.000000
vn -0.999977 0.006811 0.000000
vn -0.970023 0.006954 -0.242915
vn -0.999977 0.006811 0.000000
vn -0.970023 0.006954 0.242915
vn -0.970015 0.008047 0.242913
vn -0.999969 0.007881 0.000000
vn -0.970023 0.006954 0.242915
vn -0.872228 0.007374 0.489044
vn -0.872220 0.008533 0.489040
vn -0.970015 0.008047 0.242913
vn -0.872228 0.007374 0.489044
vn -0.684694 0.008008 0.728787
vn -0.684687 0.009266 0.728779
vn -0.872220 0.008533 0.489040
vn -0.684694 0.008008 0.728787
vn -0.386588 0.008648 0.922212
vn -0.386583 0.010007 0.922200
vn -0.684687 0.009266 0.728779
vn -0.386588 0.008648 0.922212
vn -0.000000 0.008932 0.999960
vn -0.000000 0.010336 0.999947
vn -0.386583 0.010007 0.922200
vn -0.000000 0.008932 0.999960
vn 0.386588 0.008648 0.922212
vn 0.386583 0.010007 0.922200
vn -0.000000 0.010336 0.999947
vn 0.386588 0.008648 0.922212
vn 0.684694 0.008008 0.728787
vn 0.684687 0.009266 0.728779
vn 0.386583 0.010007 0.922200
vn 0.684694 0.008008 0.728787
vn 0.872228 0.007374 0.489044
vn 0.872220 0.008533 0.489040
vn 0.684687 0.009266 0.728779
vn 0.872228 0.007374 0.489044
vn 0.970023 0.006954 0.242915
vn 0.970015 0.008047 0.242913
vn 0.872220 0.008533 0.489040
vn 0.970023 0.006954 0.242915
vn 0.999977 0.006811 0.000000
vn 0.999969 0.007881 0.000000
vn 0.970015 0.008047 0.242913
vn 0.999977 0.006811 0.000000
vn 0.970023 0.006954 -0.242915
vn 0.970015 0.008047 -0.242913
vn 0.999969 0.007881 0.000000
vn 0.970023 0.006954 -0.242915
vn 0.872228 0.007374 -0.489044
vn 0.872220 0.008533 -0.489040
vn 0.970015 0.008047 -0.242913
vn 0.872228 0.007374 -0.489044
vn 0.684694 0.008008 -0.728787
vn 0.684687 0.009266 -0.728779
vn 0.872220 0.008533 -0.489040
vn 0.684694 0.008008 -0.728787
vn 0.386588 0.008648 -0.922212
vn 0.386583 0.010007 -0.922200
vn 0.684687 0.009266 -0.728779
vn 0.386588 0.008648 -0.922212
vn 0.000000 0.008932 -0.999960
vn 0.000000 0.010336 -0.999947
vn 0.386583 0.010007 -0.922200
vn 0.000000 0.008932 -0.999960
vn -0.386588 0.008648 -0.922212
vn -0.386583 0.010007 -0.922200
vn 0.000000 0.010336 -0.999947
vn -0.386588 0.008648 -0.922212
vn -0.684694 0.008008 -0.728787
vn -0.684687 0.009266 -0.728779
vn -0.386583 0.010007 -0.922200
vn -0.684694 0.008008 -0.728787
vn -0.872228 0.007374 -0.489044
vn -0.872220 0.008533 -0.489040
vn -0.684687 0.009266 -0.728779
vn -0.872228 0.007374 -0.489044
vn -0.970023 0.006954 -0.242915
vn -0.970015 0.008047 -0.242913
vn -0.872220 0.008533 -0.489040
vn -0.970023 0.006954 -0.242915
vn -0.999977 0.006811 0.000000
vn -0.999969 0.007881 0.000000
vn -0.970015 0.008047 -0.242913
vn -0.999969 0.007881 0.000000
vn -0.970015 0.008047 0.242913
vn -0.970007 0.009005 0.242911
vn -0.999961 0.008820 0.000000
vn -0.970015 0.008047 0.242913
vn -0.872220 0.008533 0.489040
vn -0.872212 0.009549 0.489035
vn -0.970007 0.009005 0.242911
vn -0.872220 0.008533 0.489040
vn -0.684687 0.009266 0.728779
vn -0.684680 0.010370 0.728771
vn -0.872212 0.009549 0.489035
vn -0.684687 0.009266 0.728779
vn -0.386583 0.010007 0.922200
vn -0.386579 0.011199 0.922188
vn -0.684680 0.010370 0.728771
vn -0.386583 0.010007 0.922200
vn -0.000000 0.010336 0.999947
vn -0.000000 0.011567 0.999933
vn -0.386579 0.011199 0.922188
vn -0.000000 0.010336 0.999947
vn 0.386583 0.010007 0.922200
vn 0.386579 0.011199 0.922188
vn -0.000000 0.011567 0.999933
vn 0.386583 0.010007 0.922200
vn 0.684687 0.009266 0.728779
vn 0.684680 0.010370 0.728771
vn 0.386579 0.011199 0.922188
vn 0.684687 0.009266 0.728779
vn 0.872220 0.008533 0.489040
vn 0.872212 0.009549 0.489035
vn 0.684680 0.010370 0.728771
vn 0.872220 0.008533 0.489040
vn 0.970015 0.008047 0.242913
vn 0.970007 0.009005 0.242911
vn 0.872212 0.009549 0.489035
vn 0.970015 0.008047 0.242913
vn 0.999969 0.007881 0.000000
vn 0.999961 0.008820 0.000000
vn 0.970007 0.009005 0.242911
vn 0.999969 0.007881 0.000000
vn 0.970015 0.008047 -0.242913
vn 0.970007 0.009005 -0.242911
vn 0.999961 0.008820 0.000000
vn 0.970015 0.008047 -0.242913
vn 0.872220 0.008533 -0.489040
vn 0.872212 0.009549 -0.489035
vn 0.970007 0.009005 -0.242911
vn 0.872220 0.008533 -0.489040
vn 0.684687 0.009266 -0.728779
vn 0.684680 0.010370 -0.728771
vn 0.872212 0.009549 -0.489035
vn 0.684687 0.009266 -0.728779
vn 0.386583 0.010007 -0.922200
vn 0.386579 0.011199 -0.922188
vn 0.684680 0.010370 -0.728771
vn 0.386583 0.010007 -0.922200
vn 0.000000 0.010336 -0.999947
vn 0.000000 0.011567 -0.999933
vn 0.386579 0.011199 -0.922188
vn 0.000000 0.010336 -0.999947
vn -0.386583 0.010007 -0.922200
vn -0.386579 0.011199 -0.922188
vn 0.000000 0.011567 -0.999933
vn -0.386583 0.010007 -0.922200
vn -0.684687 0.009266 -0.728779
vn -0.684680 0.010370 -0.728771
vn -0.386579 0.011199 -0.922188
vn -0.684687 0.009266 -0.728779
vn -0.872220 0.008533 -0.489040
vn -0.872212 0.009549 -0.489035
vn -0.684680 0.010370 -0.728771
vn -0.872220 0.008533 -0.489040
vn -0.970015 0.008047 -0.242913
vn -0.970007 0.009005 -0.242911
vn -0.872212 0.009549 -0.489035
vn -0.970015 0.008047 -0.242913
vn -0.999969 0.007881 0.000000
vn -0.999961 0.008820 0.000000
vn -0.970007 0.009005 -0.242911
vn -0.999961 0.008820 0.000000
vn -0.970007 0.009005 0.242911
vn -0.970035 0.004729 0.242918
vn -0.999989 0.004631 0.000000
vn -0.970007 0.009005 0.242911
vn -0.872212 0.009549 0.489035
vn -0.872241 0.005014 0.489051
vn -0.970035 0.004729 0.242918
vn -0.872212 0.009549 0.489035
vn -0.684680 0.010370 0.728771
vn -0.684706 0.005445 0.728799
vn -0.872241 0.005014 0.489051
vn -0.684680 0.010370 0.728771
vn -0.386579 0.011199 0.922188
vn -0.386596 0.005881 0.922230
vn -0.684706 0.005445 0.728799
vn -0.386579 0.011199 0.922188
vn -0.000000 0.011567 0.999933
vn -0.000000 0.006074 0.999982
vn -0.386596 0.005881 0.922230
vn -0.000000 0.011567 0.999933
vn 0.386579 0.011199 0.922188
vn 0.386596 0.005881 0.922230
vn -0.000000 0.006074 0.999982
vn 0.386579 0.011199 0.922188
vn 0.684680 0.010370 0.728771
vn 0.684706 0.005445 0.728799
vn 0.386596 0.005881 0.922230
vn 0.684680 0.010370 0.728771
vn 0.872212 0.009549 0.489035
vn 0.872241 0.005014 0.489051
vn 0.684706 0.005445 0.728799
vn 0.872212 0.009549 0.489035
vn 0.970007 0.009005 0.242911
vn 0.970035 0.004729 0.242918
vn 0.872241 0.005014 0.489051
vn 0.970007 0.009005 0.242911
vn 0.999961 0.008820 0.000000
vn 0.999989 0.004631 0.000000
vn 0.970035 0.004729 0.242918
vn 0.999961 0.008820 0.000000
vn 0.970007 0.009005 -0.242911
vn 0.970035 0.004729 -0.242918
vn 0.999989 0.004631 0.000000
vn 0.970007 0.009005 -0.242911
vn 0.872212 0.009549 -0.489035
vn 0.872241 0.005014 -0.489051
vn 0.970035 0.004729 -0.242918
vn 0.872212 0.009549 -0.489035
vn 0.684680 0.010370 -0.728771
vn 0.684706 0.005445 -0.728799
vn 0.872241 0.005014 -0.489051
vn 0.684680 0.010370 -0.728771
vn 0.386579 0.011199 -0.922188
vn 0.386596 0.005881 -0.922230
vn 0.684706 0.005445 -0.728799
vn 0.386579 0.011199 -0.922188
vn 0.000000 0.011567 -0.999933
vn 0.000000 0.006074 -0.999982
vn 0.386596 0.005881 -0.922230
vn 0.000000 0.011567 -0.999933
vn -0.386579 0.011199 -0.922188
vn -0.386596 0.005881 -0.922230
vn 0.000000 0.006074 -0.999982
vn -0.386579 0.011199 -0.922188
vn -0.684680 0.010370 -0.728771
vn -0.684706 0.005445 -0.728799
vn -0.386596 0.005881 -0.922230
vn -0.684680 0.010370 -0.728771
vn -0.872212 0.009549 -0.489035
vn -0.872241 0.005014 -0.489051
vn -0.684706 0.005445 -0.728799
vn -0.872212 0.009549 -0.489035
vn -0.970007 0.009005 -0.242911
vn -0.970035 0.004729 -0.242918
vn -0.872241 0.005014 -0.489051
vn -0.970007 0.009005 -0.242911
vn -0.999961 0.008820 0.000000
vn -0.999989 0.004631 0.000000
vn -0.970035 0.004729 -0.242918
vn -0.999989 0.004631 0.000000
vn -0.970035 0.004729 0.242918
vn -0.970035 -0.004729 0.242918
vn -0.999989 -0.004631 0.000000
vn -0.970035 0.004729 0.242918
vn -0.872241 0.005014 0.489051
vn -0.872241 -0.005014 0.489051
vn -0.970035 -0.004729 0.242918
vn -0.872241 0.005014 0.489051
vn -0.684706 0.005445 0.728799
vn -0.684706 -0.005445 0.728799
vn -0.872241 -0.005014 0.489051
vn -0.684706 0.005445 0.728799
vn -0.386596 0.005881 0.922230
vn -0.386596 -0.005881 0.922230
vn -0.684706 -0.005445 0.728799
vn -0.386596 0.005881 0.922230
vn -0.000000 0.006074 0.999982
vn -0.000000 -0.006074 0.999982
vn -0.386596 -0.005881 0.922230
vn -0.000000 0.006074 0.999982
vn 0.386596 0.005881 0.922230
vn 0.386596 -0.005881 0.922230
vn -0.000000 -0.006074 0.999982
vn 0.386596 0.005881 0.922230
vn 0.684706 0.005445 0.728799
vn 0.684706 -0.005445 0.728799
vn 0.386596 -0.005881 0.922230
vn 0.684706 0.005445 0.728799
vn 0.872241 0.005014 0.489051
vn 0.872241 -0.005014 0.489051
vn 0.684706 -0.005445 0.728799
vn 0.872241 0.005014 0.489051
vn 0.970035 0.004729 0.242918
vn 0.970035 -0.004729 0.242918
vn 0.872241 -0.005014 0.489051
vn 0.970035 0.004729 0.242918
vn 0.999989 0.004631 0.000000
vn 0.999989 -0.004631 0.000000
vn 0.970035 -0.004729 0.242918
vn 0.999989 0.004631 0.000000
vn 0.970035 0.004729 -0.242918
vn 0.970035 -0.004729 -0.242918
vn 0.999989 -0.004631 0.000000
vn 0.970035 0.004729 -0.242918
vn 0.872241 0.005014 -0.489051
vn 0.872241 -0.005014 -0.489051
vn 0.970035 -0.004729 -0.242918
vn 0.872241 0.005014 -0.489051
vn 0.684706 0.005445 -0.728799
vn 0.684706 -0.005445 -0.728799
vn 0.872241 -0.005014 -0.489051
vn 0.684706 0.005445 -0.728799
vn 0.386596 0.005881 -0.922230
vn 0.386596 -0.005881 -0.922230
vn 0.684706 -0.005445 -0.728799
vn 0.386596 0.005881 -0.922230
vn 0.000000 0.006074 -0.999982
vn 0.000000 -0.006074 -0.999982
vn 0.386596 -0.005881 -0.922230
vn 0.000000 0.006074 -0.999982
vn -0.386596 0.005881 -0.922230
vn -0.386596 -0.005881 -0.922230
vn 0.000000 -0.006074 -0.999982
vn -0.386596 0.005881 -0.922230
vn -0.684706 0.005445 -0.728799
vn -0.684706 -0.005445 -0.728799
vn -0.386596 -0.005881 -0.922230
vn -0.684706 0.005445 -0.728799
vn -0.872241 0.005014 -0.489051
vn -0.872241 -0.005014 -0.489051
vn -0.684706 -0.005445 -0.728799
vn -0.872241 0.005014 -0.489051
vn -0.970035 0.004729 -0.242918
vn -0.970035 -0.004729 -0.242918
vn -0.872241 -0.005014 -0.489051
vn -0.970035 0.004729 -0.242918
vn -0.999989 0.004631 0.000000
vn -0.999989 -0.004631 0.000000
vn -0.970035 -0.004729 -0.242918
vn -0.999989 -0.004631 0.000000
vn -0.970035 -0.004729 0.242918
vn -0.970007 -0.009005 0.242911
vn -0.999961 -0.008820 0.000000
vn -0.970035 -0.004729 0.242918
vn -0.872241 -0.005014 0.489051
vn -0.872212 -0.009549 0.489035
vn -0.970007 -0.009005 0.242911
vn -0.872241 -0.005014 0.489051
vn -0.684706 -0.005445 0.728799
vn -0.684680 -0.010370 0.728771
vn -0.872212 -0.009549 0.489035
vn -0.684706 -0.005445 0.728799
vn -0.386596 -0.005881 0.922230
vn -0.386579 -0.011199 0.922188
vn -0.684680 -0.010370 0.728771
vn -0.386596 -0.005881 0.922230
vn -0.000000 -0.006074 0.999982
vn -0.000000 -0.011567 0.999933
vn -0.386579 -0.011199 0.922188
vn -0.000000 -0.006074 0.999982
vn 0.386596 -0.005881 0.922230
vn 0.386579 -0.011199 0.922188
vn -0.000000 -0.011567 0.999933
vn 0.386596 -0.005881 0.922230
vn 0.684706 -0.005445 0.728799
vn 0.684680 -0.010370 0.728771
vn 0.386579 -0.011199 0.922188
vn 0.684706 -0.005445 0.728799
vn 0.872241 -0.005014 0.489051
vn 0.872212 -0.009549 0.489035
vn 0.684680 -0.010370 0.728771
vn 0.872241 -0.005014 0.489051
vn 0.970035 -0.004729 0.242918
vn 0.970007 -0.009005 0.242911
vn 0.872212 -0.009549 0.489035
vn 0.970035 -0.004729 0.242918
vn 0.999989 -0.004631 0.000000
vn 0.999961 -0.008820 0.000000
vn 0.970007 -0.009005 0.242911
vn 0.999989 -0.004631 0.000000
vn 0.970035 -0.004729 -0.242918
vn 0.970007 -0.009005 -0.242911
vn 0.999961 -0.008820 0.000000
vn 0.970035 -0.004729 -0.242918
vn 0.872241 -0.005014 -0.489051
vn 0.872212 -0.009549 -0.489035
vn 0.970007 -0.009005 -0.242911
vn 0.872241 -0.005014 -0.489051
vn 0.684706 -0.005445 -0.728799
vn 0.684680 -0.010370 -0.728771
vn 0.872212 -0.009549 -0.489035
vn 0.684706 -0.005445 -0.728799
vn 0.386596 -0.005881 -0.922230
vn 0.386579 -0.011199 -0.922188
vn 0.684680 -0.010370 -0.728771
vn 0.386596 -0.005881 -0.922230
vn 0.000000 -0.006074 -0.999982
vn 0.000000 -0.011567 -0.999933
vn 0.386579 -0.011199 -0.922188
vn 0.000000 -0.006074 -0.999982
vn -0.386596 -0.005881 -0.922230
vn -0.386579 -0.011199 -0.922188
vn 0.000000 -0.011567 -0.999933
vn -0.386596 -0.005881 -0.922230
vn -0.684706 -0.005445 -0.728799
vn -0.684680 -0.010370 -0.728771
vn -0.386579 -0.011199 -0.922188
vn -0.684706 -0.005445 -0.728799
vn -0.872241 -0.005014 -0.489051
vn -0.872212 -0.009549 -0.489035
vn -0.684680 -0.010370 -0.728771
vn -0.872241 -0.005014 -0.489051
vn -0.970035 -0.004729 -0.242918
vn -0.970007 -0.009005 -0.242911
vn -0.872212 -0.009549 -0.489035
vn -0.970035 -0.004729 -0.242918
vn -0.999989 -0.004631 0.000000
vn -0.999961 -0.008820 0.000000
vn -0.970007 -0.009005 -0.242911
vn -0.999961 -0.008820 0.000000
vn -0.970007 -0.009005 0.242911
vn -0.970015 -0.008047 0.242913
vn -0.999969 -0.007881 0.000000
vn -0.970007 -0.009005 0.242911
vn -0.872212 -0.009549 0.489035
vn -0.872220 -0.008533 0.489040
vn -0.970015 -0.008047 0.242913
vn -0.872212 -0.009549 0.489035
vn -0.684680 -0.010370 0.728771
vn -0.684687 -0.009266 0.728779
vn -0.872220 -0.008533 0.489040
vn -0.684680 -0.010370 0.728771
vn -0.386579 -0.011199 0.922188
vn -0.386583 -0.010007 0.922200
vn -0.684687 -0.009266 0.728779
vn -0.386579 -0.011199 0.922188
vn -0.000000 -0.011567 0.999933
vn -0.000000 -0.010336 0.999947
vn -0.386583 -0.010007 0.922200
vn -0.000000 -0.011567 0.999933
vn 0.386579 -0.011199 0.922188
vn 0.386583 -0.010007 0.922200
vn -0.000000 -0.010336 0.999947
vn 0.386579 -0.011199 0.922188
vn 0.684680 -0.010370 0.728771
vn 0.684687 -0.009266 0.728779
vn 0.386583 -0.010007 0.922200
vn 0.684680 -0.010370 0.728771
vn 0.872212 -0.009549 0.489035
vn 0.872220 -0.008533 0.489040
vn 0.684687 -0.009266 0.728779
vn 0.872212 -0.009549 0.489035
vn 0.970007 -0.009005 0.242911
vn 0.970015 -0.008047 0.242913
vn 0.872220 -0.008533 0.489040
vn 0.970007 -0.009005 0.242911
vn 0.999961 -0.008820 0.000000
vn 0.999969 -0.007881 0.000000
vn 0.970015 -0.008047 0.242913
vn 0.999961 -0.008820 0.000000
vn 0.970007 -0.009005 -0.242911
vn 0.970015 -0.008047 -0.242913
vn 0.999969 -0.007881 0.000000
vn 0.970007 -0.009005 -0.242911
vn 0.872212 -0.009549 -0.489035
vn 0.872220 -0.008533 -0.489040
vn 0.970015 -0.008047 -0.242913
vn 0.872212 -0.009549 -0.489035
vn 0.684680 -0.010370 -0.728771
vn 0.684687 -0.009266 -0.728779
vn 0.872220 -0.008533 -0.489040
vn 0.684680 -0.010370 -0.728771
vn 0.386579 -0.011199 -0.922188
vn 0.386583 -0.010007 -0.922200
vn 0.684687 -0.009266 -0.728779
vn 0.386579 -0.011199 -0.922188
vn 0.000000 -0.011567 -0.999933
vn 0.000000 -0.010336 -0.999947
vn 0.386583 -0.010007 -0.922200
vn 0.000000 -0.011567 -0.999933
vn -0.386579 -0.011199 -0.922188
vn -0.386583 -0.010007 -0.922200
vn 0.000000 -0.010336 -0.999947
vn -0.386579 -0.011199 -0.922188
vn -0.684680 -0.010370 -0.728771
vn -0.684687 -0.009266 -0.728779
vn -0.386583 -0.010007 -0.922200
vn -0.684680 -0.010370 -0.728771
vn -0.872212 -0.009549 -0.489035
vn -0.872220 -0.008533 -0.489040
vn -0.684687 -0.009266 -0.728779
vn -0.872212 -0.009549 -0.489035
vn -0.970007 -0.009005 -0.242911
vn -0.970015 -0.008047 -0.242913
vn -0.872220 -0.008533 -0.489040
vn -0.970007 -0.009005 -0.242911
vn -0.999961 -0.008820 0.000000
vn -0.999969 -0.007881 0.000000
vn -0.970015 -0.008047 -0.242913
vn -0.999969 -0.007881 0.000000
vn -0.970015 -0.008047 0.242913
vn -0.970023 -0.006954 0.242915
vn -0.999977 -0.006811 0.000000
vn -0.970015 -0.008047 0.242913
vn -0.872220 -0.008533 0.489040
vn -0.872228 -0.007374 0.489044
vn -0.970023 -0.006954 0.242915
vn -0.872220 -0.008533 0.489040
vn -0.684687 -0.009266 0.728779
vn -0.684694 -0.008008 0.728787
vn -0.872228 -0.007374 0.489044
vn -0.684687 -0.009266 0.728779
vn -0.386583 -0.010007 0.922200
vn -0.386588 -0.008648 0.922212
vn -0.684694 -0.008008 0.728787
vn -0.386583 -0.010007 0.922200
vn -0.000000 -0.010336 0.999947
vn -0.000000 -0.008932 0.999960
vn -0.386588 -0.008648 0.922212
vn -0.000000 -0.010336 0.999947
vn 0.386583 -0.010007 0.922200
vn 0.386588 -0.008648 0.922212
vn -0.000000 -0.008932 0.999960
vn 0.386583 -0.010007 0.922200
vn 0.684687 -0.009266 0.728779
vn 0.684694 -0.008008 0.728787
vn 0.386588 -0.008648 0.922212
vn 0.684687 -0.009266 0.728779
vn 0.872220 -0.008533 0.489040
vn 0.872228 -0.007374 0.489044
vn 0.684694 -0.008008 0.728787
vn 0.872220 -0.008533 0.489040
vn 0.970015 -0.008047 0.242913
vn 0.970023 -0.006954 0.242915
vn 0.872228 -0.007374 0.489044
vn 0.970015 -0.008047 0.242913
vn 0.999969 -0.007881 0.000000
vn 0.999977 -0.006811 0.000000
vn 0.970023 -0.006954 0.242915
vn 0.999969 -0.007881 0.000000
vn 0.970015 -0.008047 -0.242913
vn 0.970023 -0.006954 -0.242915
vn 0.999977 -0.006811 0.000000
vn 0.970015 -0.008047 -0.242913
vn 0.872220 -0.008533 -0.489040
vn 0.872228 -0.007374 -0.489044
vn 0.970023 -0.006954 -0.242915
vn 0.872220 -0.008533 -0.489040
vn 0.684687 -0.009266 -0.728779
vn 0.684694 -0.008008 -0.728787
vn 0.872228 -0.007374 -0.489044
vn 0.684687 -0.009266 -0.728779
vn 0.386583 -0.010007 -0.922200
vn 0.386588 -0.008648 -0.922212
vn 0.684694 -0.008008 -0.728787
vn 0.386583 -0.010007 -0.922200
vn 0.000000 -0.010336 -0.999947
vn 0.000000 -0.008932 -0.999960
vn 0.386588 -0.008648 -0.922212
vn 0.000000 -0.010336 -0.999947
vn -0.386583 -0.010007 -0.922200
vn -0.386588 -0.008648 -0.922212
vn 0.000000 -0.008932 -0.999960
vn -0.386583 -0.010007 -0.922200
vn -0.684687 -0.009266 -0.728779
vn -0.684694 -0.008008 -0.728787
vn -0.386588 -0.008648 -0.922212
vn -0.684687 -0.009266 -0.728779
vn -0.872220 -0.008533 -0.489040
vn -0.872228 -0.007374 -0.489044
vn -0.684694 -0.008008 -0.728787
vn -0.872220 -0.008533 -0.489040
vn -0.970015 -0.008047 -0.242913
vn -0.970023 -0.006954 -0.242915
vn -0.872228 -0.007374 -0.489044
vn -0.970015 -0.008047 -0.242913
vn -0.999969 -0.007881 0.000000
vn -0.999977 -0.006811 0.000000
vn -0.970023 -0.006954 -0.242915
vn -0.999977 -0.006811 0.000000
vn -0.970023 -0.006954 0.242915
vn -0.970031 -0.005643 0.242917
vn -0.999985 -0.005526 0.000000
vn -0.970023 -0.006954 0.242915
vn -0.872228 -0.007374 0.489044
vn -0.872236 -0.005983 0.489049
vn -0.970031 -0.005643 0.242917
vn -0.872228 -0.007374 0.489044
vn -0.684694 -0.008008 0.728787
vn -0.684702 -0.006498 0.728795
vn -0.872236 -0.005983 0.489049
vn -0.684694 -0.008008 0.728787
vn -0.386588 -0.008648 0.922212
vn -0.386593 -0.007017 0.922224
vn -0.684702 -0.006498 0.728795
vn -0.386588 -0.008648 0.922212
vn -0.000000 -0.008932 0.999960
vn -0.000000 -0.007248 0.999974
vn -0.386593 -0.007017 0.922224
vn -0.000000 -0.008932 0.999960
vn 0.386588 -0.008648 0.922212
vn 0.386593 -0.007017 0.922224
vn -0.000000 -0.007248 0.999974
vn 0.386588 -0.008648 0.922212
vn 0.684694 -0.008008 0.728787
vn 0.684702 -0.006498 0.728795
vn 0.386593 -0.007017 0.922224
vn 0.684694 -0.008008 0.728787
vn 0.872228 -0.007374 0.489044
vn 0.872236 -0.005983 0.489049
vn 0.684702 -0.006498 0.728795
vn 0.872228 -0.007374 0.489044
vn 0.970023 -0.006954 0.242915
vn 0.970031 -0.005643 0.242917
vn 0.872236 -0.005983 0.489049
vn 0.970023 -0.006954 0.242915
vn 0.999977 -0.006811 0.000000
vn 0.999985 -0.005526 0.000000
vn 0.970031 -0.005643 0.242917
vn 0.999977 -0.006811 0.000000
vn 0.970023 -0.006954 -0.242915
vn 0.970031 -0.005643 -0.242917
vn 0.999985 -0.005526 0.000000
vn 0.970023 -0.006954 -0.242915
vn 0.872228 -0.007374 -0.489044
vn 0.872236 -0.005983 -0.489049
vn 0.970031 -0.005643 -0.242917
vn 0.872228 -0.007374 -0.489044
vn 0.684694 -0.008008 -0.728787
vn 0.684702 -0.006498 -0.728795
vn 0.872236 -0.005983 -0.489049
vn 0.684694 -0.008008 -0.728787
vn 0.386588 -0.008648 -0.922212
vn 0.386593 -0.007017 -0.922224
vn 0.684702 -0.006498 -0.728795
vn 0.386588 -0.008648 -0.922212
vn 0.000000 -0.008932 -0.999960
vn 0.000000 -0.007248 -0.999974
vn 0.386593 -0.007017 -0.922224
vn 0.000000 -0.008932 -0.999960
vn -0.386588 -0.008648 -0.922212
vn -0.386593 -0.007017 -0.922224
vn 0.000000 -0.007248 -0.999974
vn -0.386588 -0.008648 -0.922212
vn -0.684694 -0.008008 -0.728787
vn -0.684702 -0.006498 -0.728795
vn -0.386593 -0.007017 -0.922224
vn -0.684694 -0.008008 -0.728787
vn -0.872228 -0.007374 -0.489044
vn -0.872236 -0.005983 -0.489049
vn -0.684702 -0.006498 -0.728795
vn -0.872228 -0.007374 -0.489044
vn -0.970023 -0.006954 -0.242915
vn -0.970031 -0.005643 -0.242917
vn -0.872236 -0.005983 -0.489049
vn -0.970023 -0.006954 -0.242915
vn -0.999977 -0.006811 0.000000
vn -0.999985 -0.005526 0.000000
vn -0.970031 -0.005643 -0.242917
vn -0.999985 -0.005526 0.000000
vn -0.970031 -0.005643 0.242917
vn -0.970039 -0.003803 0.242919
vn -0.999993 -0.003725 0.000000
vn -0.970031 -0.005643 0.242917
vn -0.872236 -0.005983 0.489049
vn -0.872244 -0.004033 0.489054
vn -0.970039 -0.003803 0.242919
vn -0.872236 -0.005983 0.489049
vn -0.684702 -0.006498 0.728795
vn -0.684709 -0.004380 0.728803
vn -0.872244 -0.004033 0.489054
vn -0.684702 -0.006498 0.728795
vn -0.386593 -0.007017 0.922224
vn -0.386598 -0.004730 0.922236
vn -0.684709 -0.004380 0.728803
vn -0.386593 -0.007017 0.922224
vn -0.000000 -0.007248 0.999974
vn -0.000000 -0.004885 0.999988
vn -0.386598 -0.004730 0.922236
vn -0.000000 -0.007248 0.999974
vn 0.386593 -0.007017 0.922224
vn 0.386598 -0.004730 0.922236
vn -0.000000 -0.004885 0.999988
vn 0.386593 -0.007017 0.922224
vn 0.684702 -0.006498 0.728795
vn 0.684709 -0.004380 0.728803
vn 0.386598 -0.004730 0.922236
vn 0.684702 -0.006498 0.728795
vn 0.872236 -0.005983 0.489049
vn 0.872244 -0.004033 0.489054
vn 0.684709 -0.004380 0.728803
vn 0.872236 -0.005983 0.489049
vn 0.970031 -0.005643 0.242917
vn 0.970039 -0.003803 0.242919
vn 0.872244 -0.004033 0.489054
vn 0.970031 -0.005643 0.242917
vn 0.999985 -0.005526 0.000000
vn 0.999993 -0.003725 0.000000
vn 0.970039 -0.003803 0.242919
vn 0.999985 -0.005526 0.000000
vn 0.970031 -0.005643 -0.242917
vn 0.970039 -0.003803 -0.242919
vn 0.999993 -0.003725 0.000000
vn 0.970031 -0.005643 -0.242917
vn 0.872236 -0.005983 -0.489049
vn 0.872244 -0.004033 -0.489054
vn 0.970039 -0.003803 -0.242919
vn 0.872236 -0.005983 -0.489049
vn 0.684702 -0.006498 -0.728795
vn 0.684709 -0.004380 -0.728803
vn 0.872244 -0.004033 -0.489054
vn 0.684702 -0.006498 -0.728795
vn 0.386593 -0.007017 -0.922224
vn 0.386598 -0.004730 -0.922236
vn 0.684709 -0.004380 -0.728803
vn 0.386593 -0.007017 -0.922224
vn 0.000000 -0.007248 -0.999974
vn 0.000000 -0.004885 -0.999988
vn 0.386598 -0.004730 -0.922236
vn 0.000000 -0.007248 -0.999974
vn -0.386593 -0.007017 -0.922224
vn -0.386598 -0.004730 -0.922236
vn 0.000000 -0.004885 -0.999988
vn -0.386593 -0.007017 -0.922224
vn -0.684702 -0.006498 -0.728795
vn -0.684709 -0.004380 -0.728803
vn -0.386598 -0.004730 -0.922236
vn -0.684702 -0.006498 -0.728795
vn -0.872236 -0.005983 -0.489049
vn -0.872244 -0.004033 -0.489054
vn -0.684709 -0.004380 -0.728803
vn -0.872236 -0.005983 -0.489049
vn -0.970031 -0.005643 -0.242917
vn -0.970039 -0.003803 -0.242919
vn -0.872244 -0.004033 -0.489054
vn -0.970031 -0.005643 -0.242917
vn -0.999985 -0.005526 0.000000
vn -0.999993 -0.003725 0.000000
vn -0.970039 -0.003803 -0.242919
vn -0.999993 -0.003725 0.000000
vn -0.970039 -0.003803 0.242919
vn -0.970043 -0.002689 0.242920
vn -0.999997 -0.002634 0.000000
vn -0.970039 -0.003803 0.242919
vn -0.872244 -0.004033 0.489054
vn -0.872248 -0.002852 0.489056
vn -0.970043 -0.002689 0.242920
vn -0.872244 -0.004033 0.489054
vn -0.684709 -0.004380 0.728803
vn -0.684713 -0.003097 0.728807
vn -0.872248 -0.002852 0.489056
vn -0.684709 -0.004380 0.728803
vn -0.386598 -0.004730 0.922236
vn -0.386600 -0.003345 0.922241
vn -0.684713 -0.003097 0.728807
vn -0.386598 -0.004730 0.922236
vn -0.000000 -0.004885 0.999988
vn -0.000000 -0.003455 0.999994
vn -0.386600 -0.003345 0.922241
vn -0.000000 -0.004885 0.999988
vn 0.386598 -0.004730 0.922236
vn 0.386600 -0.003345 0.922241
vn -0.000000 -0.003455 0.999994
vn 0.386598 -0.004730 0.922236
vn 0.684709 -0.004380 0.728803
vn 0.684713 -0.003097 0.728807
vn 0.386600 -0.003345 0.922241
vn 0.684709 -0.004380 0.728803
vn 0.872244 -0.004033 0.489054
vn 0.872248 -0.002852 0.489056
vn 0.684713 -0.003097 0.728807
vn 0.872244 -0.004033 0.489054
vn 0.970039 -0.003803 0.242919
vn 0.970043 -0.002689 0.242920
vn 0.872248 -0.002852 0.489056
vn 0.970039 -0.003803 0.242919
vn 0.999993 -0.003725 0.000000
vn 0.999997 -0.002634 0.000000
vn 0.970043 -0.002689 0.242920
vn 0.999993 -0.003725 0.000000
vn 0.970039 -0.003803 -0.242919
vn 0.970043 -0.002689 -0.242920
vn 0.999997 -0.002634 0.000000
vn 0.970039 -0.003803 -0.242919
vn 0.872244 -0.004033 -0.489054
vn 0.872248 -0.002852 -0.489056
vn 0.970043 -0.002689 -0.242920
vn 0.872244 -0.004033 -0.489054
vn 0.684709 -0.004380 -0.728803
vn 0.684713 -0.003097 -0.728807
vn 0.872248 -0.002852 -0.489056
vn 0.684709 -0.004380 -0.728803
vn 0.386598 -0.004730 -0.922236
vn 0.386600 -0.003345 -0.922241
vn 0.684713 -0.003097 -0.728807
vn 0.386598 -0.004730 -0.922236
vn 0.000000 -0.004885 -0.999988
vn 0.000000 -0.003455 -0.999994
vn 0.386600 -0.003345 -0.922241
vn 0.000000 -0.004885 -0.999988
vn -0.386598 -0.004730 -0.922236
vn -0.386600 -0.003345 -0.922241
vn 0.000000 -0.003455 -0.999994
vn -0.386598 -0.004730 -0.922236
vn -0.684709 -0.004380 -0.728803
vn -0.684713 -0.003097 -0.728807
vn -0.386600 -0.003345 -0.922241
vn -0.684709 -0.004380 -0.728803
vn -0.872244 -0.004033 -0.489054
vn -0.872248 -0.002852 -0.489056
vn -0.684713 -0.003097 -0.728807
vn -0.872244 -0.004033 -0.489054
vn -0.970039 -0.003803 -0.242919
vn -0.970043 -0.002689 -0.242920
vn -0.872248 -0.002852 -0.489056
vn -0.970039 -0.003803 -0.242919
vn -0.999993 -0.003725 0.000000
vn -0.999997 -0.002634 0.000000
vn -0.970043 -0.002689 -0.242920
vn -1.000000 0.000000 0.000000
vn -0.968832 0.000000 0.247719
vn -0.968832 0.000000 0.247719
vn -1.000000 0.000000 0.000000
vn -0.968832 0.000000 0.247719
vn -0.867887 0.000000 0.496762
vn -0.867887 0.000000 0.496762
vn -0.968832 0.000000 0.247719
vn -0.867887 0.000000 0.496762
vn -0.677289 0.000000 0.735717
vn -0.677289 0.000000 0.735717
vn -0.867887 0.000000 0.496762
vn -0.677289 0.000000 0.735717
vn -0.380078 0.000000 0.924955
vn -0.380078 0.000000 0.924955
vn -0.677289 0.000000 0.735717
vn -0.380078 0.000000 0.924955
vn -0.000000 0.000000 1.000000
vn -0.000000 0.000000 1.000000
vn -0.380078 0.000000 0.924955
vn -0.000000 0.000000 1.000000
vn 0.380078 0.000000 0.924955
vn 0.380078 0.000000 0.924955
vn -0.000000 0.000000 1.000000
vn 0.380078 0.000000 0.924955
vn 0.677289 0.000000 0.735717
vn 0.677289 0.000000 0.735717
vn 0.380078 0.000000 0.924955
vn 0.677289 0.000000 0.735717
vn 0.867887 0.000000 0.496762
vn 0.867887 0.000000 0.496762
vn 0.677289 0.000000 0.735717
vn 0.867887 0.000000 0.496762
vn 0.968832 0.000000 0.247719
vn 0.968832 0.000000 0.247719
vn 0.867887 0.000000 0.496762
vn 0.968832 0.000000 0.247719
vn 1.000000 0.000000 0.000000
vn 1.000000 0.000000 0.000000
vn 0.968832 0.000000 0.247719
vn 1.000000 0.000000 0.000000
vn 0.968832 0.000000 -0.247719
vn 0.968832 0.000000 -0.247719
vn 1.000000 0.000000 0.000000
vn 0.968832 0.000000 -0.247719
vn 0.867887 0.000000 -0.496762
vn 0.867887 0.000000 -0.496762
vn 0.968832 0.000000 -0.247719
vn 0.867887 0.000000 -0.496762
vn 0.677289 0.000000 -0.735717
vn 0.677289 0.000000 -0.735717
vn 0.867887 0.000000 -0.496762
vn 0.677289 0.000000 -0.735717
vn 0.380078 0.000000 -0.924955
vn 0.380078 0.000000 -0.924955
vn 0.677289 0.000000 -0.735717
vn 0.380078 0.000000 -0.924955
vn 0.000000 0.000000 -1.000000
vn 0.000000 0.000000 -1.000000
vn 0.380078 0.000000 -0.924955
vn 0.000000 0.000000 -1.000000
vn -0.380078 0.000000 -0.924955
vn -0.380078 0.000000 -0.924955
vn 0.000000 0.000000 -1.000000
vn -0.380078 0.000000 -0.924955
vn -0.677289 0.000000 -0.735717
vn -0.677289 0.000000 -0.735717
vn -0.380078 0.000000 -0.924955
vn -0.677289 0.000000 -0.735717
vn -0.867887 0.000000 -0.496762
vn -0.867887 0.000000 -0.496762
vn -0.677289 0.000000 -0.735717
vn -0.867887 0.000000 -0.496762
vn -0.968832 0.000000 -0.247719
vn -0.968832 0.000000 -0.247719
vn -0.867887 0.000000 -0.496762
vn -0.968832 0.000000 -0.247719
vn -1.000000 0.000000 0.000000
vn -1.000000 0.000000 0.000000
vn -0.968832 0.000000 -0.247719
vn -1.000000 0.000000 0.000000
vn -0.968832 0.000000 0.247719
vn -0.968832 0.000000 0.247719
vn -1.000000 0.000000 0.000000
vn -0.968832 0.000000 0.247719
vn -0.867887 0.000000 0.496762
vn -0.867887 0.000000 0.496762
vn -0.968832 0.000000 0.247719
vn -0.867887 0.000000 0.496762
vn -0.677289 0.000000 0.735717
vn -0.677289 0.000000 0.735717
vn -0.867887 0.000000 0.496762
vn -0.677289 0.000000 0.735717
vn -0.380078 0.000000 0.924955
vn -0.380078 0.000000 0.924955
vn -0.677289 0.000000 0.735717
vn -0.380078 0.000000 0.924955
vn -0.000000 0.000000 1.000000
vn -0.000000 0.000000 1.000000
vn -0.380078 0.000000 0.924955
vn -0.000000 0.000000 1.000000
vn 0.380078 0.000000 0.924955
vn 0.380078 0.000000 0.924955
vn -0.000000 0.000000 1.000000
vn 0.380078 0.000000 0.924955
vn 0.677289 0.000000 0.735717
vn 0.677289 0.000000 0.735717
vn 0.380078 0.000000 0.924955
vn 0.677289 0.000000 0.735717
vn 0.867887 0.000000 0.496762
vn 0.867887 0.000000 0.496762
vn 0.677289 0.000000 0.735717
vn 0.867887 0.000000 0.496762
vn 0.968832 0.000000 0.247719
vn 0.968832 0.000000 0.247719
vn 0.867887 0.000000 0.496762
vn 0.968832 0.000000 0.247719
vn 1.000000 0.000000 0.000000
vn 1.000000 0.000000 0.000000
vn 0.968832 0.000000 0.247719
vn 1.000000 0.000000 0.000000
vn 0.968832 0.000000 -0.247719
vn 0.968832 0.000000 -0.247719
vn 1.000000 0.000000 0.000000
vn 0.968832 0.000000 -0.247719
vn 0.867887 0.000000 -0.496762
vn 0.867887 0.000000 -0.496762
vn 0.968832 0.000000 -0.247719
vn 0.867887 0.000000 -0.496762
vn 0.677289 0.000000 -0.735717
vn 0.677289 0.000000 -0.735717
vn 0.867887 0.000000 -0.496762
vn 0.677289 0.000000 -0.735717
vn 0.380078 0.000000 -0.924955
vn 0.380078 0.000000 -0.924955
vn 0.677289 0.000000 -0.735717
vn 0.380078 0.000000 -0.924955
vn 0.000000 0.000000 -1.000000
vn 0.000000 0.000000 -1.000000
vn 0.380078 0.000000 -0.924955
vn 0.000000 0.000000 -1.000000
vn -0.380078 0.000000 -0.924955
vn -0.380078 0.000000 -0.924955
vn 0.000000 0.000000 -1.000000
vn -0.380078 0.000000 -0.924955
vn -0.677289 0.000000 -0.735717
vn -0.677289 0.000000 -0.735717
vn -0.380078 0.000000 -0.924955
vn -0.677289 0.000000 -0.735717
vn -0.867887 0.000000 -0.496762
vn -0.867887 0.000000 -0.496762
vn -0.677289 0.000000 -0.735717
vn -0.867887 0.000000 -0.496762
vn -0.968832 0.000000 -0.247719
vn -0.968832 0.000000 -0.247719
vn -0.867887 0.000000 -0.496762
vn -0.968832 0.000000 -0.247719
vn -1.000000 0.000000 0.000000
vn -1.000000 0.000000 0.000000
vn -0.968832 0.000000 -0.247719
vn -0.722418 -0.691457 0.000000
vn -0.693610 -0.698396 0.176491
vn -0.693610 -0.698396 0.176491
vn -0.722418 -0.691457 0.000000
vn -0.693610 -0.698396 0.176491
vn -0.605345 -0.717538 0.344524
vn -0.605345 -0.717538 0.344524
vn -0.693610 -0.698396 0.176491
vn -0.605345 -0.717538 0.344524
vn -0.454755 -0.743373 0.490505
vn -0.454755 -0.743373 0.490505
vn -0.605345 -0.717538 0.344524
vn -0.454755 -0.743373 0.490505
vn -0.246004 -0.766282 0.593543
vn -0.246004 -0.766282 0.593543
vn -0.454755 -0.743373 0.490505
vn -0.246004 -0.766282 0.593543
vn -0.000000 -0.775562 0.631271
vn -0.000000 -0.775562 0.631271
vn -0.246004 -0.766282 0.593543
vn -0.000000 -0.775562 0.631271
vn 0.246004 -0.766282 0.593543
vn 0.246004 -0.766282 0.593543
vn -0.000000 -0.775562 0.631271
vn 0.246004 -0.766282 0.593543
vn 0.454755 -0.743373 0.490505
vn 0.454755 -0.743373 0.490505
vn 0.246004 -0.766282 0.593543
vn 0.454755 -0.743373 0.490505
vn 0.605345 -0.717538 0.344524
vn 0.605345 -0.717538 0.344524
vn 0.454755 -0.743373 0.490505
vn 0.605345 -0.717538 0.344524
vn 0.693610 -0.698396 0.176491
vn 0.693610 -0.698396 0.176491
vn 0.605345 -0.717538 0.344524
vn 0.693610 -0.698396 0.176491
vn 0.722418 -0.691457 0.000000
vn 0.722418 -0.691457 0.000000
vn 0.693610 -0.698396 0.176491
vn 0.722418 -0.691457 0.000000
vn 0.693610 -0.698396 -0.176491
vn 0.693610 -0.698396 -0.176491
vn 0.722418 -0.691457 0.000000
vn 0.693610 -0.698396 -0.176491
vn 0.605345 -0.717538 -0.344524
vn 0.605345 -0.717538 -0.344524
vn 0.693610 -0.698396 -0.176491
vn 0.605345 -0.717538 -0.344524
vn 0.454755 -0.743373 -0.490505
vn 0.454755 -0.743373 -0.490505
vn 0.605345 -0.717538 -0.344524
vn 0.454755 -0.743373 -0.490505
vn 0.246004 -0.766282 -0.593543
vn 0.246004 -0.766282 -0.593543
vn 0.454755 -0.743373 -0.490505
vn 0.246004 -0.766282 -0.593543
vn 0.000000 -0.775562 -0.631271
vn 0.000000 -0.775562 -0.631271
vn 0.246004 -0.766282 -0.593543
vn 0.000000 -0.775562 -0.631271
vn -0.246004 -0.766282 -0.593543
vn -0.246004 -0.766282 -0.593543
vn 0.000000 -0.775562 -0.631271
vn -0.246004 -0.766282 -0.593543
vn -0.454755 -0.743373 -0.490505
vn -0.454755 -0.743373 -0.490505
vn -0.246004 -0.766282 -0.593543
vn -0.454755 -0.743373 -0.490505
vn -0.605345 -0.717538 -0.344524
vn -0.605345 -0.717538 -0.344524
vn -0.454755 -0.743373 -0.490505
vn -0.605345 -0.717538 -0.344524
vn -0.693610 -0.698396 -0.176491
vn -0.693610 -0.698396 -0.176491
vn -0.605345 -0.717538 -0.344524
vn -0.693610 -0.698396 -0.176491
vn -0.722418 -0.691457 0.000000
vn -0.722418 -0.691457 0.000000
vn -0.693610 -0.698396 -0.176491
vn -0.000000 -1.000000 0.000000
vn -0.000000 -1.000000 0.000000
vn -0.000000 -1.000000 0.000000
vn -0.000000 -1.000000 0.000000
vn -0.000000 -1.000000 0.000000
vn -0.000000 -1.000000 0.000000
vn -0.000000 -1.000000 0.000000
vn -0.000000 -1.000000 0.000000
vn -0.000000 -1.000000 0.000000
vn -0.000000 -1.000000 0.000000
vn -0.000000 -1.000000 0.000000
vn -0.000000 -1.000000 0.000000
vn -0.000000 -1.000000 0.000000
vn -0.000000 -1.000000 0.000000
vn -0.000000 -1.000000 0.000000
vn -0.000000 -1.000000 0.000000
vn -0.000000 -1.000000 0.000000
vn -0.000000 -1.000000 0.000000
vn -0.000000 -1.000000 0.000000
vn -0.000000 -1.000000 0.000000
vn -0.000000 -1.000000 0.000000
vn -0.000000 -1.000000 0.000000
vn -0.000000 -1.000000 0.000000
vn -0.000000 -1.000000 0.000000
vn -0.000000 -1.000000 0.000000
vn -0.000000 -1.000000 0.000000
vn -0.000000 -1.000000 0.000000
vn -0.000000 -1.000000 0.000000
vn -0.000000 -1.000000 0.000000
vn -0.000000 -1.000000 0.000000
vn -0.000000 -1.000000 0.000000
vn -0.000000 -1.000000 0.000000
vn -0.000000 -1.000000 0.000000
vn -0.000000 -1.000000 0.000000
vn -0.000000 -1.000000 0.000000
vn -0.000000 -1.000000 0.000000
vn -0.000000 -1.000000 0.000000
vn -0.000000 -1.000000 0.000000
vn -0.000000 -1.000000 0.000000
vn -0.000000 -1.000000 0.000000
vn -0.000000 -1.000000 0.000000
vn -0.000000 -1.000000 0.000000
vn -0.000000 -1.000000 0.000000
vn -0.000000 -1.000000 0.000000
vn -0.000000 -1.000000 0.000000
vn -0.000000 -1.000000 0.000000
vn -0.000000 -1.000000 0.000000
vn -0.000000 -1.000000 0.000000
vn -0.000000 -1.000000 0.000000
vn -0.000000 -1.000000 0.000000
vn -0.000000 -1.000000 0.000000
vn -0.000000 -1.000000 0.000000
vn -0.000000 -1.000000 0.000000
vn -0.000000 -1.000000 0.000000
vn -0.000000 -1.000000 0.000000
vn -0.000000 -1.000000 0.000000
vn -0.000000 -1.000000 0.000000
vn -0.000000 -1.000000 0.000000
vn -0.000000 -1.000000 0.000000
vn -0.000000 -1.000000 0.000000
usemtl jp_steel__jp_blade_co
f 1/1/1 2/2/2 8/3/3 7/4/4
f 2/5/5 3/6/6 9/7/7 8/8/8
f 3/9/9 4/10/10 10/11/11 9/12/12
f 4/13/13 5/14/14 11/15/15 10/16/16
f 5/17/17 6/18/18 12/19/19 11/20/20
f 6/21/21 1/22/22 7/23/23 12/24/24
f 7/25/25 8/26/26 14/27/27 13/28/28
f 8/29/29 9/30/30 15/31/31 14/32/32
f 9/33/33 10/34/34 16/35/35 15/36/36
f 10/37/37 11/38/38 17/39/39 16/40/40
f 11/41/41 12/42/42 18/43/43 17/44/44
f 12/45/45 7/46/46 13/47/47 18/48/48
f 13/49/49 14/50/50 20/51/51 19/52/52
f 14/53/53 15/54/54 21/55/55 20/56/56
f 15/57/57 16/58/58 22/59/59 21/60/60
f 16/61/61 17/62/62 23/63/63 22/64/64
f 17/65/65 18/66/66 24/67/67 23/68/68
f 18/69/69 13/70/70 19/71/71 24/72/72
f 19/73/73 20/74/74 26/75/75 25/76/76
f 20/77/77 21/78/78 27/79/79 26/80/80
f 21/81/81 22/82/82 28/83/83 27/84/84
f 22/85/85 23/86/86 29/87/87 28/88/88
f 23/89/89 24/90/90 30/91/91 29/92/92
f 24/93/93 19/94/94 25/95/95 30/96/96
f 25/97/97 26/98/98 32/99/99 31/100/100
f 26/101/101 27/102/102 33/103/103 32/104/104
f 27/105/105 28/106/106 34/107/107 33/108/108
f 28/109/109 29/110/110 35/111/111 34/112/112
f 29/113/113 30/114/114 36/115/115 35/116/116
f 30/117/117 25/118/118 31/119/119 36/120/120
f 31/121/121 32/122/122 38/123/123 37/124/124
f 32/125/125 33/126/126 39/127/127 38/128/128
f 33/129/129 34/130/130 40/131/131 39/132/132
f 34/133/133 35/134/134 41/135/135 40/136/136
f 35/137/137 36/138/138 42/139/139 41/140/140
f 36/141/141 31/142/142 37/143/143 42/144/144
f 37/145/145 38/146/146 44/147/147 43/148/148
f 38/149/149 39/150/150 45/151/151 44/152/152
f 39/153/153 40/154/154 46/155/155 45/156/156
f 40/157/157 41/158/158 47/159/159 46/160/160
f 41/161/161 42/162/162 48/163/163 47/164/164
f 42/165/165 37/166/166 43/167/167 48/168/168
f 43/169/169 44/170/170 50/171/171 49/172/172
f 44/173/173 45/174/174 51/175/175 50/176/176
f 45/177/177 46/178/178 52/179/179 51/180/180
f 46/181/181 47/182/182 53/183/183 52/184/184
f 47/185/185 48/186/186 54/187/187 53/188/188
f 48/189/189 43/190/190 49/191/191 54/192/192
f 49/193/193 50/194/194 56/195/195 55/196/196
f 50/197/197 51/198/198 57/199/199 56/200/200
f 51/201/201 52/202/202 58/203/203 57/204/204
f 52/205/205 53/206/206 59/207/207 58/208/208
f 53/209/209 54/210/210 60/211/211 59/212/212
f 54/213/213 49/214/214 55/215/215 60/216/216
f 55/217/217 56/218/218 62/219/219 61/220/220
f 56/221/221 57/222/222 63/223/223 62/224/224
f 57/225/225 58/226/226 64/227/227 63/228/228
f 58/229/229 59/230/230 65/231/231 64/232/232
f 59/233/233 60/234/234 66/235/235 65/236/236
f 60/237/237 55/238/238 61/239/239 66/240/240
f 61/241/241 62/242/242 68/243/243 67/244/244
f 62/245/245 63/246/246 69/247/247 68/248/248
f 63/249/249 64/250/250 70/251/251 69/252/252
f 64/253/253 65/254/254 71/255/255 70/256/256
f 65/257/257 66/258/258 72/259/259 71/260/260
f 66/261/261 61/262/262 67/263/263 72/264/264
f 67/265/265 68/266/266 74/267/267 73/268/268
f 68/269/269 69/270/270 75/271/271 74/272/272
f 69/273/273 70/274/274 76/275/275 75/276/276
f 70/277/277 71/278/278 77/279/279 76/280/280
f 71/281/281 72/282/282 78/283/283 77/284/284
f 72/285/285 67/286/286 73/287/287 78/288/288
f 73/289/289 74/290/290 80/291/291 79/292/292
f 74/293/293 75/294/294 81/295/295 80/296/296
f 75/297/297 76/298/298 82/299/299 81/300/300
f 76/301/301 77/302/302 83/303/303 82/304/304
f 77/305/305 78/306/306 84/307/307 83/308/308
f 78/309/309 73/310/310 79/311/311 84/312/312
f 79/313/313 80/314/314 86/315/315 85/316/316
f 80/317/317 81/318/318 87/319/319 86/320/320
f 81/321/321 82/322/322 88/323/323 87/324/324
f 82/325/325 83/326/326 89/327/327 88/328/328
f 83/329/329 84/330/330 90/331/331 89/332/332
f 84/333/333 79/334/334 85/335/335 90/336/336
f 85/337/337 86/338/338 92/339/339 91/340/340
f 86/341/341 87/342/342 93/343/343 92/344/344
f 87/345/345 88/346/346 94/347/347 93/348/348
f 88/349/349 89/350/350 95/351/351 94/352/352
f 89/353/353 90/354/354 96/355/355 95/356/356
f 90/357/357 85/358/358 91/359/359 96/360/360
f 91/361/361 92/362/362 98/363/363 97/364/364
f 92/365/365 93/366/366 99/367/367 98/368/368
f 93/369/369 94/370/370 100/371/371 99/372/372
f 94/373/373 95/374/374 101/375/375 100/376/376
f 95/377/377 96/378/378 102/379/379 101/380/380
f 96/381/381 91/382/382 97/383/383 102/384/384
f 97/385/385 98/386/386 104/387/387 103/388/388
f 98/389/389 99/390/390 105/391/391 104/392/392
f 99/393/393 100/394/394 106/395/395 105/396/396
f 100/397/397 101/398/398 107/399/399 106/400/400
f 101/401/401 102/402/402 108/403/403 107/404/404
f 102/405/405 97/406/406 103/407/407 108/408/408
f 103/409/409 104/410/410 110/411/411 109/412/412
f 104/413/413 105/414/414 111/415/415 110/416/416
f 105/417/417 106/418/418 112/419/419 111/420/420
f 106/421/421 107/422/422 113/423/423 112/424/424
f 107/425/425 108/426/426 114/427/427 113/428/428
f 108/429/429 103/430/430 109/431/431 114/432/432
f 109/433/433 110/434/434 116/435/435 115/436/436
f 110/437/437 111/438/438 117/439/439 116/440/440
f 111/441/441 112/442/442 118/443/443 117/444/444
f 112/445/445 113/446/446 119/447/447 118/448/448
f 113/449/449 114/450/450 120/451/451 119/452/452
f 114/453/453 109/454/454 115/455/455 120/456/456
f 115/457/457 116/458/458 122/459/459 121/460/460
f 116/461/461 117/462/462 123/463/463 122/464/464
f 117/465/465 118/466/466 124/467/467 123/468/468
f 118/469/469 119/470/470 125/471/471 124/472/472
f 119/473/473 120/474/474 126/475/475 125/476/476
f 120/477/477 115/478/478 121/479/479 126/480/480
f 121/481/481 122/482/482 128/483/483 127/484/484
f 122/485/485 123/486/486 129/487/487 128/488/488
f 123/489/489 124/490/490 130/491/491 129/492/492
f 124/493/493 125/494/494 131/495/495 130/496/496
f 125/497/497 126/498/498 132/499/499 131/500/500
f 126/501/501 121/502/502 127/503/503 132/504/504
f 127/505/505 128/506/506 134/507/507 133/508/508
f 128/509/509 129/510/510 135/511/511 134/512/512
f 129/513/513 130/514/514 136/515/515 135/516/516
f 130/517/517 131/518/518 137/519/519 136/520/520
f 131/521/521 132/522/522 138/523/523 137/524/524
f 132/525/525 127/526/526 133/527/527 138/528/528
f 133/529/529 134/530/530 140/531/531 139/532/532
f 134/533/533 135/534/534 141/535/535 140/536/536
f 135/537/537 136/538/538 142/539/539 141/540/540
f 136/541/541 137/542/542 143/543/543 142/544/544
f 137/545/545 138/546/546 144/547/547 143/548/548
f 138/549/549 133/550/550 139/551/551 144/552/552
f 139/553/553 140/554/554 146/555/555 145/556/556
f 140/557/557 141/558/558 147/559/559 146/560/560
f 141/561/561 142/562/562 148/563/563 147/564/564
f 142/565/565 143/566/566 149/567/567 148/568/568
f 143/569/569 144/570/570 150/571/571 149/572/572
f 144/573/573 139/574/574 145/575/575 150/576/576
f 145/577/577 146/578/578 152/579/579 151/580/580
f 146/581/581 147/582/582 153/583/583 152/584/584
f 147/585/585 148/586/586 154/587/587 153/588/588
f 148/589/589 149/590/590 155/591/591 154/592/592
f 149/593/593 150/594/594 156/595/595 155/596/596
f 150/597/597 145/598/598 151/599/599 156/600/600
f 151/601/601 152/602/602 158/603/603 157/604/604
f 152/605/605 153/606/606 159/607/607 158/608/608
f 153/609/609 154/610/610 160/611/611 159/612/612
f 154/613/613 155/614/614 161/615/615 160/616/616
f 155/617/617 156/618/618 162/619/619 161/620/620
f 156/621/621 151/622/622 157/623/623 162/624/624
f 157/625/625 158/626/626 164/627/627 163/628/628
f 158/629/629 159/630/630 165/631/631 164/632/632
f 159/633/633 160/634/634 166/635/635 165/636/636
f 160/637/637 161/638/638 167/639/639 166/640/640
f 161/641/641 162/642/642 168/643/643 167/644/644
f 162/645/645 157/646/646 163/647/647 168/648/648
f 163/649/649 164/650/650 170/651/651 169/652/652
f 164/653/653 165/654/654 171/655/655 170/656/656
f 165/657/657 166/658/658 172/659/659 171/660/660
f 166/661/661 167/662/662 173/663/663 172/664/664
f 167/665/665 168/666/666 174/667/667 173/668/668
f 168/669/669 163/670/670 169/671/671 174/672/672
f 169/673/673 170/674/674 176/675/675 175/676/676
f 170/677/677 171/678/678 177/679/679 176/680/680
f 171/681/681 172/682/682 178/683/683 177/684/684
f 172/685/685 173/686/686 179/687/687 178/688/688
f 173/689/689 174/690/690 180/691/691 179/692/692
f 174/693/693 169/694/694 175/695/695 180/696/696
f 175/697/697 176/698/698 182/699/699 181/700/700
f 176/701/701 177/702/702 183/703/703 182/704/704
f 177/705/705 178/706/706 184/707/707 183/708/708
f 178/709/709 179/710/710 185/711/711 184/712/712
f 179/713/713 180/714/714 186/715/715 185/716/716
f 180/717/717 175/718/718 181/719/719 186/720/720
f 181/721/721 182/722/722 188/723/723 187/724/724
f 182/725/725 183/726/726 189/727/727 188/728/728
f 183/729/729 184/730/730 190/731/731 189/732/732
f 184/733/733 185/734/734 191/735/735 190/736/736
f 185/737/737 186/738/738 192/739/739 191/740/740
f 186/741/741 181/742/742 187/743/743 192/744/744
f 187/745/745 188/746/746 194/747/747 193/748/748
f 188/749/749 189/750/750 195/751/751 194/752/752
f 189/753/753 190/754/754 196/755/755 195/756/756
f 190/757/757 191/758/758 197/759/759 196/760/760
f 191/761/761 192/762/762 198/763/763 197/764/764
f 192/765/765 187/766/766 193/767/767 198/768/768
f 193/769/769 194/770/770 200/771/771 199/772/772
f 194/773/773 195/774/774 201/775/775 200/776/776
f 195/777/777 196/778/778 202/779/779 201/780/780
f 196/781/781 197/782/782 203/783/783 202/784/784
f 197/785/785 198/786/786 204/787/787 203/788/788
f 198/789/789 193/790/790 199/791/791 204/792/792
f 199/793/793 200/794/794 206/795/795 205/796/796
f 200/797/797 201/798/798 207/799/799 206/800/800
f 201/801/801 202/802/802 208/803/803 207/804/804
f 202/805/805 203/806/806 209/807/807 208/808/808
f 203/809/809 204/810/810 210/811/811 209/812/812
f 204/813/813 199/814/814 205/815/815 210/816/816
f 205/817/817 206/818/818 212/819/819 211/820/820
f 206/821/821 207/822/822 213/823/823 212/824/824
f 207/825/825 208/826/826 214/827/827 213/828/828
f 208/829/829 209/830/830 215/831/831 214/832/832
f 209/833/833 210/834/834 216/835/835 215/836/836
f 210/837/837 205/838/838 211/839/839 216/840/840
f 211/841/841 212/842/842 218/843/843 217/844/844
f 212/845/845 213/846/846 219/847/847 218/848/848
f 213/849/849 214/850/850 220/851/851 219/852/852
f 214/853/853 215/854/854 221/855/855 220/856/856
f 215/857/857 216/858/858 222/859/859 221/860/860
f 216/861/861 211/862/862 217/863/863 222/864/864
f 217/865/865 218/866/866 224/867/867 223/868/868
f 218/869/869 219/870/870 225/871/871 224/872/872
f 219/873/873 220/874/874 226/875/875 225/876/876
f 220/877/877 221/878/878 227/879/879 226/880/880
f 221/881/881 222/882/882 228/883/883 227/884/884
f 222/885/885 217/886/886 223/887/887 228/888/888
f 223/889/889 224/890/890 230/891/891 229/892/892
f 224/893/893 225/894/894 231/895/895 230/896/896
f 225/897/897 226/898/898 232/899/899 231/900/900
f 226/901/901 227/902/902 233/903/903 232/904/904
f 227/905/905 228/906/906 234/907/907 233/908/908
f 228/909/909 223/910/910 229/911/911 234/912/912
f 229/913/913 230/914/914 236/915/915 235/916/916
f 230/917/917 231/918/918 237/919/919 236/920/920
f 231/921/921 232/922/922 238/923/923 237/924/924
f 232/925/925 233/926/926 239/927/927 238/928/928
f 233/929/929 234/930/930 240/931/931 239/932/932
f 234/933/933 229/934/934 235/935/935 240/936/936
f 235/937/937 236/938/938 242/939/939 241/940/940
f 236/941/941 237/942/942 243/943/943 242/944/944
f 237/945/945 238/946/946 244/947/947 243/948/948
f 238/949/949 239/950/950 245/951/951 244/952/952
f 239/953/953 240/954/954 246/955/955 245/956/956
f 240/957/957 235/958/958 241/959/959 246/960/960
f 241/961/961 242/962/962 248/963/963 247/964/964
f 242/965/965 243/966/966 249/967/967 248/968/968
f 243/969/969 244/970/970 250/971/971 249/972/972
f 244/973/973 245/974/974 251/975/975 250/976/976
f 245/977/977 246/978/978 252/979/979 251/980/980
f 246/981/981 241/982/982 247/983/983 252/984/984
f 247/985/985 248/986/986 254/987/987 253/988/988
f 248/989/989 249/990/990 255/991/991 254/992/992
f 249/993/993 250/994/994 256/995/995 255/996/996
f 250/997/997 251/998/998 257/999/999 256/1000/1000
f 251/1001/1001 252/1002/1002 258/1003/1003 257/1004/1004
f 252/1005/1005 247/1006/1006 253/1007/1007 258/1008/1008
f 253/1009/1009 254/1010/1010 260/1011/1011 259/1012/1012
f 254/1013/1013 255/1014/1014 261/1015/1015 260/1016/1016
f 255/1017/1017 256/1018/1018 262/1019/1019 261/1020/1020
f 256/1021/1021 257/1022/1022 263/1023/1023 262/1024/1024
f 257/1025/1025 258/1026/1026 264/1027/1027 263/1028/1028
f 258/1029/1029 253/1030/1030 259/1031/1031 264/1032/1032
f 259/1033/1033 260/1034/1034 266/1035/1035 265/1036/1036
f 260/1037/1037 261/1038/1038 267/1039/1039 266/1040/1040
f 261/1041/1041 262/1042/1042 268/1043/1043 267/1044/1044
f 262/1045/1045 263/1046/1046 269/1047/1047 268/1048/1048
f 263/1049/1049 264/1050/1050 270/1051/1051 269/1052/1052
f 264/1053/1053 259/1054/1054 265/1055/1055 270/1056/1056
f 265/1057/1057 266/1058/1058 272/1059/1059 271/1060/1060
f 266/1061/1061 267/1062/1062 273/1063/1063 272/1064/1064
f 267/1065/1065 268/1066/1066 274/1067/1067 273/1068/1068
f 268/1069/1069 269/1070/1070 275/1071/1071 274/1072/1072
f 269/1073/1073 270/1074/1074 276/1075/1075 275/1076/1076
f 270/1077/1077 265/1078/1078 271/1079/1079 276/1080/1080
f 271/1081/1081 272/1082/1082 278/1083/1083 277/1084/1084
f 272/1085/1085 273/1086/1086 279/1087/1087 278/1088/1088
f 273/1089/1089 274/1090/1090 280/1091/1091 279/1092/1092
f 274/1093/1093 275/1094/1094 281/1095/1095 280/1096/1096
f 275/1097/1097 276/1098/1098 282/1099/1099 281/1100/1100
f 276/1101/1101 271/1102/1102 277/1103/1103 282/1104/1104
f 277/1105/1105 278/1106/1106 284/1107/1107 283/1108/1108
f 278/1109/1109 279/1110/1110 285/1111/1111 284/1112/1112
f 279/1113/1113 280/1114/1114 286/1115/1115 285/1116/1116
f 280/1117/1117 281/1118/1118 287/1119/1119 286/1120/1120
f 281/1121/1121 282/1122/1122 288/1123/1123 287/1124/1124
f 282/1125/1125 277/1126/1126 283/1127/1127 288/1128/1128
f 283/1129/1129 284/1130/1130 290/1131/1131 289/1132/1132
f 284/1133/1133 285/1134/1134 291/1135/1135 290/1136/1136
f 285/1137/1137 286/1138/1138 292/1139/1139 291/1140/1140
f 286/1141/1141 287/1142/1142 293/1143/1143 292/1144/1144
f 287/1145/1145 288/1146/1146 294/1147/1147 293/1148/1148
f 288/1149/1149 283/1150/1150 289/1151/1151 294/1152/1152
f 289/1153/1153 290/1154/1154 296/1155/1155 295/1156/1156
f 290/1157/1157 291/1158/1158 297/1159/1159 296/1160/1160
f 291/1161/1161 292/1162/1162 298/1163/1163 297/1164/1164
f 292/1165/1165 293/1166/1166 299/1167/1167 298/1168/1168
f 293/1169/1169 294/1170/1170 300/1171/1171 299/1172/1172
f 294/1173/1173 289/1174/1174 295/1175/1175 300/1176/1176
f 295/1177/1177 296/1178/1178 302/1179/1179 301/1180/1180
f 296/1181/1181 297/1182/1182 303/1183/1183 302/1184/1184
f 297/1185/1185 298/1186/1186 304/1187/1187 303/1188/1188
f 298/1189/1189 299/1190/1190 305/1191/1191 304/1192/1192
f 299/1193/1193 300/1194/1194 306/1195/1195 305/1196/1196
f 300/1197/1197 295/1198/1198 301/1199/1199 306/1200/1200
f 301/1201/1201 302/1202/1202 308/1203/1203 307/1204/1204
f 302/1205/1205 303/1206/1206 309/1207/1207 308/1208/1208
f 303/1209/1209 304/1210/1210 310/1211/1211 309/1212/1212
f 304/1213/1213 305/1214/1214 311/1215/1215 310/1216/1216
f 305/1217/1217 306/1218/1218 312/1219/1219 311/1220/1220
f 306/1221/1221 301/1222/1222 307/1223/1223 312/1224/1224
f 307/1225/1225 308/1226/1226 314/1227/1227 313/1228/1228
f 308/1229/1229 309/1230/1230 315/1231/1231 314/1232/1232
f 309/1233/1233 310/1234/1234 316/1235/1235 315/1236/1236
f 310/1237/1237 311/1238/1238 317/1239/1239 316/1240/1240
f 311/1241/1241 312/1242/1242 318/1243/1243 317/1244/1244
f 312/1245/1245 307/1246/1246 313/1247/1247 318/1248/1248
f 313/1249/1249 314/1250/1250 320/1251/1251 319/1252/1252
f 314/1253/1253 315/1254/1254 321/1255/1255 320/1256/1256
f 315/1257/1257 316/1258/1258 322/1259/1259 321/1260/1260
f 316/1261/1261 317/1262/1262 323/1263/1263 322/1264/1264
f 317/1265/1265 318/1266/1266 324/1267/1267 323/1268/1268
f 318/1269/1269 313/1270/1270 319/1271/1271 324/1272/1272
f 319/1273/1273 320/1274/1274 326/1275/1275 325/1276/1276
f 320/1277/1277 321/1278/1278 327/1279/1279 326/1280/1280
f 321/1281/1281 322/1282/1282 328/1283/1283 327/1284/1284
f 322/1285/1285 323/1286/1286 329/1287/1287 328/1288/1288
f 323/1289/1289 324/1290/1290 330/1291/1291 329/1292/1292
f 324/1293/1293 319/1294/1294 325/1295/1295 330/1296/1296
f 325/1297/1297 326/1298/1298 332/1299/1299 331/1300/1300
f 326/1301/1301 327/1302/1302 333/1303/1303 332/1304/1304
f 327/1305/1305 328/1306/1306 334/1307/1307 333/1308/1308
f 328/1309/1309 329/1310/1310 335/1311/1311 334/1312/1312
f 329/1313/1313 330/1314/1314 336/1315/1315 335/1316/1316
f 330/1317/1317 325/1318/1318 331/1319/1319 336/1320/1320
f 331/1321/1321 332/1322/1322 338/1323/1323 337/1324/1324
f 332/1325/1325 333/1326/1326 339/1327/1327 338/1328/1328
f 333/1329/1329 334/1330/1330 340/1331/1331 339/1332/1332
f 334/1333/1333 335/1334/1334 341/1335/1335 340/1336/1336
f 335/1337/1337 336/1338/1338 342/1339/1339 341/1340/1340
f 336/1341/1341 331/1342/1342 337/1343/1343 342/1344/1344
f 337/1345/1345 338/1346/1346 344/1347/1347 343/1348/1348
f 338/1349/1349 339/1350/1350 345/1351/1351 344/1352/1352
f 339/1353/1353 340/1354/1354 346/1355/1355 345/1356/1356
f 340/1357/1357 341/1358/1358 347/1359/1359 346/1360/1360
f 341/1361/1361 342/1362/1362 348/1363/1363 347/1364/1364
f 342/1365/1365 337/1366/1366 343/1367/1367 348/1368/1368
f 343/1369/1369 344/1370/1370 350/1371/1371 349/1372/1372
f 344/1373/1373 345/1374/1374 351/1375/1375 350/1376/1376
f 345/1377/1377 346/1378/1378 352/1379/1379 351/1380/1380
f 346/1381/1381 347/1382/1382 353/1383/1383 352/1384/1384
f 347/1385/1385 348/1386/1386 354/1387/1387 353/1388/1388
f 348/1389/1389 343/1390/1390 349/1391/1391 354/1392/1392
f 349/1393/1393 350/1394/1394 356/1395/1395 355/1396/1396
f 350/1397/1397 351/1398/1398 357/1399/1399 356/1400/1400
f 351/1401/1401 352/1402/1402 358/1403/1403 357/1404/1404
f 352/1405/1405 353/1406/1406 359/1407/1407 358/1408/1408
f 353/1409/1409 354/1410/1410 360/1411/1411 359/1412/1412
f 354/1413/1413 349/1414/1414 355/1415/1415 360/1416/1416
f 355/1417/1417 356/1418/1418 362/1419/1419 361/1420/1420
f 356/1421/1421 357/1422/1422 363/1423/1423 362/1424/1424
f 357/1425/1425 358/1426/1426 364/1427/1427 363/1428/1428
f 358/1429/1429 359/1430/1430 365/1431/1431 364/1432/1432
f 359/1433/1433 360/1434/1434 366/1435/1435 365/1436/1436
f 360/1437/1437 355/1438/1438 361/1439/1439 366/1440/1440
f 361/1441/1441 362/1442/1442 368/1443/1443 367/1444/1444
f 362/1445/1445 363/1446/1446 369/1447/1447 368/1448/1448
f 363/1449/1449 364/1450/1450 370/1451/1451 369/1452/1452
f 364/1453/1453 365/1454/1454 371/1455/1455 370/1456/1456
f 365/1457/1457 366/1458/1458 372/1459/1459 371/1460/1460
f 366/1461/1461 361/1462/1462 367/1463/1463 372/1464/1464
f 367/1465/1465 368/1466/1466 374/1467/1467 373/1468/1468
f 368/1469/1469 369/1470/1470 375/1471/1471 374/1472/1472
f 369/1473/1473 370/1474/1474 376/1475/1475 375/1476/1476
f 370/1477/1477 371/1478/1478 377/1479/1479 376/1480/1480
f 371/1481/1481 372/1482/1482 378/1483/1483 377/1484/1484
f 372/1485/1485 367/1486/1486 373/1487/1487 378/1488/1488
f 373/1489/1489 374/1490/1490 380/1491/1491 379/1492/1492
f 374/1493/1493 375/1494/1494 381/1495/1495 380/1496/1496
f 375/1497/1497 376/1498/1498 382/1499/1499 381/1500/1500
f 376/1501/1501 377/1502/1502 383/1503/1503 382/1504/1504
f 377/1505/1505 378/1506/1506 384/1507/1507 383/1508/1508
f 378/1509/1509 373/1510/1510 379/1511/1511 384/1512/1512
f 379/1513/1513 380/1514/1514 386/1515/1515 385/1516/1516
f 380/1517/1517 381/1518/1518 387/1519/1519 386/1520/1520
f 381/1521/1521 382/1522/1522 388/1523/1523 387/1524/1524
f 382/1525/1525 383/1526/1526 389/1527/1527 388/1528/1528
f 383/1529/1529 384/1530/1530 390/1531/1531 389/1532/1532
f 384/1533/1533 379/1534/1534 385/1535/1535 390/1536/1536
f 385/1537/1537 386/1538/1538 392/1539/1539 391/1540/1540
f 386/1541/1541 387/1542/1542 393/1543/1543 392/1544/1544
f 387/1545/1545 388/1546/1546 394/1547/1547 393/1548/1548
f 388/1549/1549 389/1550/1550 395/1551/1551 394/1552/1552
f 389/1553/1553 390/1554/1554 396/1555/1555 395/1556/1556
f 390/1557/1557 385/1558/1558 391/1559/1559 396/1560/1560
f 391/1561/1561 392/1562/1562 398/1563/1563 397/1564/1564
f 392/1565/1565 393/1566/1566 399/1567/1567 398/1568/1568
f 393/1569/1569 394/1570/1570 400/1571/1571 399/1572/1572
f 394/1573/1573 395/1574/1574 401/1575/1575 400/1576/1576
f 395/1577/1577 396/1578/1578 402/1579/1579 401/1580/1580
f 396/1581/1581 391/1582/1582 397/1583/1583 402/1584/1584
f 397/1585/1585 398/1586/1586 404/1587/1587 403/1588/1588
f 398/1589/1589 399/1590/1590 405/1591/1591 404/1592/1592
f 399/1593/1593 400/1594/1594 406/1595/1595 405/1596/1596
f 400/1597/1597 401/1598/1598 407/1599/1599 406/1600/1600
f 401/1601/1601 402/1602/1602 408/1603/1603 407/1604/1604
f 402/1605/1605 397/1606/1606 403/1607/1607 408/1608/1608
f 403/1609/1609 404/1610/1610 410/1611/1611 409/1612/1612
f 404/1613/1613 405/1614/1614 411/1615/1615 410/1616/1616
f 405/1617/1617 406/1618/1618 412/1619/1619 411/1620/1620
f 406/1621/1621 407/1622/1622 413/1623/1623 412/1624/1624
f 407/1625/1625 408/1626/1626 414/1627/1627 413/1628/1628
f 408/1629/1629 403/1630/1630 409/1631/1631 414/1632/1632
f 415/1633/1633 416/1634/1634 417/1635/1635
f 415/1636/1636 417/1637/1637 418/1638/1638
f 415/1639/1639 418/1640/1640 419/1641/1641
f 415/1642/1642 419/1643/1643 420/1644/1644
f 415/1645/1645 420/1646/1646 421/1647/1647
f 415/1648/1648 421/1649/1649 416/1650/1650
f 424/1651/1651 423/1652/1652 422/1653/1653
f 425/1654/1654 424/1655/1655 422/1656/1656
f 426/1657/1657 425/1658/1658 422/1659/1659
f 427/1660/1660 426/1661/1661 422/1662/1662
f 428/1663/1663 427/1664/1664 422/1665/1665
f 423/1666/1666 428/1667/1667 422/1668/1668
usemtl jp_brass__jp_fittings_co
f 429/1669/1669 430/1670/1670 442/1671/1671 441/1672/1672
f 430/1673/1673 431/1674/1674 443/1675/1675 442/1676/1676
f 431/1677/1677 432/1678/1678 444/1679/1679 443/1680/1680
f 432/1681/1681 433/1682/1682 445/1683/1683 444/1684/1684
f 433/1685/1685 434/1686/1686 446/1687/1687 445/1688/1688
f 434/1689/1689 435/1690/1690 447/1691/1691 446/1692/1692
f 435/1693/1693 436/1694/1694 448/1695/1695 447/1696/1696
f 436/1697/1697 437/1698/1698 449/1699/1699 448/1700/1700
f 437/1701/1701 438/1702/1702 450/1703/1703 449/1704/1704
f 438/1705/1705 439/1706/1706 451/1707/1707 450/1708/1708
f 439/1709/1709 440/1710/1710 452/1711/1711 451/1712/1712
f 440/1713/1713 429/1714/1714 441/1715/1715 452/1716/1716
f 441/1717/1717 442/1718/1718 454/1719/1719 453/1720/1720
f 442/1721/1721 443/1722/1722 455/1723/1723 454/1724/1724
f 443/1725/1725 444/1726/1726 456/1727/1727 455/1728/1728
f 444/1729/1729 445/1730/1730 457/1731/1731 456/1732/1732
f 445/1733/1733 446/1734/1734 458/1735/1735 457/1736/1736
f 446/1737/1737 447/1738/1738 459/1739/1739 458/1740/1740
f 447/1741/1741 448/1742/1742 460/1743/1743 459/1744/1744
f 448/1745/1745 449/1746/1746 461/1747/1747 460/1748/1748
f 449/1749/1749 450/1750/1750 462/1751/1751 461/1752/1752
f 450/1753/1753 451/1754/1754 463/1755/1755 462/1756/1756
f 451/1757/1757 452/1758/1758 464/1759/1759 463/1760/1760
f 452/1761/1761 441/1762/1762 453/1763/1763 464/1764/1764
f 465/1765/1765 466/1766/1766 467/1767/1767
f 465/1768/1768 467/1769/1769 468/1770/1770
f 465/1771/1771 468/1772/1772 469/1773/1773
f 465/1774/1774 469/1775/1775 470/1776/1776
f 465/1777/1777 470/1778/1778 471/1779/1779
f 465/1780/1780 471/1781/1781 472/1782/1782
f 465/1783/1783 472/1784/1784 473/1785/1785
f 465/1786/1786 473/1787/1787 474/1788/1788
f 465/1789/1789 474/1790/1790 475/1791/1791
f 465/1792/1792 475/1793/1793 476/1794/1794
f 465/1795/1795 476/1796/1796 477/1797/1797
f 465/1798/1798 477/1799/1799 466/1800/1800
usemtl jp_iron__jp_fittings_co
f 478/1801/1801 479/1802/1802 519/1803/1803 518/1804/1804
f 479/1805/1805 480/1806/1806 520/1807/1807 519/1808/1808
f 480/1809/1809 481/1810/1810 521/1811/1811 520/1812/1812
f 481/1813/1813 482/1814/1814 522/1815/1815 521/1816/1816
f 482/1817/1817 483/1818/1818 523/1819/1819 522/1820/1820
f 483/1821/1821 484/1822/1822 524/1823/1823 523/1824/1824
f 484/1825/1825 485/1826/1826 525/1827/1827 524/1828/1828
f 485/1829/1829 486/1830/1830 526/1831/1831 525/1832/1832
f 486/1833/1833 487/1834/1834 527/1835/1835 526/1836/1836
f 487/1837/1837 488/1838/1838 528/1839/1839 527/1840/1840
f 488/1841/1841 489/1842/1842 529/1843/1843 528/1844/1844
f 489/1845/1845 490/1846/1846 530/1847/1847 529/1848/1848
f 490/1849/1849 491/1850/1850 531/1851/1851 530/1852/1852
f 491/1853/1853 492/1854/1854 532/1855/1855 531/1856/1856
f 492/1857/1857 493/1858/1858 533/1859/1859 532/1860/1860
f 493/1861/1861 494/1862/1862 534/1863/1863 533/1864/1864
f 494/1865/1865 495/1866/1866 535/1867/1867 534/1868/1868
f 495/1869/1869 496/1870/1870 536/1871/1871 535/1872/1872
f 496/1873/1873 497/1874/1874 537/1875/1875 536/1876/1876
f 497/1877/1877 498/1878/1878 538/1879/1879 537/1880/1880
f 498/1881/1881 499/1882/1882 539/1883/1883 538/1884/1884
f 499/1885/1885 500/1886/1886 540/1887/1887 539/1888/1888
f 500/1889/1889 501/1890/1890 541/1891/1891 540/1892/1892
f 501/1893/1893 502/1894/1894 542/1895/1895 541/1896/1896
f 502/1897/1897 503/1898/1898 543/1899/1899 542/1900/1900
f 503/1901/1901 504/1902/1902 544/1903/1903 543/1904/1904
f 504/1905/1905 505/1906/1906 545/1907/1907 544/1908/1908
f 505/1909/1909 506/1910/1910 546/1911/1911 545/1912/1912
f 506/1913/1913 507/1914/1914 547/1915/1915 546/1916/1916
f 507/1917/1917 508/1918/1918 548/1919/1919 547/1920/1920
f 508/1921/1921 509/1922/1922 549/1923/1923 548/1924/1924
f 509/1925/1925 510/1926/1926 550/1927/1927 549/1928/1928
f 510/1929/1929 511/1930/1930 551/1931/1931 550/1932/1932
f 511/1933/1933 512/1934/1934 552/1935/1935 551/1936/1936
f 512/1937/1937 513/1938/1938 553/1939/1939 552/1940/1940
f 513/1941/1941 514/1942/1942 554/1943/1943 553/1944/1944
f 514/1945/1945 515/1946/1946 555/1947/1947 554/1948/1948
f 515/1949/1949 516/1950/1950 556/1951/1951 555/1952/1952
f 516/1953/1953 517/1954/1954 557/1955/1955 556/1956/1956
f 517/1957/1957 478/1958/1958 518/1959/1959 557/1960/1960
f 518/1961/1961 519/1962/1962 559/1963/1963 558/1964/1964
f 519/1965/1965 520/1966/1966 560/1967/1967 559/1968/1968
f 520/1969/1969 521/1970/1970 561/1971/1971 560/1972/1972
f 521/1973/1973 522/1974/1974 562/1975/1975 561/1976/1976
f 522/1977/1977 523/1978/1978 563/1979/1979 562/1980/1980
f 523/1981/1981 524/1982/1982 564/1983/1983 563/1984/1984
f 524/1985/1985 525/1986/1986 565/1987/1987 564/1988/1988
f 525/1989/1989 526/1990/1990 566/1991/1991 565/1992/1992
f 526/1993/1993 527/1994/1994 567/1995/1995 566/1996/1996
f 527/1997/1997 528/1998/1998 568/1999/1999 567/2000/2000
f 528/2001/2001 529/2002/2002 569/2003/2003 568/2004/2004
f 529/2005/2005 530/2006/2006 570/2007/2007 569/2008/2008
f 530/2009/2009 531/2010/2010 571/2011/2011 570/2012/2012
f 531/2013/2013 532/2014/2014 572/2015/2015 571/2016/2016
f 532/2017/2017 533/2018/2018 573/2019/2019 572/2020/2020
f 533/2021/2021 534/2022/2022 574/2023/2023 573/2024/2024
f 534/2025/2025 535/2026/2026 575/2027/2027 574/2028/2028
f 535/2029/2029 536/2030/2030 576/2031/2031 575/2032/2032
f 536/2033/2033 537/2034/2034 577/2035/2035 576/2036/2036
f 537/2037/2037 538/2038/2038 578/2039/2039 577/2040/2040
f 538/2041/2041 539/2042/2042 579/2043/2043 578/2044/2044
f 539/2045/2045 540/2046/2046 580/2047/2047 579/2048/2048
f 540/2049/2049 541/2050/2050 581/2051/2051 580/2052/2052
f 541/2053/2053 542/2054/2054 582/2055/2055 581/2056/2056
f 542/2057/2057 543/2058/2058 583/2059/2059 582/2060/2060
f 543/2061/2061 544/2062/2062 584/2063/2063 583/2064/2064
f 544/2065/2065 545/2066/2066 585/2067/2067 584/2068/2068
f 545/2069/2069 546/2070/2070 586/2071/2071 585/2072/2072
f 546/2073/2073 547/2074/2074 587/2075/2075 586/2076/2076
f 547/2077/2077 548/2078/2078 588/2079/2079 587/2080/2080
f 548/2081/2081 549/2082/2082 589/2083/2083 588/2084/2084
f 549/2085/2085 550/2086/2086 590/2087/2087 589/2088/2088
f 550/2089/2089 551/2090/2090 591/2091/2091 590/2092/2092
f 551/2093/2093 552/2094/2094 592/2095/2095 591/2096/2096
f 552/2097/2097 553/2098/2098 593/2099/2099 592/2100/2100
f 553/2101/2101 554/2102/2102 594/2103/2103 593/2104/2104
f 554/2105/2105 555/2106/2106 595/2107/2107 594/2108/2108
f 555/2109/2109 556/2110/2110 596/2111/2111 595/2112/2112
f 556/2113/2113 557/2114/2114 597/2115/2115 596/2116/2116
f 557/2117/2117 518/2118/2118 558/2119/2119 597/2120/2120
f 558/2121/2121 559/2122/2122 599/2123/2123 598/2124/2124
f 559/2125/2125 560/2126/2126 600/2127/2127 599/2128/2128
f 560/2129/2129 561/2130/2130 601/2131/2131 600/2132/2132
f 561/2133/2133 562/2134/2134 602/2135/2135 601/2136/2136
f 562/2137/2137 563/2138/2138 603/2139/2139 602/2140/2140
f 563/2141/2141 564/2142/2142 604/2143/2143 603/2144/2144
f 564/2145/2145 565/2146/2146 605/2147/2147 604/2148/2148
f 565/2149/2149 566/2150/2150 606/2151/2151 605/2152/2152
f 566/2153/2153 567/2154/2154 607/2155/2155 606/2156/2156
f 567/2157/2157 568/2158/2158 608/2159/2159 607/2160/2160
f 568/2161/2161 569/2162/2162 609/2163/2163 608/2164/2164
f 569/2165/2165 570/2166/2166 610/2167/2167 609/2168/2168
f 570/2169/2169 571/2170/2170 611/2171/2171 610/2172/2172
f 571/2173/2173 572/2174/2174 612/2175/2175 611/2176/2176
f 572/2177/2177 573/2178/2178 613/2179/2179 612/2180/2180
f 573/2181/2181 574/2182/2182 614/2183/2183 613/2184/2184
f 574/2185/2185 575/2186/2186 615/2187/2187 614/2188/2188
f 575/2189/2189 576/2190/2190 616/2191/2191 615/2192/2192
f 576/2193/2193 577/2194/2194 617/2195/2195 616/2196/2196
f 577/2197/2197 578/2198/2198 618/2199/2199 617/2200/2200
f 578/2201/2201 579/2202/2202 619/2203/2203 618/2204/2204
f 579/2205/2205 580/2206/2206 620/2207/2207 619/2208/2208
f 580/2209/2209 581/2210/2210 621/2211/2211 620/2212/2212
f 581/2213/2213 582/2214/2214 622/2215/2215 621/2216/2216
f 582/2217/2217 583/2218/2218 623/2219/2219 622/2220/2220
f 583/2221/2221 584/2222/2222 624/2223/2223 623/2224/2224
f 584/2225/2225 585/2226/2226 625/2227/2227 624/2228/2228
f 585/2229/2229 586/2230/2230 626/2231/2231 625/2232/2232
f 586/2233/2233 587/2234/2234 627/2235/2235 626/2236/2236
f 587/2237/2237 588/2238/2238 628/2239/2239 627/2240/2240
f 588/2241/2241 589/2242/2242 629/2243/2243 628/2244/2244
f 589/2245/2245 590/2246/2246 630/2247/2247 629/2248/2248
f 590/2249/2249 591/2250/2250 631/2251/2251 630/2252/2252
f 591/2253/2253 592/2254/2254 632/2255/2255 631/2256/2256
f 592/2257/2257 593/2258/2258 633/2259/2259 632/2260/2260
f 593/2261/2261 594/2262/2262 634/2263/2263 633/2264/2264
f 594/2265/2265 595/2266/2266 635/2267/2267 634/2268/2268
f 595/2269/2269 596/2270/2270 636/2271/2271 635/2272/2272
f 596/2273/2273 597/2274/2274 637/2275/2275 636/2276/2276
f 597/2277/2277 558/2278/2278 598/2279/2279 637/2280/2280
f 640/2281/2281 639/2282/2282 638/2283/2283
f 641/2284/2284 640/2285/2285 638/2286/2286
f 642/2287/2287 641/2288/2288 638/2289/2289
f 643/2290/2290 642/2291/2291 638/2292/2292
f 644/2293/2293 643/2294/2294 638/2295/2295
f 645/2296/2296 644/2297/2297 638/2298/2298
f 646/2299/2299 645/2300/2300 638/2301/2301
f 647/2302/2302 646/2303/2303 638/2304/2304
f 648/2305/2305 647/2306/2306 638/2307/2307
f 649/2308/2308 648/2309/2309 638/2310/2310
f 650/2311/2311 649/2312/2312 638/2313/2313
f 651/2314/2314 650/2315/2315 638/2316/2316
f 652/2317/2317 651/2318/2318 638/2319/2319
f 653/2320/2320 652/2321/2321 638/2322/2322
f 654/2323/2323 653/2324/2324 638/2325/2325
f 655/2326/2326 654/2327/2327 638/2328/2328
f 656/2329/2329 655/2330/2330 638/2331/2331
f 657/2332/2332 656/2333/2333 638/2334/2334
f 658/2335/2335 657/2336/2336 638/2337/2337
f 659/2338/2338 658/2339/2339 638/2340/2340
f 660/2341/2341 659/2342/2342 638/2343/2343
f 661/2344/2344 660/2345/2345 638/2346/2346
f 662/2347/2347 661/2348/2348 638/2349/2349
f 663/2350/2350 662/2351/2351 638/2352/2352
f 664/2353/2353 663/2354/2354 638/2355/2355
f 665/2356/2356 664/2357/2357 638/2358/2358
f 666/2359/2359 665/2360/2360 638/2361/2361
f 667/2362/2362 666/2363/2363 638/2364/2364
f 668/2365/2365 667/2366/2366 638/2367/2367
f 669/2368/2368 668/2369/2369 638/2370/2370
f 670/2371/2371 669/2372/2372 638/2373/2373
f 671/2374/2374 670/2375/2375 638/2376/2376
f 672/2377/2377 671/2378/2378 638/2379/2379
f 673/2380/2380 672/2381/2381 638/2382/2382
f 674/2383/2383 673/2384/2384 638/2385/2385
f 675/2386/2386 674/2387/2387 638/2388/2388
f 676/2389/2389 675/2390/2390 638/2391/2391
f 677/2392/2392 676/2393/2393 638/2394/2394
f 678/2395/2395 677/2396/2396 638/2397/2397
f 639/2398/2398 678/2399/2399 638/2400/2400
f 679/2401/2401 680/2402/2402 681/2403/2403
f 679/2404/2404 681/2405/2405 682/2406/2406
f 679/2407/2407 682/2408/2408 683/2409/2409
f 679/2410/2410 683/2411/2411 684/2412/2412
f 679/2413/2413 684/2414/2414 685/2415/2415
f 679/2416/2416 685/2417/2417 686/2418/2418
f 679/2419/2419 686/2420/2420 687/2421/2421
f 679/2422/2422 687/2423/2423 688/2424/2424
f 679/2425/2425 688/2426/2426 689/2427/2427
f 679/2428/2428 689/2429/2429 690/2430/2430
f 679/2431/2431 690/2432/2432 691/2433/2433
f 679/2434/2434 691/2435/2435 692/2436/2436
f 679/2437/2437 692/2438/2438 693/2439/2439
f 679/2440/2440 693/2441/2441 694/2442/2442
f 679/2443/2443 694/2444/2444 695/2445/2445
f 679/2446/2446 695/2447/2447 696/2448/2448
f 679/2449/2449 696/2450/2450 697/2451/2451
f 679/2452/2452 697/2453/2453 698/2454/2454
f 679/2455/2455 698/2456/2456 699/2457/2457
f 679/2458/2458 699/2459/2459 700/2460/2460
f 679/2461/2461 700/2462/2462 701/2463/2463
f 679/2464/2464 701/2465/2465 702/2466/2466
f 679/2467/2467 702/2468/2468 703/2469/2469
f 679/2470/2470 703/2471/2471 704/2472/2472
f 679/2473/2473 704/2474/2474 705/2475/2475
f 679/2476/2476 705/2477/2477 706/2478/2478
f 679/2479/2479 706/2480/2480 707/2481/2481
f 679/2482/2482 707/2483/2483 708/2484/2484
f 679/2485/2485 708/2486/2486 709/2487/2487
f 679/2488/2488 709/2489/2489 710/2490/2490
f 679/2491/2491 710/2492/2492 711/2493/2493
f 679/2494/2494 711/2495/2495 712/2496/2496
f 679/2497/2497 712/2498/2498 713/2499/2499
f 679/2500/2500 713/2501/2501 714/2502/2502
f 679/2503/2503 714/2504/2504 715/2505/2505
f 679/2506/2506 715/2507/2507 716/2508/2508
f 679/2509/2509 716/2510/2510 717/2511/2511
f 679/2512/2512 717/2513/2513 718/2514/2514
f 679/2515/2515 718/2516/2516 719/2517/2517
f 679/2518/2518 719/2519/2519 680/2520/2520
usemtl jp_silk__jp_tsuka_co
f 720/2521/2521 721/2522/2522 741/2523/2523 740/2524/2524
f 721/2525/2525 722/2526/2526 742/2527/2527 741/2528/2528
f 722/2529/2529 723/2530/2530 743/2531/2531 742/2532/2532
f 723/2533/2533 724/2534/2534 744/2535/2535 743/2536/2536
f 724/2537/2537 725/2538/2538 745/2539/2539 744/2540/2540
f 725/2541/2541 726/2542/2542 746/2543/2543 745/2544/2544
f 726/2545/2545 727/2546/2546 747/2547/2547 746/2548/2548
f 727/2549/2549 728/2550/2550 748/2551/2551 747/2552/2552
f 728/2553/2553 729/2554/2554 749/2555/2555 748/2556/2556
f 729/2557/2557 730/2558/2558 750/2559/2559 749/2560/2560
f 730/2561/2561 731/2562/2562 751/2563/2563 750/2564/2564
f 731/2565/2565 732/2566/2566 752/2567/2567 751/2568/2568
f 732/2569/2569 733/2570/2570 753/2571/2571 752/2572/2572
f 733/2573/2573 734/2574/2574 754/2575/2575 753/2576/2576
f 734/2577/2577 735/2578/2578 755/2579/2579 754/2580/2580
f 735/2581/2581 736/2582/2582 756/2583/2583 755/2584/2584
f 736/2585/2585 737/2586/2586 757/2587/2587 756/2588/2588
f 737/2589/2589 738/2590/2590 758/2591/2591 757/2592/2592
f 738/2593/2593 739/2594/2594 759/2595/2595 758/2596/2596
f 739/2597/2597 720/2598/2598 740/2599/2599 759/2600/2600
f 740/2601/2601 741/2602/2602 761/2603/2603 760/2604/2604
f 741/2605/2605 742/2606/2606 762/2607/2607 761/2608/2608
f 742/2609/2609 743/2610/2610 763/2611/2611 762/2612/2612
f 743/2613/2613 744/2614/2614 764/2615/2615 763/2616/2616
f 744/2617/2617 745/2618/2618 765/2619/2619 764/2620/2620
f 745/2621/2621 746/2622/2622 766/2623/2623 765/2624/2624
f 746/2625/2625 747/2626/2626 767/2627/2627 766/2628/2628
f 747/2629/2629 748/2630/2630 768/2631/2631 767/2632/2632
f 748/2633/2633 749/2634/2634 769/2635/2635 768/2636/2636
f 749/2637/2637 750/2638/2638 770/2639/2639 769/2640/2640
f 750/2641/2641 751/2642/2642 771/2643/2643 770/2644/2644
f 751/2645/2645 752/2646/2646 772/2647/2647 771/2648/2648
f 752/2649/2649 753/2650/2650 773/2651/2651 772/2652/2652
f 753/2653/2653 754/2654/2654 774/2655/2655 773/2656/2656
f 754/2657/2657 755/2658/2658 775/2659/2659 774/2660/2660
f 755/2661/2661 756/2662/2662 776/2663/2663 775/2664/2664
f 756/2665/2665 757/2666/2666 777/2667/2667 776/2668/2668
f 757/2669/2669 758/2670/2670 778/2671/2671 777/2672/2672
f 758/2673/2673 759/2674/2674 779/2675/2675 778/2676/2676
f 759/2677/2677 740/2678/2678 760/2679/2679 779/2680/2680
f 760/2681/2681 761/2682/2682 781/2683/2683 780/2684/2684
f 761/2685/2685 762/2686/2686 782/2687/2687 781/2688/2688
f 762/2689/2689 763/2690/2690 783/2691/2691 782/2692/2692
f 763/2693/2693 764/2694/2694 784/2695/2695 783/2696/2696
f 764/2697/2697 765/2698/2698 785/2699/2699 784/2700/2700
f 765/2701/2701 766/2702/2702 786/2703/2703 785/2704/2704
f 766/2705/2705 767/2706/2706 787/2707/2707 786/2708/2708
f 767/2709/2709 768/2710/2710 788/2711/2711 787/2712/2712
f 768/2713/2713 769/2714/2714 789/2715/2715 788/2716/2716
f 769/2717/2717 770/2718/2718 790/2719/2719 789/2720/2720
f 770/2721/2721 771/2722/2722 791/2723/2723 790/2724/2724
f 771/2725/2725 772/2726/2726 792/2727/2727 791/2728/2728
f 772/2729/2729 773/2730/2730 793/2731/2731 792/2732/2732
f 773/2733/2733 774/2734/2734 794/2735/2735 793/2736/2736
f 774/2737/2737 775/2738/2738 795/2739/2739 794/2740/2740
f 775/2741/2741 776/2742/2742 796/2743/2743 795/2744/2744
f 776/2745/2745 777/2746/2746 797/2747/2747 796/2748/2748
f 777/2749/2749 778/2750/2750 798/2751/2751 797/2752/2752
f 778/2753/2753 779/2754/2754 799/2755/2755 798/2756/2756
f 779/2757/2757 760/2758/2758 780/2759/2759 799/2760/2760
f 780/2761/2761 781/2762/2762 801/2763/2763 800/2764/2764
f 781/2765/2765 782/2766/2766 802/2767/2767 801/2768/2768
f 782/2769/2769 783/2770/2770 803/2771/2771 802/2772/2772
f 783/2773/2773 784/2774/2774 804/2775/2775 803/2776/2776
f 784/2777/2777 785/2778/2778 805/2779/2779 804/2780/2780
f 785/2781/2781 786/2782/2782 806/2783/2783 805/2784/2784
f 786/2785/2785 787/2786/2786 807/2787/2787 806/2788/2788
f 787/2789/2789 788/2790/2790 808/2791/2791 807/2792/2792
f 788/2793/2793 789/2794/2794 809/2795/2795 808/2796/2796
f 789/2797/2797 790/2798/2798 810/2799/2799 809/2800/2800
f 790/2801/2801 791/2802/2802 811/2803/2803 810/2804/2804
f 791/2805/2805 792/2806/2806 812/2807/2807 811/2808/2808
f 792/2809/2809 793/2810/2810 813/2811/2811 812/2812/2812
f 793/2813/2813 794/2814/2814 814/2815/2815 813/2816/2816
f 794/2817/2817 795/2818/2818 815/2819/2819 814/2820/2820
f 795/2821/2821 796/2822/2822 816/2823/2823 815/2824/2824
f 796/2825/2825 797/2826/2826 817/2827/2827 816/2828/2828
f 797/2829/2829 798/2830/2830 818/2831/2831 817/2832/2832
f 798/2833/2833 799/2834/2834 819/2835/2835 818/2836/2836
f 799/2837/2837 780/2838/2838 800/2839/2839 819/2840/2840
f 800/2841/2841 801/2842/2842 821/2843/2843 820/2844/2844
f 801/2845/2845 802/2846/2846 822/2847/2847 821/2848/2848
f 802/2849/2849 803/2850/2850 823/2851/2851 822/2852/2852
f 803/2853/2853 804/2854/2854 824/2855/2855 823/2856/2856
f 804/2857/2857 805/2858/2858 825/2859/2859 824/2860/2860
f 805/2861/2861 806/2862/2862 826/2863/2863 825/2864/2864
f 806/2865/2865 807/2866/2866 827/2867/2867 826/2868/2868
f 807/2869/2869 808/2870/2870 828/2871/2871 827/2872/2872
f 808/2873/2873 809/2874/2874 829/2875/2875 828/2876/2876
f 809/2877/2877 810/2878/2878 830/2879/2879 829/2880/2880
f 810/2881/2881 811/2882/2882 831/2883/2883 830/2884/2884
f 811/2885/2885 812/2886/2886 832/2887/2887 831/2888/2888
f 812/2889/2889 813/2890/2890 833/2891/2891 832/2892/2892
f 813/2893/2893 814/2894/2894 834/2895/2895 833/2896/2896
f 814/2897/2897 815/2898/2898 835/2899/2899 834/2900/2900
f 815/2901/2901 816/2902/2902 836/2903/2903 835/2904/2904
f 816/2905/2905 817/2906/2906 837/2907/2907 836/2908/2908
f 817/2909/2909 818/2910/2910 838/2911/2911 837/2912/2912
f 818/2913/2913 819/2914/2914 839/2915/2915 838/2916/2916
f 819/2917/2917 800/2918/2918 820/2919/2919 839/2920/2920
f 820/2921/2921 821/2922/2922 841/2923/2923 840/2924/2924
f 821/2925/2925 822/2926/2926 842/2927/2927 841/2928/2928
f 822/2929/2929 823/2930/2930 843/2931/2931 842/2932/2932
f 823/2933/2933 824/2934/2934 844/2935/2935 843/2936/2936
f 824/2937/2937 825/2938/2938 845/2939/2939 844/2940/2940
f 825/2941/2941 826/2942/2942 846/2943/2943 845/2944/2944
f 826/2945/2945 827/2946/2946 847/2947/2947 846/2948/2948
f 827/2949/2949 828/2950/2950 848/2951/2951 847/2952/2952
f 828/2953/2953 829/2954/2954 849/2955/2955 848/2956/2956
f 829/2957/2957 830/2958/2958 850/2959/2959 849/2960/2960
f 830/2961/2961 831/2962/2962 851/2963/2963 850/2964/2964
f 831/2965/2965 832/2966/2966 852/2967/2967 851/2968/2968
f 832/2969/2969 833/2970/2970 853/2971/2971 852/2972/2972
f 833/2973/2973 834/2974/2974 854/2975/2975 853/2976/2976
f 834/2977/2977 835/2978/2978 855/2979/2979 854/2980/2980
f 835/2981/2981 836/2982/2982 856/2983/2983 855/2984/2984
f 836/2985/2985 837/2986/2986 857/2987/2987 856/2988/2988
f 837/2989/2989 838/2990/2990 858/2991/2991 857/2992/2992
f 838/2993/2993 839/2994/2994 859/2995/2995 858/2996/2996
f 839/2997/2997 820/2998/2998 840/2999/2999 859/3000/3000
f 840/3001/3001 841/3002/3002 861/3003/3003 860/3004/3004
f 841/3005/3005 842/3006/3006 862/3007/3007 861/3008/3008
f 842/3009/3009 843/3010/3010 863/3011/3011 862/3012/3012
f 843/3013/3013 844/3014/3014 864/3015/3015 863/3016/3016
f 844/3017/3017 845/3018/3018 865/3019/3019 864/3020/3020
f 845/3021/3021 846/3022/3022 866/3023/3023 865/3024/3024
f 846/3025/3025 847/3026/3026 867/3027/3027 866/3028/3028
f 847/3029/3029 848/3030/3030 868/3031/3031 867/3032/3032
f 848/3033/3033 849/3034/3034 869/3035/3035 868/3036/3036
f 849/3037/3037 850/3038/3038 870/3039/3039 869/3040/3040
f 850/3041/3041 851/3042/3042 871/3043/3043 870/3044/3044
f 851/3045/3045 852/3046/3046 872/3047/3047 871/3048/3048
f 852/3049/3049 853/3050/3050 873/3051/3051 872/3052/3052
f 853/3053/3053 854/3054/3054 874/3055/3055 873/3056/3056
f 854/3057/3057 855/3058/3058 875/3059/3059 874/3060/3060
f 855/3061/3061 856/3062/3062 876/3063/3063 875/3064/3064
f 856/3065/3065 857/3066/3066 877/3067/3067 876/3068/3068
f 857/3069/3069 858/3070/3070 878/3071/3071 877/3072/3072
f 858/3073/3073 859/3074/3074 879/3075/3075 878/3076/3076
f 859/3077/3077 840/3078/3078 860/3079/3079 879/3080/3080
f 860/3081/3081 861/3082/3082 881/3083/3083 880/3084/3084
f 861/3085/3085 862/3086/3086 882/3087/3087 881/3088/3088
f 862/3089/3089 863/3090/3090 883/3091/3091 882/3092/3092
f 863/3093/3093 864/3094/3094 884/3095/3095 883/3096/3096
f 864/3097/3097 865/3098/3098 885/3099/3099 884/3100/3100
f 865/3101/3101 866/3102/3102 886/3103/3103 885/3104/3104
f 866/3105/3105 867/3106/3106 887/3107/3107 886/3108/3108
f 867/3109/3109 868/3110/3110 888/3111/3111 887/3112/3112
f 868/3113/3113 869/3114/3114 889/3115/3115 888/3116/3116
f 869/3117/3117 870/3118/3118 890/3119/3119 889/3120/3120
f 870/3121/3121 871/3122/3122 891/3123/3123 890/3124/3124
f 871/3125/3125 872/3126/3126 892/3127/3127 891/3128/3128
f 872/3129/3129 873/3130/3130 893/3131/3131 892/3132/3132
f 873/3133/3133 874/3134/3134 894/3135/3135 893/3136/3136
f 874/3137/3137 875/3138/3138 895/3139/3139 894/3140/3140
f 875/3141/3141 876/3142/3142 896/3143/3143 895/3144/3144
f 876/3145/3145 877/3146/3146 897/3147/3147 896/3148/3148
f 877/3149/3149 878/3150/3150 898/3151/3151 897/3152/3152
f 878/3153/3153 879/3154/3154 899/3155/3155 898/3156/3156
f 879/3157/3157 860/3158/3158 880/3159/3159 899/3160/3160
f 880/3161/3161 881/3162/3162 901/3163/3163 900/3164/3164
f 881/3165/3165 882/3166/3166 902/3167/3167 901/3168/3168
f 882/3169/3169 883/3170/3170 903/3171/3171 902/3172/3172
f 883/3173/3173 884/3174/3174 904/3175/3175 903/3176/3176
f 884/3177/3177 885/3178/3178 905/3179/3179 904/3180/3180
f 885/3181/3181 886/3182/3182 906/3183/3183 905/3184/3184
f 886/3185/3185 887/3186/3186 907/3187/3187 906/3188/3188
f 887/3189/3189 888/3190/3190 908/3191/3191 907/3192/3192
f 888/3193/3193 889/3194/3194 909/3195/3195 908/3196/3196
f 889/3197/3197 890/3198/3198 910/3199/3199 909/3200/3200
f 890/3201/3201 891/3202/3202 911/3203/3203 910/3204/3204
f 891/3205/3205 892/3206/3206 912/3207/3207 911/3208/3208
f 892/3209/3209 893/3210/3210 913/3211/3211 912/3212/3212
f 893/3213/3213 894/3214/3214 914/3215/3215 913/3216/3216
f 894/3217/3217 895/3218/3218 915/3219/3219 914/3220/3220
f 895/3221/3221 896/3222/3222 916/3223/3223 915/3224/3224
f 896/3225/3225 897/3226/3226 917/3227/3227 916/3228/3228
f 897/3229/3229 898/3230/3230 918/3231/3231 917/3232/3232
f 898/3233/3233 899/3234/3234 919/3235/3235 918/3236/3236
f 899/3237/3237 880/3238/3238 900/3239/3239 919/3240/3240
f 900/3241/3241 901/3242/3242 921/3243/3243 920/3244/3244
f 901/3245/3245 902/3246/3246 922/3247/3247 921/3248/3248
f 902/3249/3249 903/3250/3250 923/3251/3251 922/3252/3252
f 903/3253/3253 904/3254/3254 924/3255/3255 923/3256/3256
f 904/3257/3257 905/3258/3258 925/3259/3259 924/3260/3260
f 905/3261/3261 906/3262/3262 926/3263/3263 925/3264/3264
f 906/3265/3265 907/3266/3266 927/3267/3267 926/3268/3268
f 907/3269/3269 908/3270/3270 928/3271/3271 927/3272/3272
f 908/3273/3273 909/3274/3274 929/3275/3275 928/3276/3276
f 909/3277/3277 910/3278/3278 930/3279/3279 929/3280/3280
f 910/3281/3281 911/3282/3282 931/3283/3283 930/3284/3284
f 911/3285/3285 912/3286/3286 932/3287/3287 931/3288/3288
f 912/3289/3289 913/3290/3290 933/3291/3291 932/3292/3292
f 913/3293/3293 914/3294/3294 934/3295/3295 933/3296/3296
f 914/3297/3297 915/3298/3298 935/3299/3299 934/3300/3300
f 915/3301/3301 916/3302/3302 936/3303/3303 935/3304/3304
f 916/3305/3305 917/3306/3306 937/3307/3307 936/3308/3308
f 917/3309/3309 918/3310/3310 938/3311/3311 937/3312/3312
f 918/3313/3313 919/3314/3314 939/3315/3315 938/3316/3316
f 919/3317/3317 900/3318/3318 920/3319/3319 939/3320/3320
f 920/3321/3321 921/3322/3322 941/3323/3323 940/3324/3324
f 921/3325/3325 922/3326/3326 942/3327/3327 941/3328/3328
f 922/3329/3329 923/3330/3330 943/3331/3331 942/3332/3332
f 923/3333/3333 924/3334/3334 944/3335/3335 943/3336/3336
f 924/3337/3337 925/3338/3338 945/3339/3339 944/3340/3340
f 925/3341/3341 926/3342/3342 946/3343/3343 945/3344/3344
f 926/3345/3345 927/3346/3346 947/3347/3347 946/3348/3348
f 927/3349/3349 928/3350/3350 948/3351/3351 947/3352/3352
f 928/3353/3353 929/3354/3354 949/3355/3355 948/3356/3356
f 929/3357/3357 930/3358/3358 950/3359/3359 949/3360/3360
f 930/3361/3361 931/3362/3362 951/3363/3363 950/3364/3364
f 931/3365/3365 932/3366/3366 952/3367/3367 951/3368/3368
f 932/3369/3369 933/3370/3370 953/3371/3371 952/3372/3372
f 933/3373/3373 934/3374/3374 954/3375/3375 953/3376/3376
f 934/3377/3377 935/3378/3378 955/3379/3379 954/3380/3380
f 935/3381/3381 936/3382/3382 956/3383/3383 955/3384/3384
f 936/3385/3385 937/3386/3386 957/3387/3387 956/3388/3388
f 937/3389/3389 938/3390/3390 958/3391/3391 957/3392/3392
f 938/3393/3393 939/3394/3394 959/3395/3395 958/3396/3396
f 939/3397/3397 920/3398/3398 940/3399/3399 959/3400/3400
f 940/3401/3401 941/3402/3402 961/3403/3403 960/3404/3404
f 941/3405/3405 942/3406/3406 962/3407/3407 961/3408/3408
f 942/3409/3409 943/3410/3410 963/3411/3411 962/3412/3412
f 943/3413/3413 944/3414/3414 964/3415/3415 963/3416/3416
f 944/3417/3417 945/3418/3418 965/3419/3419 964/3420/3420
f 945/3421/3421 946/3422/3422 966/3423/3423 965/3424/3424
f 946/3425/3425 947/3426/3426 967/3427/3427 966/3428/3428
f 947/3429/3429 948/3430/3430 968/3431/3431 967/3432/3432
f 948/3433/3433 949/3434/3434 969/3435/3435 968/3436/3436
f 949/3437/3437 950/3438/3438 970/3439/3439 969/3440/3440
f 950/3441/3441 951/3442/3442 971/3443/3443 970/3444/3444
f 951/3445/3445 952/3446/3446 972/3447/3447 971/3448/3448
f 952/3449/3449 953/3450/3450 973/3451/3451 972/3452/3452
f 953/3453/3453 954/3454/3454 974/3455/3455 973/3456/3456
f 954/3457/3457 955/3458/3458 975/3459/3459 974/3460/3460
f 955/3461/3461 956/3462/3462 976/3463/3463 975/3464/3464
f 956/3465/3465 957/3466/3466 977/3467/3467 976/3468/3468
f 957/3469/3469 958/3470/3470 978/3471/3471 977/3472/3472
f 958/3473/3473 959/3474/3474 979/3475/3475 978/3476/3476
f 959/3477/3477 940/3478/3478 960/3479/3479 979/3480/3480
f 960/3481/3481 961/3482/3482 981/3483/3483 980/3484/3484
f 961/3485/3485 962/3486/3486 982/3487/3487 981/3488/3488
f 962/3489/3489 963/3490/3490 983/3491/3491 982/3492/3492
f 963/3493/3493 964/3494/3494 984/3495/3495 983/3496/3496
f 964/3497/3497 965/3498/3498 985/3499/3499 984/3500/3500
f 965/3501/3501 966/3502/3502 986/3503/3503 985/3504/3504
f 966/3505/3505 967/3506/3506 987/3507/3507 986/3508/3508
f 967/3509/3509 968/3510/3510 988/3511/3511 987/3512/3512
f 968/3513/3513 969/3514/3514 989/3515/3515 988/3516/3516
f 969/3517/3517 970/3518/3518 990/3519/3519 989/3520/3520
f 970/3521/3521 971/3522/3522 991/3523/3523 990/3524/3524
f 971/3525/3525 972/3526/3526 992/3527/3527 991/3528/3528
f 972/3529/3529 973/3530/3530 993/3531/3531 992/3532/3532
f 973/3533/3533 974/3534/3534 994/3535/3535 993/3536/3536
f 974/3537/3537 975/3538/3538 995/3539/3539 994/3540/3540
f 975/3541/3541 976/3542/3542 996/3543/3543 995/3544/3544
f 976/3545/3545 977/3546/3546 997/3547/3547 996/3548/3548
f 977/3549/3549 978/3550/3550 998/3551/3551 997/3552/3552
f 978/3553/3553 979/3554/3554 999/3555/3555 998/3556/3556
f 979/3557/3557 960/3558/3558 980/3559/3559 999/3560/3560
usemtl jp_iron__jp_fittings_co
f 1000/3561/3561 1001/3562/3562 1021/3563/3563 1020/3564/3564
f 1001/3565/3565 1002/3566/3566 1022/3567/3567 1021/3568/3568
f 1002/3569/3569 1003/3570/3570 1023/3571/3571 1022/3572/3572
f 1003/3573/3573 1004/3574/3574 1024/3575/3575 1023/3576/3576
f 1004/3577/3577 1005/3578/3578 1025/3579/3579 1024/3580/3580
f 1005/3581/3581 1006/3582/3582 1026/3583/3583 1025/3584/3584
f 1006/3585/3585 1007/3586/3586 1027/3587/3587 1026/3588/3588
f 1007/3589/3589 1008/3590/3590 1028/3591/3591 1027/3592/3592
f 1008/3593/3593 1009/3594/3594 1029/3595/3595 1028/3596/3596
f 1009/3597/3597 1010/3598/3598 1030/3599/3599 1029/3600/3600
f 1010/3601/3601 1011/3602/3602 1031/3603/3603 1030/3604/3604
f 1011/3605/3605 1012/3606/3606 1032/3607/3607 1031/3608/3608
f 1012/3609/3609 1013/3610/3610 1033/3611/3611 1032/3612/3612
f 1013/3613/3613 1014/3614/3614 1034/3615/3615 1033/3616/3616
f 1014/3617/3617 1015/3618/3618 1035/3619/3619 1034/3620/3620
f 1015/3621/3621 1016/3622/3622 1036/3623/3623 1035/3624/3624
f 1016/3625/3625 1017/3626/3626 1037/3627/3627 1036/3628/3628
f 1017/3629/3629 1018/3630/3630 1038/3631/3631 1037/3632/3632
f 1018/3633/3633 1019/3634/3634 1039/3635/3635 1038/3636/3636
f 1019/3637/3637 1000/3638/3638 1020/3639/3639 1039/3640/3640
f 1040/3641/3641 1041/3642/3642 1061/3643/3643 1060/3644/3644
f 1041/3645/3645 1042/3646/3646 1062/3647/3647 1061/3648/3648
f 1042/3649/3649 1043/3650/3650 1063/3651/3651 1062/3652/3652
f 1043/3653/3653 1044/3654/3654 1064/3655/3655 1063/3656/3656
f 1044/3657/3657 1045/3658/3658 1065/3659/3659 1064/3660/3660
f 1045/3661/3661 1046/3662/3662 1066/3663/3663 1065/3664/3664
f 1046/3665/3665 1047/3666/3666 1067/3667/3667 1066/3668/3668
f 1047/3669/3669 1048/3670/3670 1068/3671/3671 1067/3672/3672
f 1048/3673/3673 1049/3674/3674 1069/3675/3675 1068/3676/3676
f 1049/3677/3677 1050/3678/3678 1070/3679/3679 1069/3680/3680
f 1050/3681/3681 1051/3682/3682 1071/3683/3683 1070/3684/3684
f 1051/3685/3685 1052/3686/3686 1072/3687/3687 1071/3688/3688
f 1052/3689/3689 1053/3690/3690 1073/3691/3691 1072/3692/3692
f 1053/3693/3693 1054/3694/3694 1074/3695/3695 1073/3696/3696
f 1054/3697/3697 1055/3698/3698 1075/3699/3699 1074/3700/3700
f 1055/3701/3701 1056/3702/3702 1076/3703/3703 1075/3704/3704
f 1056/3705/3705 1057/3706/3706 1077/3707/3707 1076/3708/3708
f 1057/3709/3709 1058/3710/3710 1078/3711/3711 1077/3712/3712
f 1058/3713/3713 1059/3714/3714 1079/3715/3715 1078/3716/3716
f 1059/3717/3717 1040/3718/3718 1060/3719/3719 1079/3720/3720
f 1080/3721/3721 1081/3722/3722 1101/3723/3723 1100/3724/3724
f 1081/3725/3725 1082/3726/3726 1102/3727/3727 1101/3728/3728
f 1082/3729/3729 1083/3730/3730 1103/3731/3731 1102/3732/3732
f 1083/3733/3733 1084/3734/3734 1104/3735/3735 1103/3736/3736
f 1084/3737/3737 1085/3738/3738 1105/3739/3739 1104/3740/3740
f 1085/3741/3741 1086/3742/3742 1106/3743/3743 1105/3744/3744
f 1086/3745/3745 1087/3746/3746 1107/3747/3747 1106/3748/3748
f 1087/3749/3749 1088/3750/3750 1108/3751/3751 1107/3752/3752
f 1088/3753/3753 1089/3754/3754 1109/3755/3755 1108/3756/3756
f 1089/3757/3757 1090/3758/3758 1110/3759/3759 1109/3760/3760
f 1090/3761/3761 1091/3762/3762 1111/3763/3763 1110/3764/3764
f 1091/3765/3765 1092/3766/3766 1112/3767/3767 1111/3768/3768
f 1092/3769/3769 1093/3770/3770 1113/3771/3771 1112/3772/3772
f 1093/3773/3773 1094/3774/3774 1114/3775/3775 1113/3776/3776
f 1094/3777/3777 1095/3778/3778 1115/3779/3779 1114/3780/3780
f 1095/3781/3781 1096/3782/3782 1116/3783/3783 1115/3784/3784
f 1096/3785/3785 1097/3786/3786 1117/3787/3787 1116/3788/3788
f 1097/3789/3789 1098/3790/3790 1118/3791/3791 1117/3792/3792
f 1098/3793/3793 1099/3794/3794 1119/3795/3795 1118/3796/3796
f 1099/3797/3797 1080/3798/3798 1100/3799/3799 1119/3800/3800
f 1122/3801/3801 1121/3802/3802 1120/3803/3803
f 1123/3804/3804 1122/3805/3805 1120/3806/3806
f 1124/3807/3807 1123/3808/3808 1120/3809/3809
f 1125/3810/3810 1124/3811/3811 1120/3812/3812
f 1126/3813/3813 1125/3814/3814 1120/3815/3815
f 1127/3816/3816 1126/3817/3817 1120/3818/3818
f 1128/3819/3819 1127/3820/3820 1120/3821/3821
f 1129/3822/3822 1128/3823/3823 1120/3824/3824
f 1130/3825/3825 1129/3826/3826 1120/3827/3827
f 1131/3828/3828 1130/3829/3829 1120/3830/3830
f 1132/3831/3831 1131/3832/3832 1120/3833/3833
f 1133/3834/3834 1132/3835/3835 1120/3836/3836
f 1134/3837/3837 1133/3838/3838 1120/3839/3839
f 1135/3840/3840 1134/3841/3841 1120/3842/3842
f 1136/3843/3843 1135/3844/3844 1120/3845/3845
f 1137/3846/3846 1136/3847/3847 1120/3848/3848
f 1138/3849/3849 1137/3850/3850 1120/3851/3851
f 1139/3852/3852 1138/3853/3853 1120/3854/3854
f 1140/3855/3855 1139/3856/3856 1120/3857/3857
f 1121/3858/3858 1140/3859/3859 1120/3860/3860
