mtllib jp_yumi_xb.mtl
v 0.039034 -0.700842 0.014496
v 0.041074 -0.699675 0.017629
v 0.046926 -0.696325 0.017629
v 0.048966 -0.695158 0.014496
v 0.048966 -0.695158 0.005504
v 0.046926 -0.696325 0.002371
v 0.041074 -0.699675 0.002371
v 0.039034 -0.700842 0.005504
v 0.026918 -0.679694 0.014581
v 0.029190 -0.678924 0.017773
v 0.035709 -0.676716 0.017773
v 0.037981 -0.675946 0.014581
v 0.037981 -0.675946 0.005419
v 0.035709 -0.676716 0.002227
v 0.029190 -0.678924 0.002227
v 0.026918 -0.679694 0.005419
v 0.024548 -0.656173 0.014666
v 0.026920 -0.656771 0.017918
v 0.033729 -0.658489 0.017918
v 0.036102 -0.659087 0.014666
v 0.036102 -0.659087 0.005334
v 0.033729 -0.658489 0.002082
v 0.026920 -0.656771 0.002082
v 0.024548 -0.656173 0.005334
v 0.037417 -0.634334 0.014751
v 0.039559 -0.635614 0.018062
v 0.045707 -0.639286 0.018062
v 0.047849 -0.640566 0.014751
v 0.047849 -0.640566 0.005249
v 0.045707 -0.639286 0.001938
v 0.039559 -0.635614 0.001938
v 0.037417 -0.634334 0.005249
v 0.049060 -0.614193 0.014836
v 0.051267 -0.615457 0.018206
v 0.057603 -0.619083 0.018206
v 0.059811 -0.620347 0.014836
v 0.059811 -0.620347 0.005164
v 0.057603 -0.619083 0.001794
v 0.051267 -0.615457 0.001794
v 0.049060 -0.614193 0.005164
v 0.060206 -0.594047 0.014921
v 0.062480 -0.595293 0.018351
v 0.069005 -0.598867 0.018351
v 0.071279 -0.600113 0.014921
v 0.071279 -0.600113 0.005079
v 0.069005 -0.598867 0.001649
v 0.062480 -0.595293 0.001649
v 0.060206 -0.594047 0.005079
v 0.070853 -0.573918 0.015006
v 0.073193 -0.575143 0.018495
v 0.079907 -0.578657 0.018495
v 0.082247 -0.579882 0.015006
v 0.082247 -0.579882 0.004994
v 0.079907 -0.578657 0.001505
v 0.073193 -0.575143 0.001505
v 0.070853 -0.573918 0.004994
v 0.081011 -0.553794 0.015091
v 0.083417 -0.554996 0.018640
v 0.090322 -0.558444 0.018640
v 0.092729 -0.559646 0.015091
v 0.092729 -0.559646 0.004909
v 0.090322 -0.558444 0.001360
v 0.083417 -0.554996 0.001360
v 0.081011 -0.553794 0.004909
v 0.090693 -0.533666 0.015177
v 0.093166 -0.534842 0.018784
v 0.100261 -0.538218 0.018784
v 0.102734 -0.539394 0.015177
v 0.102734 -0.539394 0.004823
v 0.100261 -0.538218 0.001216
v 0.093166 -0.534842 0.001216
v 0.090693 -0.533666 0.004823
v 0.099895 -0.513553 0.015262
v 0.102434 -0.514702 0.018929
v 0.109720 -0.517998 0.018929
v 0.112259 -0.519147 0.015262
v 0.112259 -0.519147 0.004738
v 0.109720 -0.517998 0.001071
v 0.102434 -0.514702 0.001071
v 0.099895 -0.513553 0.004738
v 0.108630 -0.493446 0.015347
v 0.111235 -0.494565 0.019073
v 0.118711 -0.497775 0.019073
v 0.121316 -0.498894 0.015347
v 0.121316 -0.498894 0.004653
v 0.118711 -0.497775 0.000927
v 0.111235 -0.494565 0.000927
v 0.108630 -0.493446 0.004653
v 0.116909 -0.473334 0.015432
v 0.119580 -0.474421 0.019217
v 0.127245 -0.477539 0.019217
v 0.129917 -0.478626 0.015432
v 0.129917 -0.478626 0.004568
v 0.127245 -0.477539 0.000783
v 0.119580 -0.474421 0.000783
v 0.116909 -0.473334 0.004568
v 0.124730 -0.453238 0.015517
v 0.127467 -0.454290 0.019362
v 0.135321 -0.457310 0.019362
v 0.138058 -0.458362 0.015517
v 0.138058 -0.458362 0.004483
v 0.135321 -0.457310 0.000638
v 0.127467 -0.454290 0.000638
v 0.124730 -0.453238 0.004483
v 0.132109 -0.433137 0.015602
v 0.134911 -0.434152 0.019506
v 0.142953 -0.437068 0.019506
v 0.145756 -0.438083 0.015602
v 0.145756 -0.438083 0.004398
v 0.142953 -0.437068 0.000494
v 0.134911 -0.434152 0.000494
v 0.132109 -0.433137 0.004398
v 0.139047 -0.413050 0.015687
v 0.141914 -0.414027 0.019651
v 0.150142 -0.416833 0.019651
v 0.153009 -0.417810 0.015687
v 0.153009 -0.417810 0.004313
v 0.150142 -0.416833 0.000349
v 0.141914 -0.414027 0.000349
v 0.139047 -0.413050 0.004313
v 0.145554 -0.392968 0.015772
v 0.148486 -0.393905 0.019795
v 0.156898 -0.396595 0.019795
v 0.159830 -0.397532 0.015772
v 0.159830 -0.397532 0.004228
v 0.156898 -0.396595 0.000205
v 0.148486 -0.393905 0.000205
v 0.145554 -0.392968 0.004228
v 0.151642 -0.372880 0.015857
v 0.154638 -0.373775 0.019940
v 0.163233 -0.376345 0.019940
v 0.166229 -0.377240 0.015857
v 0.166229 -0.377240 0.004143
v 0.163233 -0.376345 0.000060
v 0.154638 -0.373775 0.000060
v 0.151642 -0.372880 0.004143
v 0.157313 -0.352806 0.015942
v 0.160372 -0.353658 0.020084
v 0.169149 -0.356102 0.020084
v 0.172207 -0.356954 0.015942
v 0.172207 -0.356954 0.004058
v 0.169149 -0.356102 -0.000084
v 0.160372 -0.353658 -0.000084
v 0.157313 -0.352806 0.004058
v 0.162579 -0.332735 0.016028
v 0.165700 -0.333542 0.020228
v 0.174656 -0.335858 0.020228
v 0.177777 -0.336665 0.016028
v 0.177777 -0.336665 0.003972
v 0.174656 -0.335858 -0.000228
v 0.165700 -0.333542 -0.000228
v 0.162579 -0.332735 0.003972
v 0.167451 -0.312658 0.016113
v 0.170633 -0.313418 0.020373
v 0.179765 -0.315602 0.020373
v 0.182948 -0.316362 0.016113
v 0.182948 -0.316362 0.003887
v 0.179765 -0.315602 -0.000373
v 0.170633 -0.313418 -0.000373
v 0.167451 -0.312658 0.003887
v 0.171932 -0.292593 0.016198
v 0.175175 -0.293307 0.020517
v 0.184481 -0.295353 0.020517
v 0.187724 -0.296067 0.016198
v 0.187724 -0.296067 0.003802
v 0.184481 -0.295353 -0.000517
v 0.175175 -0.293307 -0.000517
v 0.171932 -0.292593 0.003802
v 0.176035 -0.272531 0.016283
v 0.179338 -0.273196 0.020662
v 0.188816 -0.275104 0.020662
v 0.192118 -0.275769 0.016283
v 0.192118 -0.275769 0.003717
v 0.188816 -0.275104 -0.000662
v 0.179338 -0.273196 -0.000662
v 0.176035 -0.272531 0.003717
v 0.179771 -0.252461 0.016368
v 0.183132 -0.253076 0.020806
v 0.192779 -0.254844 0.020806
v 0.196141 -0.255459 0.016368
v 0.196141 -0.255459 0.003632
v 0.192779 -0.254844 -0.000806
v 0.183132 -0.253076 -0.000806
v 0.179771 -0.252461 0.003632
v 0.183146 -0.232402 0.016453
v 0.186565 -0.232968 0.020950
v 0.196378 -0.234592 0.020950
v 0.199798 -0.235158 0.016453
v 0.199798 -0.235158 0.003547
v 0.196378 -0.234592 -0.000950
v 0.186565 -0.232968 -0.000950
v 0.183146 -0.232402 0.003547
v 0.186172 -0.212344 0.016538
v 0.189648 -0.212860 0.021095
v 0.199625 -0.214340 0.021095
v 0.203101 -0.214856 0.016538
v 0.203101 -0.214856 0.003462
v 0.199625 -0.214340 -0.001095
v 0.189648 -0.212860 -0.001095
v 0.186172 -0.212344 0.003462
v 0.188862 -0.192276 0.016623
v 0.192394 -0.192742 0.021239
v 0.202531 -0.194078 0.021239
v 0.206064 -0.194544 0.016623
v 0.206064 -0.194544 0.003377
v 0.202531 -0.194078 -0.001239
v 0.192394 -0.192742 -0.001239
v 0.188862 -0.192276 0.003377
v 0.191223 -0.172218 0.016708
v 0.194811 -0.172634 0.021384
v 0.205106 -0.173826 0.021384
v 0.208694 -0.174242 0.016708
v 0.208694 -0.174242 0.003292
v 0.205106 -0.173826 -0.001384
v 0.194811 -0.172634 -0.001384
v 0.191223 -0.172218 0.003292
v 0.193271 -0.152159 0.016794
v 0.196912 -0.152525 0.021528
v 0.207363 -0.153575 0.021528
v 0.211005 -0.153941 0.016794
v 0.211005 -0.153941 0.003206
v 0.207363 -0.153575 -0.001528
v 0.196912 -0.152525 -0.001528
v 0.193271 -0.152159 0.003206
v 0.195017 -0.132089 0.016879
v 0.198712 -0.132406 0.021673
v 0.209316 -0.133314 0.021673
v 0.213011 -0.133631 0.016879
v 0.213011 -0.133631 0.003121
v 0.209316 -0.133314 -0.001673
v 0.198712 -0.132406 -0.001673
v 0.195017 -0.132089 0.003121
v 0.196473 -0.112026 0.016964
v 0.200221 -0.112295 0.021817
v 0.210975 -0.113065 0.021817
v 0.214723 -0.113334 0.016964
v 0.214723 -0.113334 0.003036
v 0.210975 -0.113065 -0.001817
v 0.200221 -0.112295 -0.001817
v 0.196473 -0.112026 0.003036
v 0.197655 -0.091960 0.017049
v 0.201455 -0.092182 0.021961
v 0.212357 -0.092818 0.021961
v 0.216157 -0.093040 0.017049
v 0.216157 -0.093040 0.002951
v 0.212357 -0.092818 -0.001961
v 0.201455 -0.092182 -0.001961
v 0.197655 -0.091960 0.002951
v 0.198580 -0.071880 0.017134
v 0.202430 -0.072056 0.022106
v 0.213479 -0.072564 0.022106
v 0.217329 -0.072740 0.017134
v 0.217329 -0.072740 0.002866
v 0.213479 -0.072564 -0.002106
v 0.202430 -0.072056 -0.002106
v 0.198580 -0.071880 0.002866
v 0.199262 -0.051804 0.017219
v 0.203163 -0.051938 0.022250
v 0.214356 -0.052322 0.022250
v 0.218256 -0.052456 0.017219
v 0.218256 -0.052456 0.002781
v 0.214356 -0.052322 -0.002250
v 0.203163 -0.051938 -0.002250
v 0.199262 -0.051804 0.002781
v 0.199723 -0.031682 0.017304
v 0.203673 -0.031788 0.022395
v 0.215009 -0.032092 0.022395
v 0.218958 -0.032198 0.017304
v 0.218958 -0.032198 0.002696
v 0.215009 -0.032092 -0.002395
v 0.203673 -0.031788 -0.002395
v 0.199723 -0.031682 0.002696
v 0.199848 -0.023799 0.017338
v 0.203817 -0.023882 0.022452
v 0.215209 -0.024118 0.022452
v 0.219179 -0.024201 0.017338
v 0.219179 -0.024201 0.002662
v 0.215209 -0.024118 -0.002452
v 0.203817 -0.023882 -0.002452
v 0.199848 -0.023799 0.002662
v 0.193856 -0.019732 0.018429
v 0.200318 -0.019842 0.024304
v 0.218860 -0.020158 0.024304
v 0.225321 -0.020268 0.018429
v 0.225321 -0.020268 0.001571
v 0.218860 -0.020158 -0.004304
v 0.200318 -0.019842 -0.004304
v 0.193856 -0.019732 0.001571
v 0.193988 -0.011572 0.018429
v 0.200450 -0.011649 0.024304
v 0.218993 -0.011871 0.024304
v 0.225455 -0.011948 0.018429
v 0.225455 -0.011948 0.001571
v 0.218993 -0.011871 -0.004304
v 0.200450 -0.011649 -0.004304
v 0.193988 -0.011572 0.001571
v 0.194194 0.008528 0.018429
v 0.200656 0.008483 0.024304
v 0.219200 0.008357 0.024304
v 0.225662 0.008312 0.018429
v 0.225662 0.008312 0.001571
v 0.219200 0.008357 -0.004304
v 0.200656 0.008483 -0.004304
v 0.194194 0.008528 0.001571
v 0.194263 0.028637 0.018429
v 0.200725 0.028626 0.024304
v 0.219270 0.028594 0.024304
v 0.225732 0.028583 0.018429
v 0.225732 0.028583 0.001571
v 0.219270 0.028594 -0.004304
v 0.200725 0.028626 -0.004304
v 0.194263 0.028637 0.001571
v 0.194263 0.048781 0.018429
v 0.200725 0.048785 0.024304
v 0.219269 0.048795 0.024304
v 0.225732 0.048799 0.018429
v 0.225732 0.048799 0.001571
v 0.219269 0.048795 -0.004304
v 0.200725 0.048785 -0.004304
v 0.194263 0.048781 0.001571
v 0.194241 0.068942 0.018429
v 0.200703 0.068953 0.024304
v 0.219248 0.068987 0.024304
v 0.225710 0.068998 0.018429
v 0.225710 0.068998 0.001571
v 0.219248 0.068987 -0.004304
v 0.200703 0.068953 -0.004304
v 0.194241 0.068942 0.001571
v 0.194191 0.089120 0.018429
v 0.200653 0.089136 0.024304
v 0.219197 0.089184 0.024304
v 0.225659 0.089200 0.018429
v 0.225659 0.089200 0.001571
v 0.219197 0.089184 -0.004304
v 0.200653 0.089136 -0.004304
v 0.194191 0.089120 0.001571
v 0.194188 0.089944 0.018429
v 0.200650 0.089967 0.024304
v 0.219194 0.090033 0.024304
v 0.225657 0.090056 0.018429
v 0.225657 0.090056 0.001571
v 0.219194 0.090033 -0.004304
v 0.200650 0.089967 -0.004304
v 0.194188 0.089944 0.001571
v 0.200068 0.093958 0.017462
v 0.204109 0.093975 0.022663
v 0.215707 0.094025 0.022663
v 0.219748 0.094042 0.017462
v 0.219748 0.094042 0.002538
v 0.215707 0.094025 -0.002663
v 0.204109 0.093975 -0.002663
v 0.200068 0.093958 0.002538
v 0.200044 0.109287 0.017430
v 0.204067 0.109309 0.022608
v 0.215612 0.109371 0.022608
v 0.219635 0.109393 0.017430
v 0.219635 0.109393 0.002570
v 0.215612 0.109371 -0.002608
v 0.204067 0.109309 -0.002608
v 0.200044 0.109287 0.002570
v 0.199979 0.129449 0.017387
v 0.203977 0.129478 0.022536
v 0.215452 0.129562 0.022536
v 0.219451 0.129591 0.017387
v 0.219451 0.129591 0.002613
v 0.215452 0.129562 -0.002536
v 0.203977 0.129478 -0.002536
v 0.199979 0.129449 0.002613
v 0.199869 0.149618 0.017345
v 0.203843 0.149656 0.022464
v 0.215248 0.149764 0.022464
v 0.219223 0.149802 0.017345
v 0.219223 0.149802 0.002655
v 0.215248 0.149764 -0.002464
v 0.203843 0.149656 -0.002464
v 0.199869 0.149618 0.002655
v 0.199712 0.169775 0.017302
v 0.203662 0.169822 0.022391
v 0.214998 0.169958 0.022391
v 0.218948 0.170005 0.017302
v 0.218948 0.170005 0.002698
v 0.214998 0.169958 -0.002391
v 0.203662 0.169822 -0.002391
v 0.199712 0.169775 0.002698
v 0.199506 0.189931 0.017260
v 0.203431 0.189988 0.022319
v 0.214696 0.190152 0.022319
v 0.218622 0.190209 0.017260
v 0.218622 0.190209 0.002740
v 0.214696 0.190152 -0.002319
v 0.203431 0.189988 -0.002319
v 0.199506 0.189931 0.002740
v 0.199245 0.210096 0.017217
v 0.203147 0.210164 0.022247
v 0.214342 0.210356 0.022247
v 0.218243 0.210424 0.017217
v 0.218243 0.210424 0.002783
v 0.214342 0.210356 -0.002247
v 0.203147 0.210164 -0.002247
v 0.199245 0.210096 0.002783
v 0.198929 0.230251 0.017175
v 0.202806 0.230328 0.022175
v 0.213931 0.230552 0.022175
v 0.217808 0.230629 0.017175
v 0.217808 0.230629 0.002825
v 0.213931 0.230552 -0.002175
v 0.202806 0.230328 -0.002175
v 0.198929 0.230251 0.002825
v 0.198555 0.250404 0.017132
v 0.202407 0.250493 0.022103
v 0.213462 0.250747 0.022103
v 0.217314 0.250836 0.017132
v 0.217314 0.250836 0.002868
v 0.213462 0.250747 -0.002103
v 0.202407 0.250493 -0.002103
v 0.198555 0.250404 0.002868
v 0.198120 0.270567 0.017090
v 0.201948 0.270667 0.022031
v 0.212932 0.270953 0.022031
v 0.216760 0.271053 0.017090
v 0.216760 0.271053 0.002910
v 0.212932 0.270953 -0.002031
v 0.201948 0.270667 -0.002031
v 0.198120 0.270567 0.002910
v 0.197622 0.290719 0.017047
v 0.201425 0.290830 0.021958
v 0.212339 0.291150 0.021958
v 0.216142 0.291261 0.017047
v 0.216142 0.291261 0.002953
v 0.212339 0.291150 -0.001958
v 0.201425 0.290830 -0.001958
v 0.197622 0.290719 0.002953
v 0.197059 0.310871 0.017005
v 0.200838 0.310994 0.021886
v 0.211681 0.311346 0.021886
v 0.215460 0.311469 0.017005
v 0.215460 0.311469 0.002995
v 0.211681 0.311346 -0.001886
v 0.200838 0.310994 -0.001886
v 0.197059 0.310871 0.002995
v 0.196429 0.331032 0.016962
v 0.200183 0.331167 0.021814
v 0.210956 0.331553 0.021814
v 0.214709 0.331688 0.016962
v 0.214709 0.331688 0.003038
v 0.210956 0.331553 -0.001814
v 0.200183 0.331167 -0.001814
v 0.196429 0.331032 0.003038
v 0.195731 0.351183 0.016920
v 0.199460 0.351329 0.021742
v 0.210161 0.351751 0.021742
v 0.213890 0.351897 0.016920
v 0.213890 0.351897 0.003080
v 0.210161 0.351751 -0.001742
v 0.199460 0.351329 -0.001742
v 0.195731 0.351183 0.003080
v 0.194961 0.371333 0.016877
v 0.198665 0.371492 0.021670
v 0.209296 0.371948 0.021670
v 0.213000 0.372107 0.016877
v 0.213000 0.372107 0.003123
v 0.209296 0.371948 -0.001670
v 0.198665 0.371492 -0.001670
v 0.194961 0.371333 0.003123
v 0.194119 0.391493 0.016834
v 0.197798 0.391664 0.021598
v 0.208357 0.392156 0.021598
v 0.212037 0.392327 0.016834
v 0.212037 0.392327 0.003166
v 0.208357 0.392156 -0.001598
v 0.197798 0.391664 -0.001598
v 0.194119 0.391493 0.003166
v 0.193202 0.411643 0.016792
v 0.196857 0.411826 0.021526
v 0.207345 0.412354 0.021526
v 0.211000 0.412537 0.016792
v 0.211000 0.412537 0.003208
v 0.207345 0.412354 -0.001526
v 0.196857 0.411826 -0.001526
v 0.193202 0.411643 0.003208
v 0.192210 0.431802 0.016749
v 0.195840 0.431998 0.021453
v 0.206256 0.432562 0.021453
v 0.209886 0.432758 0.016749
v 0.209886 0.432758 0.003251
v 0.206256 0.432562 -0.001453
v 0.195840 0.431998 -0.001453
v 0.192210 0.431802 0.003251
v 0.191140 0.451951 0.016707
v 0.194745 0.452160 0.021381
v 0.205090 0.452760 0.021381
v 0.208694 0.452969 0.016707
v 0.208694 0.452969 0.003293
v 0.205090 0.452760 -0.001381
v 0.194745 0.452160 -0.001381
v 0.191140 0.451951 0.003293
v 0.189992 0.472100 0.016664
v 0.193571 0.472322 0.021309
v 0.203844 0.472958 0.021309
v 0.207424 0.473180 0.016664
v 0.207424 0.473180 0.003336
v 0.203844 0.472958 -0.001309
v 0.193571 0.472322 -0.001309
v 0.189992 0.472100 0.003336
v 0.188762 0.492259 0.016622
v 0.192316 0.492494 0.021237
v 0.202517 0.493166 0.021237
v 0.206072 0.493401 0.016622
v 0.206072 0.493401 0.003378
v 0.202517 0.493166 -0.001237
v 0.192316 0.492494 -0.001237
v 0.188762 0.492259 0.003378
v 0.187451 0.512408 0.016579
v 0.190980 0.512655 0.021165
v 0.201108 0.513365 0.021165
v 0.204638 0.513612 0.016579
v 0.204638 0.513612 0.003421
v 0.201108 0.513365 -0.001165
v 0.190980 0.512655 -0.001165
v 0.187451 0.512408 0.003421
v 0.186056 0.532556 0.016537
v 0.189560 0.532817 0.021093
v 0.199616 0.533563 0.021093
v 0.203120 0.533824 0.016537
v 0.203120 0.533824 0.003463
v 0.199616 0.533563 -0.001093
v 0.189560 0.532817 -0.001093
v 0.186056 0.532556 0.003463
v 0.184576 0.552715 0.016494
v 0.188055 0.552988 0.021020
v 0.198038 0.553772 0.021020
v 0.201517 0.554045 0.016494
v 0.201517 0.554045 0.003506
v 0.198038 0.553772 -0.001020
v 0.188055 0.552988 -0.001020
v 0.184576 0.552715 0.003506
v 0.183011 0.572864 0.016452
v 0.186464 0.573150 0.020948
v 0.196374 0.573970 0.020948
v 0.199828 0.574256 0.016452
v 0.199828 0.574256 0.003548
v 0.196374 0.573970 -0.000948
v 0.186464 0.573150 -0.000948
v 0.183011 0.572864 0.003548
v 0.181357 0.593012 0.016409
v 0.184785 0.593311 0.020876
v 0.194623 0.594169 0.020876
v 0.198051 0.594468 0.016409
v 0.198051 0.594468 0.003591
v 0.194623 0.594169 -0.000876
v 0.184785 0.593311 -0.000876
v 0.181357 0.593012 0.003591
v 0.179615 0.613171 0.016367
v 0.183017 0.613483 0.020804
v 0.192782 0.614377 0.020804
v 0.196184 0.614689 0.016367
v 0.196184 0.614689 0.003633
v 0.192782 0.614377 -0.000804
v 0.183017 0.613483 -0.000804
v 0.179615 0.613171 0.003633
v 0.177783 0.633320 0.016324
v 0.181160 0.633644 0.020732
v 0.190851 0.634576 0.020732
v 0.194228 0.634900 0.016324
v 0.194228 0.634900 0.003676
v 0.190851 0.634576 -0.000732
v 0.181160 0.633644 -0.000732
v 0.177783 0.633320 0.003676
v 0.175859 0.653468 0.016282
v 0.179211 0.653806 0.020660
v 0.188828 0.654774 0.020660
v 0.192180 0.655112 0.016282
v 0.192180 0.655112 0.003718
v 0.188828 0.654774 -0.000660
v 0.179211 0.653806 -0.000660
v 0.175859 0.653468 0.003718
v 0.173843 0.673627 0.016239
v 0.177168 0.673977 0.020587
v 0.186712 0.674983 0.020587
v 0.190038 0.675333 0.016239
v 0.190038 0.675333 0.003761
v 0.186712 0.674983 -0.000587
v 0.177168 0.673977 -0.000587
v 0.173843 0.673627 0.003761
v 0.171733 0.693776 0.016197
v 0.175033 0.694139 0.020515
v 0.184503 0.695181 0.020515
v 0.187803 0.695544 0.016197
v 0.187803 0.695544 0.003803
v 0.184503 0.695181 -0.000515
v 0.175033 0.694139 -0.000515
v 0.171733 0.693776 0.003803
v 0.169528 0.713925 0.016154
v 0.172803 0.714301 0.020443
v 0.182198 0.715379 0.020443
v 0.185472 0.715755 0.016154
v 0.185472 0.715755 0.003846
v 0.182198 0.715379 -0.000443
v 0.172803 0.714301 -0.000443
v 0.169528 0.713925 0.003846
v 0.167227 0.734085 0.016112
v 0.170475 0.734473 0.020371
v 0.179796 0.735587 0.020371
v 0.183044 0.735975 0.016112
v 0.183044 0.735975 0.003888
v 0.179796 0.735587 -0.000371
v 0.170475 0.734473 -0.000371
v 0.167227 0.734085 0.003888
v 0.164829 0.754234 0.016069
v 0.168051 0.754635 0.020299
v 0.177298 0.755785 0.020299
v 0.180520 0.756186 0.016069
v 0.180520 0.756186 0.003931
v 0.177298 0.755785 -0.000299
v 0.168051 0.754635 -0.000299
v 0.164829 0.754234 0.003931
v 0.162333 0.774384 0.016027
v 0.165529 0.774797 0.020227
v 0.174701 0.775983 0.020227
v 0.177897 0.776396 0.016027
v 0.177897 0.776396 0.003973
v 0.174701 0.775983 -0.000227
v 0.165529 0.774797 -0.000227
v 0.162333 0.774384 0.003973
v 0.159736 0.794544 0.015984
v 0.162906 0.794969 0.020154
v 0.172003 0.796191 0.020154
v 0.175174 0.796616 0.015984
v 0.175174 0.796616 0.004016
v 0.172003 0.796191 -0.000154
v 0.162906 0.794969 -0.000154
v 0.159736 0.794544 0.004016
v 0.157040 0.814694 0.015941
v 0.160184 0.815132 0.020082
v 0.169206 0.816388 0.020082
v 0.172350 0.816826 0.015941
v 0.172350 0.816826 0.004059
v 0.169206 0.816388 -0.000082
v 0.160184 0.815132 -0.000082
v 0.157040 0.814694 0.004059
v 0.154242 0.834844 0.015899
v 0.157360 0.835294 0.020010
v 0.166307 0.836586 0.020010
v 0.169425 0.837036 0.015899
v 0.169425 0.837036 0.004101
v 0.166307 0.836586 -0.000010
v 0.157360 0.835294 -0.000010
v 0.154242 0.834844 0.004101
v 0.151341 0.855005 0.015856
v 0.154432 0.855467 0.019938
v 0.163304 0.856793 0.019938
v 0.166396 0.857255 0.015856
v 0.166396 0.857255 0.004144
v 0.163304 0.856793 0.000062
v 0.154432 0.855467 0.000062
v 0.151341 0.855005 0.004144
v 0.148337 0.875156 0.015814
v 0.151402 0.875630 0.019866
v 0.160198 0.876990 0.019866
v 0.163263 0.877464 0.015814
v 0.163263 0.877464 0.004186
v 0.160198 0.876990 0.000134
v 0.151402 0.875630 0.000134
v 0.148337 0.875156 0.004186
v 0.145227 0.895317 0.015771
v 0.148266 0.895803 0.019794
v 0.156986 0.897197 0.019794
v 0.160025 0.897683 0.015771
v 0.160025 0.897683 0.004229
v 0.156986 0.897197 0.000206
v 0.148266 0.895803 0.000206
v 0.145227 0.895317 0.004229
v 0.142013 0.915469 0.015729
v 0.145025 0.915966 0.019721
v 0.153670 0.917394 0.019721
v 0.156682 0.917891 0.015729
v 0.156682 0.917891 0.004271
v 0.153670 0.917394 0.000279
v 0.145025 0.915966 0.000279
v 0.142013 0.915469 0.004271
v 0.138692 0.935621 0.015686
v 0.141678 0.936130 0.019649
v 0.150246 0.937590 0.019649
v 0.153232 0.938099 0.015686
v 0.153232 0.938099 0.004314
v 0.150246 0.937590 0.000351
v 0.141678 0.936130 0.000351
v 0.138692 0.935621 0.004314
v 0.135262 0.955783 0.015644
v 0.138221 0.956304 0.019577
v 0.146713 0.957796 0.019577
v 0.149673 0.958317 0.015644
v 0.149673 0.958317 0.004356
v 0.146713 0.957796 0.000423
v 0.138221 0.956304 0.000423
v 0.135262 0.955783 0.004356
v 0.131725 0.975936 0.015601
v 0.134658 0.976468 0.019505
v 0.143074 0.977992 0.019505
v 0.146006 0.978524 0.015601
v 0.146006 0.978524 0.004399
v 0.143074 0.977992 0.000495
v 0.134658 0.976468 0.000495
v 0.131725 0.975936 0.004399
v 0.128079 0.996089 0.015559
v 0.130985 0.996632 0.019433
v 0.139324 0.998188 0.019433
v 0.142230 0.998731 0.015559
v 0.142230 0.998731 0.004441
v 0.139324 0.998188 0.000567
v 0.130985 0.996632 0.000567
v 0.128079 0.996089 0.004441
v 0.124320 1.016253 0.015516
v 0.127199 1.016806 0.019361
v 0.135462 1.018394 0.019361
v 0.138341 1.018947 0.015516
v 0.138341 1.018947 0.004484
v 0.135462 1.018394 0.000639
v 0.127199 1.016806 0.000639
v 0.124320 1.016253 0.004484
v 0.120452 1.036407 0.015474
v 0.123304 1.036971 0.019289
v 0.131490 1.038589 0.019289
v 0.134342 1.039153 0.015474
v 0.134342 1.039153 0.004526
v 0.131490 1.038589 0.000711
v 0.123304 1.036971 0.000711
v 0.120452 1.036407 0.004526
v 0.116471 1.056561 0.015431
v 0.119297 1.057136 0.019216
v 0.127405 1.058784 0.019216
v 0.130231 1.059359 0.015431
v 0.130231 1.059359 0.004569
v 0.127405 1.058784 0.000784
v 0.119297 1.057136 0.000784
v 0.116471 1.056561 0.004569
v 0.112375 1.076726 0.015389
v 0.115174 1.077311 0.019144
v 0.123205 1.078989 0.019144
v 0.126004 1.079574 0.015389
v 0.126004 1.079574 0.004611
v 0.123205 1.078989 0.000856
v 0.115174 1.077311 0.000856
v 0.112375 1.076726 0.004611
v 0.108168 1.096882 0.015346
v 0.110939 1.097476 0.019072
v 0.118893 1.099184 0.019072
v 0.121665 1.099778 0.015346
v 0.121665 1.099778 0.004654
v 0.118893 1.099184 0.000928
v 0.110939 1.097476 0.000928
v 0.108168 1.096882 0.004654
v 0.103845 1.117037 0.015304
v 0.106590 1.117642 0.019000
v 0.114466 1.119378 0.019000
v 0.117211 1.119983 0.015304
v 0.117211 1.119983 0.004696
v 0.114466 1.119378 0.001000
v 0.106590 1.117642 0.001000
v 0.103845 1.117037 0.004696
v 0.099404 1.137204 0.015261
v 0.102122 1.137818 0.018928
v 0.109921 1.139582 0.018928
v 0.112638 1.140196 0.015261
v 0.112638 1.140196 0.004739
v 0.109921 1.139582 0.001072
v 0.102122 1.137818 0.001072
v 0.099404 1.137204 0.004739
v 0.094848 1.157361 0.015219
v 0.097539 1.157985 0.018856
v 0.105261 1.159775 0.018856
v 0.107951 1.160399 0.015219
v 0.107951 1.160399 0.004781
v 0.105261 1.159775 0.001144
v 0.097539 1.157985 0.001144
v 0.094848 1.157361 0.004781
v 0.090175 1.177518 0.015176
v 0.092839 1.178151 0.018783
v 0.100483 1.179969 0.018783
v 0.103146 1.180602 0.015176
v 0.103146 1.180602 0.004824
v 0.100483 1.179969 0.001217
v 0.092839 1.178151 0.001217
v 0.090175 1.177518 0.004824
v 0.085382 1.197686 0.015134
v 0.088018 1.198328 0.018711
v 0.095584 1.200172 0.018711
v 0.098221 1.200814 0.015134
v 0.098221 1.200814 0.004866
v 0.095584 1.200172 0.001289
v 0.088018 1.198328 0.001289
v 0.085382 1.197686 0.004866
v 0.080471 1.217844 0.015091
v 0.083080 1.218496 0.018639
v 0.090568 1.220364 0.018639
v 0.093178 1.221016 0.015091
v 0.093178 1.221016 0.004909
v 0.090568 1.220364 0.001361
v 0.083080 1.218496 0.001361
v 0.080471 1.217844 0.004909
v 0.075440 1.238003 0.015048
v 0.078022 1.238663 0.018567
v 0.085432 1.240557 0.018567
v 0.088014 1.241217 0.015048
v 0.088014 1.241217 0.004952
v 0.085432 1.240557 0.001433
v 0.078022 1.238663 0.001433
v 0.075440 1.238003 0.004952
v 0.070286 1.258173 0.015006
v 0.072841 1.258841 0.018495
v 0.080173 1.260759 0.018495
v 0.082728 1.261427 0.015006
v 0.082728 1.261427 0.004994
v 0.080173 1.260759 0.001505
v 0.072841 1.258841 0.001505
v 0.070286 1.258173 0.004994
v 0.065013 1.278333 0.014963
v 0.067540 1.279009 0.018423
v 0.074794 1.280951 0.018423
v 0.077322 1.281627 0.014963
v 0.077322 1.281627 0.005037
v 0.074794 1.280951 0.001577
v 0.067540 1.279009 0.001577
v 0.065013 1.278333 0.005037
v 0.059614 1.298503 0.014921
v 0.062114 1.299188 0.018350
v 0.069290 1.301152 0.018350
v 0.071790 1.301837 0.014921
v 0.071790 1.301837 0.005079
v 0.069290 1.301152 0.001650
v 0.062114 1.299188 0.001650
v 0.059614 1.298503 0.005079
v 0.054095 1.318665 0.014878
v 0.056568 1.319357 0.018278
v 0.063665 1.321343 0.018278
v 0.066138 1.322035 0.014878
v 0.066138 1.322035 0.005122
v 0.063665 1.321343 0.001722
v 0.056568 1.319357 0.001722
v 0.054095 1.318665 0.005122
v 0.048452 1.338827 0.014836
v 0.050897 1.339526 0.018206
v 0.057916 1.341534 0.018206
v 0.060362 1.342233 0.014836
v 0.060362 1.342233 0.005164
v 0.057916 1.341534 0.001794
v 0.050897 1.339526 0.001794
v 0.048452 1.338827 0.005164
v 0.042680 1.358999 0.014793
v 0.045099 1.359706 0.018134
v 0.052039 1.361734 0.018134
v 0.054458 1.362441 0.014793
v 0.054458 1.362441 0.005207
v 0.052039 1.361734 0.001866
v 0.045099 1.359706 0.001866
v 0.042680 1.358999 0.005207
v 0.036787 1.379162 0.014751
v 0.039178 1.379876 0.018062
v 0.046040 1.381924 0.018062
v 0.048431 1.382638 0.014751
v 0.048431 1.382638 0.005249
v 0.046040 1.381924 0.001938
v 0.039178 1.379876 0.001938
v 0.036787 1.379162 0.005249
v 0.030766 1.399326 0.014708
v 0.033130 1.400046 0.017990
v 0.039913 1.402114 0.017990
v 0.042277 1.402834 0.014708
v 0.042277 1.402834 0.005292
v 0.039913 1.402114 0.002010
v 0.033130 1.400046 0.002010
v 0.030766 1.399326 0.005292
v 0.024448 1.420176 0.014666
v 0.026853 1.420625 0.017917
v 0.033756 1.421915 0.017917
v 0.036161 1.422364 0.014666
v 0.036161 1.422364 0.005334
v 0.033756 1.421915 0.002083
v 0.026853 1.420625 0.002083
v 0.024448 1.420176 0.005334
v 0.023089 1.441764 0.014623
v 0.025508 1.441635 0.017845
v 0.032451 1.441265 0.017845
v 0.034870 1.441136 0.014623
v 0.034870 1.441136 0.005377
v 0.032451 1.441265 0.002155
v 0.025508 1.441635 0.002155
v 0.023089 1.441764 0.005377
v 0.026741 1.462844 0.014581
v 0.029087 1.462346 0.017773
v 0.035819 1.460914 0.017773
v 0.038165 1.460416 0.014581
v 0.038165 1.460416 0.005419
v 0.035819 1.460914 0.002227
v 0.029087 1.462346 0.002227
v 0.026741 1.462844 0.005419
v 0.032004 1.483410 0.014538
v 0.034287 1.482757 0.017701
v 0.040837 1.480883 0.017701
v 0.043120 1.480230 0.014538
v 0.043120 1.480230 0.005462
v 0.040837 1.480883 0.002299
v 0.034287 1.482757 0.002299
v 0.032004 1.483410 0.005462
v 0.038549 1.503739 0.014496
v 0.040788 1.503025 0.017629
v 0.047212 1.500975 0.017629
v 0.049451 1.500261 0.014496
v 0.049451 1.500261 0.005504
v 0.047212 1.500975 0.002371
v 0.040788 1.503025 0.002371
v 0.038549 1.503739 0.005504
v 0.048000 -0.718000 0.010000
v 0.039034 -0.700842 0.014496
v 0.041074 -0.699675 0.017629
v 0.046926 -0.696325 0.017629
v 0.048966 -0.695158 0.014496
v 0.048966 -0.695158 0.005504
v 0.046926 -0.696325 0.002371
v 0.041074 -0.699675 0.002371
v 0.039034 -0.700842 0.005504
v 0.048000 1.522000 0.010000
v 0.038549 1.503739 0.014496
v 0.040788 1.503025 0.017629
v 0.047212 1.500975 0.017629
v 0.049451 1.500261 0.014496
v 0.049451 1.500261 0.005504
v 0.047212 1.500975 0.002371
v 0.040788 1.503025 0.002371
v 0.038549 1.503739 0.005504
v 0.027863 1.466843 0.010000
v 0.026766 1.466922 0.008095
v 0.024572 1.467078 0.008095
v 0.023475 1.467157 0.010000
v 0.024572 1.467078 0.011905
v 0.026766 1.466922 0.011905
v -0.069806 0.097843 0.010000
v -0.070903 0.097922 0.008095
v -0.073097 0.098078 0.008095
v -0.074194 0.098157 0.010000
v -0.073097 0.098078 0.011905
v -0.070903 0.097922 0.011905
v -0.069816 0.098264 0.010000
v -0.070908 0.098132 0.008095
v -0.073092 0.097868 0.008095
v -0.074184 0.097736 0.010000
v -0.073092 0.097868 0.011905
v -0.070908 0.098132 0.011905
v 0.022296 -0.662736 0.010000
v 0.021204 -0.662868 0.008095
v 0.019020 -0.663132 0.008095
v 0.017928 -0.663264 0.010000
v 0.019020 -0.663132 0.011905
v 0.021204 -0.662868 0.011905
v 0.918500 0.098000 0.028900
v 0.918500 0.098400 0.029500
v 0.918500 0.098000 0.030100
v 0.918500 0.097600 0.029500
v 0.905000 0.098000 0.019000
v 0.905000 0.100800 0.029500
v 0.905000 0.098000 0.040000
v 0.905000 0.095200 0.029500
v 0.893000 0.098000 0.016000
v 0.893000 0.101400 0.029500
v 0.893000 0.098000 0.043000
v 0.893000 0.094600 0.029500
v 0.883000 0.098000 0.021500
v 0.883000 0.101000 0.029500
v 0.883000 0.098000 0.037500
v 0.883000 0.095000 0.029500
v 0.875000 0.098000 0.025300
v 0.875000 0.102200 0.029500
v 0.875000 0.098000 0.033700
v 0.875000 0.093800 0.029500
v 0.919000 0.098000 0.029500
v 0.918500 0.098000 0.028900
v 0.918500 0.098400 0.029500
v 0.918500 0.098000 0.030100
v 0.918500 0.097600 0.029500
v 0.876000 0.098000 0.025300
v 0.876000 0.100970 0.026530
v 0.876000 0.102200 0.029500
v 0.876000 0.100970 0.032470
v 0.876000 0.098000 0.033700
v 0.876000 0.095030 0.032470
v 0.876000 0.093800 0.029500
v 0.876000 0.095030 0.026530
v 0.867000 0.098000 0.024500
v 0.867000 0.101536 0.025964
v 0.867000 0.103000 0.029500
v 0.867000 0.101536 0.033036
v 0.867000 0.098000 0.034500
v 0.867000 0.094464 0.033036
v 0.867000 0.093000 0.029500
v 0.867000 0.094464 0.025964
v 0.868000 0.098000 0.025000
v 0.868000 0.101182 0.026318
v 0.868000 0.102500 0.029500
v 0.868000 0.101182 0.032682
v 0.868000 0.098000 0.034000
v 0.868000 0.094818 0.032682
v 0.868000 0.093500 0.029500
v 0.868000 0.094818 0.026318
v 0.766778 0.098000 0.025000
v 0.766778 0.101182 0.026318
v 0.766778 0.102500 0.029500
v 0.766778 0.101182 0.032682
v 0.766778 0.098000 0.034000
v 0.766778 0.094818 0.032682
v 0.766778 0.093500 0.029500
v 0.766778 0.094818 0.026318
v 0.665556 0.098000 0.025000
v 0.665556 0.101182 0.026318
v 0.665556 0.102500 0.029500
v 0.665556 0.101182 0.032682
v 0.665556 0.098000 0.034000
v 0.665556 0.094818 0.032682
v 0.665556 0.093500 0.029500
v 0.665556 0.094818 0.026318
v 0.564333 0.098000 0.025000
v 0.564333 0.101182 0.026318
v 0.564333 0.102500 0.029500
v 0.564333 0.101182 0.032682
v 0.564333 0.098000 0.034000
v 0.564333 0.094818 0.032682
v 0.564333 0.093500 0.029500
v 0.564333 0.094818 0.026318
v 0.463111 0.098000 0.025000
v 0.463111 0.101182 0.026318
v 0.463111 0.102500 0.029500
v 0.463111 0.101182 0.032682
v 0.463111 0.098000 0.034000
v 0.463111 0.094818 0.032682
v 0.463111 0.093500 0.029500
v 0.463111 0.094818 0.026318
v 0.361889 0.098000 0.025000
v 0.361889 0.101182 0.026318
v 0.361889 0.102500 0.029500
v 0.361889 0.101182 0.032682
v 0.361889 0.098000 0.034000
v 0.361889 0.094818 0.032682
v 0.361889 0.093500 0.029500
v 0.361889 0.094818 0.026318
v 0.260667 0.098000 0.025000
v 0.260667 0.101182 0.026318
v 0.260667 0.102500 0.029500
v 0.260667 0.101182 0.032682
v 0.260667 0.098000 0.034000
v 0.260667 0.094818 0.032682
v 0.260667 0.093500 0.029500
v 0.260667 0.094818 0.026318
v 0.159444 0.098000 0.025000
v 0.159444 0.101182 0.026318
v 0.159444 0.102500 0.029500
v 0.159444 0.101182 0.032682
v 0.159444 0.098000 0.034000
v 0.159444 0.094818 0.032682
v 0.159444 0.093500 0.029500
v 0.159444 0.094818 0.026318
v 0.058222 0.098000 0.025000
v 0.058222 0.101182 0.026318
v 0.058222 0.102500 0.029500
v 0.058222 0.101182 0.032682
v 0.058222 0.098000 0.034000
v 0.058222 0.094818 0.032682
v 0.058222 0.093500 0.029500
v 0.058222 0.094818 0.026318
v -0.043000 0.098000 0.025000
v -0.043000 0.101182 0.026318
v -0.043000 0.102500 0.029500
v -0.043000 0.101182 0.032682
v -0.043000 0.098000 0.034000
v -0.043000 0.094818 0.032682
v -0.043000 0.093500 0.029500
v -0.043000 0.094818 0.026318
v -0.042000 0.098000 0.024600
v -0.042000 0.101465 0.026035
v -0.042000 0.102900 0.029500
v -0.042000 0.101465 0.032965
v -0.042000 0.098000 0.034400
v -0.042000 0.094535 0.032965
v -0.042000 0.093100 0.029500
v -0.042000 0.094535 0.026035
v -0.064000 0.098000 0.024900
v -0.064000 0.101253 0.026247
v -0.064000 0.102600 0.029500
v -0.064000 0.101253 0.032753
v -0.064000 0.098000 0.034100
v -0.064000 0.094747 0.032753
v -0.064000 0.093400 0.029500
v -0.064000 0.094747 0.026247
v -0.068000 0.098000 0.025900
v -0.068000 0.100546 0.026954
v -0.068000 0.101600 0.029500
v -0.068000 0.100546 0.032046
v -0.068000 0.098000 0.033100
v -0.068000 0.095454 0.032046
v -0.068000 0.094400 0.029500
v -0.068000 0.095454 0.026954
v -0.066500 0.098000 0.029500
v -0.068000 0.098000 0.025900
v -0.068000 0.100546 0.026954
v -0.068000 0.101600 0.029500
v -0.068000 0.100546 0.032046
v -0.068000 0.098000 0.033100
v -0.068000 0.095454 0.032046
v -0.068000 0.094400 0.029500
v -0.068000 0.095454 0.026954
v 0.152000 0.102050 0.029500
v 0.127000 0.102050 0.029500
v 0.127000 0.112214 0.029500
v 0.152000 0.102850 0.029500
v 0.152000 0.102850 0.029500
v 0.127000 0.112214 0.029500
v 0.127000 0.102050 0.029500
v 0.152000 0.102050 0.029500
v 0.127000 0.102050 0.029500
v 0.102000 0.102050 0.029500
v 0.102000 0.115550 0.029500
v 0.127000 0.112214 0.029500
v 0.127000 0.112214 0.029500
v 0.102000 0.115550 0.029500
v 0.102000 0.102050 0.029500
v 0.127000 0.102050 0.029500
v 0.102000 0.102050 0.029500
v 0.077000 0.102050 0.029500
v 0.077000 0.115550 0.029500
v 0.102000 0.115550 0.029500
v 0.102000 0.115550 0.029500
v 0.077000 0.115550 0.029500
v 0.077000 0.102050 0.029500
v 0.102000 0.102050 0.029500
v 0.077000 0.102050 0.029500
v 0.052000 0.102050 0.029500
v 0.052000 0.114763 0.029500
v 0.077000 0.115550 0.029500
v 0.077000 0.115550 0.029500
v 0.052000 0.114763 0.029500
v 0.052000 0.102050 0.029500
v 0.077000 0.102050 0.029500
v 0.052000 0.102050 0.029500
v 0.027000 0.102050 0.029500
v 0.027000 0.112794 0.029500
v 0.052000 0.114763 0.029500
v 0.052000 0.114763 0.029500
v 0.027000 0.112794 0.029500
v 0.027000 0.102050 0.029500
v 0.052000 0.102050 0.029500
v 0.027000 0.102050 0.029500
v 0.002000 0.102050 0.029500
v 0.002000 0.110825 0.029500
v 0.027000 0.112794 0.029500
v 0.027000 0.112794 0.029500
v 0.002000 0.110825 0.029500
v 0.002000 0.102050 0.029500
v 0.027000 0.102050 0.029500
v 0.152000 0.095975 0.033007
v 0.127000 0.095975 0.033007
v 0.127000 0.090893 0.041810
v 0.152000 0.095575 0.033700
v 0.152000 0.095575 0.033700
v 0.127000 0.090893 0.041810
v 0.127000 0.095975 0.033007
v 0.152000 0.095975 0.033007
v 0.127000 0.095975 0.033007
v 0.102000 0.095975 0.033007
v 0.102000 0.089225 0.044699
v 0.127000 0.090893 0.041810
v 0.127000 0.090893 0.041810
v 0.102000 0.089225 0.044699
v 0.102000 0.095975 0.033007
v 0.127000 0.095975 0.033007
v 0.102000 0.095975 0.033007
v 0.077000 0.095975 0.033007
v 0.077000 0.089225 0.044699
v 0.102000 0.089225 0.044699
v 0.102000 0.089225 0.044699
v 0.077000 0.089225 0.044699
v 0.077000 0.095975 0.033007
v 0.102000 0.095975 0.033007
v 0.077000 0.095975 0.033007
v 0.052000 0.095975 0.033007
v 0.052000 0.089619 0.044017
v 0.077000 0.089225 0.044699
v 0.077000 0.089225 0.044699
v 0.052000 0.089619 0.044017
v 0.052000 0.095975 0.033007
v 0.077000 0.095975 0.033007
v 0.052000 0.095975 0.033007
v 0.027000 0.095975 0.033007
v 0.027000 0.090603 0.042312
v 0.052000 0.089619 0.044017
v 0.052000 0.089619 0.044017
v 0.027000 0.090603 0.042312
v 0.027000 0.095975 0.033007
v 0.052000 0.095975 0.033007
v 0.027000 0.095975 0.033007
v 0.002000 0.095975 0.033007
v 0.002000 0.091588 0.040607
v 0.027000 0.090603 0.042312
v 0.027000 0.090603 0.042312
v 0.002000 0.091588 0.040607
v 0.002000 0.095975 0.033007
v 0.027000 0.095975 0.033007
v 0.152000 0.095975 0.025993
v 0.127000 0.095975 0.025993
v 0.127000 0.090893 0.017190
v 0.152000 0.095575 0.025300
v 0.152000 0.095575 0.025300
v 0.127000 0.090893 0.017190
v 0.127000 0.095975 0.025993
v 0.152000 0.095975 0.025993
v 0.127000 0.095975 0.025993
v 0.102000 0.095975 0.025993
v 0.102000 0.089225 0.014301
v 0.127000 0.090893 0.017190
v 0.127000 0.090893 0.017190
v 0.102000 0.089225 0.014301
v 0.102000 0.095975 0.025993
v 0.127000 0.095975 0.025993
v 0.102000 0.095975 0.025993
v 0.077000 0.095975 0.025993
v 0.077000 0.089225 0.014301
v 0.102000 0.089225 0.014301
v 0.102000 0.089225 0.014301
v 0.077000 0.089225 0.014301
v 0.077000 0.095975 0.025993
v 0.102000 0.095975 0.025993
v 0.077000 0.095975 0.025993
v 0.052000 0.095975 0.025993
v 0.052000 0.089619 0.014983
v 0.077000 0.089225 0.014301
v 0.077000 0.089225 0.014301
v 0.052000 0.089619 0.014983
v 0.052000 0.095975 0.025993
v 0.077000 0.095975 0.025993
v 0.052000 0.095975 0.025993
v 0.027000 0.095975 0.025993
v 0.027000 0.090603 0.016688
v 0.052000 0.089619 0.014983
v 0.052000 0.089619 0.014983
v 0.027000 0.090603 0.016688
v 0.027000 0.095975 0.025993
v 0.052000 0.095975 0.025993
v 0.027000 0.095975 0.025993
v 0.002000 0.095975 0.025993
v 0.002000 0.091588 0.018393
v 0.027000 0.090603 0.016688
v 0.027000 0.090603 0.016688
v 0.002000 0.091588 0.018393
v 0.002000 0.095975 0.025993
v 0.027000 0.095975 0.025993
vt 0.000000 0.000000
vt 0.125000 0.000000
vt 0.125000 0.009173
vt 0.000000 0.009173
vt 0.125000 0.000000
vt 0.250000 0.000000
vt 0.250000 0.009173
vt 0.125000 0.009173
vt 0.250000 0.000000
vt 0.375000 0.000000
vt 0.375000 0.009173
vt 0.250000 0.009173
vt 0.375000 0.000000
vt 0.500000 0.000000
vt 0.500000 0.009173
vt 0.375000 0.009173
vt 0.500000 0.000000
vt 0.625000 0.000000
vt 0.625000 0.009173
vt 0.500000 0.009173
vt 0.625000 0.000000
vt 0.750000 0.000000
vt 0.750000 0.009173
vt 0.625000 0.009173
vt 0.750000 0.000000
vt 0.875000 0.000000
vt 0.875000 0.009173
vt 0.750000 0.009173
vt 0.875000 0.000000
vt 1.000000 0.000000
vt 1.000000 0.009173
vt 0.875000 0.009173
vt 0.000000 0.009173
vt 0.125000 0.009173
vt 0.125000 0.018350
vt 0.000000 0.018350
vt 0.125000 0.009173
vt 0.250000 0.009173
vt 0.250000 0.018350
vt 0.125000 0.018350
vt 0.250000 0.009173
vt 0.375000 0.009173
vt 0.375000 0.018350
vt 0.250000 0.018350
vt 0.375000 0.009173
vt 0.500000 0.009173
vt 0.500000 0.018350
vt 0.375000 0.018350
vt 0.500000 0.009173
vt 0.625000 0.009173
vt 0.625000 0.018350
vt 0.500000 0.018350
vt 0.625000 0.009173
vt 0.750000 0.009173
vt 0.750000 0.018350
vt 0.625000 0.018350
vt 0.750000 0.009173
vt 0.875000 0.009173
vt 0.875000 0.018350
vt 0.750000 0.018350
vt 0.875000 0.009173
vt 1.000000 0.009173
vt 1.000000 0.018350
vt 0.875000 0.018350
vt 0.000000 0.018350
vt 0.125000 0.018350
vt 0.125000 0.027523
vt 0.000000 0.027523
vt 0.125000 0.018350
vt 0.250000 0.018350
vt 0.250000 0.027523
vt 0.125000 0.027523
vt 0.250000 0.018350
vt 0.375000 0.018350
vt 0.375000 0.027523
vt 0.250000 0.027523
vt 0.375000 0.018350
vt 0.500000 0.018350
vt 0.500000 0.027523
vt 0.375000 0.027523
vt 0.500000 0.018350
vt 0.625000 0.018350
vt 0.625000 0.027523
vt 0.500000 0.027523
vt 0.625000 0.018350
vt 0.750000 0.018350
vt 0.750000 0.027523
vt 0.625000 0.027523
vt 0.750000 0.018350
vt 0.875000 0.018350
vt 0.875000 0.027523
vt 0.750000 0.027523
vt 0.875000 0.018350
vt 1.000000 0.018350
vt 1.000000 0.027523
vt 0.875000 0.027523
vt 0.000000 0.027523
vt 0.125000 0.027523
vt 0.125000 0.036695
vt 0.000000 0.036695
vt 0.125000 0.027523
vt 0.250000 0.027523
vt 0.250000 0.036695
vt 0.125000 0.036695
vt 0.250000 0.027523
vt 0.375000 0.027523
vt 0.375000 0.036695
vt 0.250000 0.036695
vt 0.375000 0.027523
vt 0.500000 0.027523
vt 0.500000 0.036695
vt 0.375000 0.036695
vt 0.500000 0.027523
vt 0.625000 0.027523
vt 0.625000 0.036695
vt 0.500000 0.036695
vt 0.625000 0.027523
vt 0.750000 0.027523
vt 0.750000 0.036695
vt 0.625000 0.036695
vt 0.750000 0.027523
vt 0.875000 0.027523
vt 0.875000 0.036695
vt 0.750000 0.036695
vt 0.875000 0.027523
vt 1.000000 0.027523
vt 1.000000 0.036695
vt 0.875000 0.036695
vt 0.000000 0.036695
vt 0.125000 0.036695
vt 0.125000 0.045873
vt 0.000000 0.045873
vt 0.125000 0.036695
vt 0.250000 0.036695
vt 0.250000 0.045873
vt 0.125000 0.045873
vt 0.250000 0.036695
vt 0.375000 0.036695
vt 0.375000 0.045873
vt 0.250000 0.045873
vt 0.375000 0.036695
vt 0.500000 0.036695
vt 0.500000 0.045873
vt 0.375000 0.045873
vt 0.500000 0.036695
vt 0.625000 0.036695
vt 0.625000 0.045873
vt 0.500000 0.045873
vt 0.625000 0.036695
vt 0.750000 0.036695
vt 0.750000 0.045873
vt 0.625000 0.045873
vt 0.750000 0.036695
vt 0.875000 0.036695
vt 0.875000 0.045873
vt 0.750000 0.045873
vt 0.875000 0.036695
vt 1.000000 0.036695
vt 1.000000 0.045873
vt 0.875000 0.045873
vt 0.000000 0.045873
vt 0.125000 0.045873
vt 0.125000 0.055045
vt 0.000000 0.055045
vt 0.125000 0.045873
vt 0.250000 0.045873
vt 0.250000 0.055045
vt 0.125000 0.055045
vt 0.250000 0.045873
vt 0.375000 0.045873
vt 0.375000 0.055045
vt 0.250000 0.055045
vt 0.375000 0.045873
vt 0.500000 0.045873
vt 0.500000 0.055045
vt 0.375000 0.055045
vt 0.500000 0.045873
vt 0.625000 0.045873
vt 0.625000 0.055045
vt 0.500000 0.055045
vt 0.625000 0.045873
vt 0.750000 0.045873
vt 0.750000 0.055045
vt 0.625000 0.055045
vt 0.750000 0.045873
vt 0.875000 0.045873
vt 0.875000 0.055045
vt 0.750000 0.055045
vt 0.875000 0.045873
vt 1.000000 0.045873
vt 1.000000 0.055045
vt 0.875000 0.055045
vt 0.000000 0.055045
vt 0.125000 0.055045
vt 0.125000 0.064218
vt 0.000000 0.064218
vt 0.125000 0.055045
vt 0.250000 0.055045
vt 0.250000 0.064218
vt 0.125000 0.064218
vt 0.250000 0.055045
vt 0.375000 0.055045
vt 0.375000 0.064218
vt 0.250000 0.064218
vt 0.375000 0.055045
vt 0.500000 0.055045
vt 0.500000 0.064218
vt 0.375000 0.064218
vt 0.500000 0.055045
vt 0.625000 0.055045
vt 0.625000 0.064218
vt 0.500000 0.064218
vt 0.625000 0.055045
vt 0.750000 0.055045
vt 0.750000 0.064218
vt 0.625000 0.064218
vt 0.750000 0.055045
vt 0.875000 0.055045
vt 0.875000 0.064218
vt 0.750000 0.064218
vt 0.875000 0.055045
vt 1.000000 0.055045
vt 1.000000 0.064218
vt 0.875000 0.064218
vt 0.000000 0.064218
vt 0.125000 0.064218
vt 0.125000 0.073395
vt 0.000000 0.073395
vt 0.125000 0.064218
vt 0.250000 0.064218
vt 0.250000 0.073395
vt 0.125000 0.073395
vt 0.250000 0.064218
vt 0.375000 0.064218
vt 0.375000 0.073395
vt 0.250000 0.073395
vt 0.375000 0.064218
vt 0.500000 0.064218
vt 0.500000 0.073395
vt 0.375000 0.073395
vt 0.500000 0.064218
vt 0.625000 0.064218
vt 0.625000 0.073395
vt 0.500000 0.073395
vt 0.625000 0.064218
vt 0.750000 0.064218
vt 0.750000 0.073395
vt 0.625000 0.073395
vt 0.750000 0.064218
vt 0.875000 0.064218
vt 0.875000 0.073395
vt 0.750000 0.073395
vt 0.875000 0.064218
vt 1.000000 0.064218
vt 1.000000 0.073395
vt 0.875000 0.073395
vt 0.000000 0.073395
vt 0.125000 0.073395
vt 0.125000 0.082568
vt 0.000000 0.082568
vt 0.125000 0.073395
vt 0.250000 0.073395
vt 0.250000 0.082568
vt 0.125000 0.082568
vt 0.250000 0.073395
vt 0.375000 0.073395
vt 0.375000 0.082568
vt 0.250000 0.082568
vt 0.375000 0.073395
vt 0.500000 0.073395
vt 0.500000 0.082568
vt 0.375000 0.082568
vt 0.500000 0.073395
vt 0.625000 0.073395
vt 0.625000 0.082568
vt 0.500000 0.082568
vt 0.625000 0.073395
vt 0.750000 0.073395
vt 0.750000 0.082568
vt 0.625000 0.082568
vt 0.750000 0.073395
vt 0.875000 0.073395
vt 0.875000 0.082568
vt 0.750000 0.082568
vt 0.875000 0.073395
vt 1.000000 0.073395
vt 1.000000 0.082568
vt 0.875000 0.082568
vt 0.000000 0.082568
vt 0.125000 0.082568
vt 0.125000 0.091741
vt 0.000000 0.091741
vt 0.125000 0.082568
vt 0.250000 0.082568
vt 0.250000 0.091741
vt 0.125000 0.091741
vt 0.250000 0.082568
vt 0.375000 0.082568
vt 0.375000 0.091741
vt 0.250000 0.091741
vt 0.375000 0.082568
vt 0.500000 0.082568
vt 0.500000 0.091741
vt 0.375000 0.091741
vt 0.500000 0.082568
vt 0.625000 0.082568
vt 0.625000 0.091741
vt 0.500000 0.091741
vt 0.625000 0.082568
vt 0.750000 0.082568
vt 0.750000 0.091741
vt 0.625000 0.091741
vt 0.750000 0.082568
vt 0.875000 0.082568
vt 0.875000 0.091741
vt 0.750000 0.091741
vt 0.875000 0.082568
vt 1.000000 0.082568
vt 1.000000 0.091741
vt 0.875000 0.091741
vt 0.000000 0.091741
vt 0.125000 0.091741
vt 0.125000 0.100918
vt 0.000000 0.100918
vt 0.125000 0.091741
vt 0.250000 0.091741
vt 0.250000 0.100918
vt 0.125000 0.100918
vt 0.250000 0.091741
vt 0.375000 0.091741
vt 0.375000 0.100918
vt 0.250000 0.100918
vt 0.375000 0.091741
vt 0.500000 0.091741
vt 0.500000 0.100918
vt 0.375000 0.100918
vt 0.500000 0.091741
vt 0.625000 0.091741
vt 0.625000 0.100918
vt 0.500000 0.100918
vt 0.625000 0.091741
vt 0.750000 0.091741
vt 0.750000 0.100918
vt 0.625000 0.100918
vt 0.750000 0.091741
vt 0.875000 0.091741
vt 0.875000 0.100918
vt 0.750000 0.100918
vt 0.875000 0.091741
vt 1.000000 0.091741
vt 1.000000 0.100918
vt 0.875000 0.100918
vt 0.000000 0.100918
vt 0.125000 0.100918
vt 0.125000 0.110091
vt 0.000000 0.110091
vt 0.125000 0.100918
vt 0.250000 0.100918
vt 0.250000 0.110091
vt 0.125000 0.110091
vt 0.250000 0.100918
vt 0.375000 0.100918
vt 0.375000 0.110091
vt 0.250000 0.110091
vt 0.375000 0.100918
vt 0.500000 0.100918
vt 0.500000 0.110091
vt 0.375000 0.110091
vt 0.500000 0.100918
vt 0.625000 0.100918
vt 0.625000 0.110091
vt 0.500000 0.110091
vt 0.625000 0.100918
vt 0.750000 0.100918
vt 0.750000 0.110091
vt 0.625000 0.110091
vt 0.750000 0.100918
vt 0.875000 0.100918
vt 0.875000 0.110091
vt 0.750000 0.110091
vt 0.875000 0.100918
vt 1.000000 0.100918
vt 1.000000 0.110091
vt 0.875000 0.110091
vt 0.000000 0.110091
vt 0.125000 0.110091
vt 0.125000 0.119268
vt 0.000000 0.119268
vt 0.125000 0.110091
vt 0.250000 0.110091
vt 0.250000 0.119268
vt 0.125000 0.119268
vt 0.250000 0.110091
vt 0.375000 0.110091
vt 0.375000 0.119268
vt 0.250000 0.119268
vt 0.375000 0.110091
vt 0.500000 0.110091
vt 0.500000 0.119268
vt 0.375000 0.119268
vt 0.500000 0.110091
vt 0.625000 0.110091
vt 0.625000 0.119268
vt 0.500000 0.119268
vt 0.625000 0.110091
vt 0.750000 0.110091
vt 0.750000 0.119268
vt 0.625000 0.119268
vt 0.750000 0.110091
vt 0.875000 0.110091
vt 0.875000 0.119268
vt 0.750000 0.119268
vt 0.875000 0.110091
vt 1.000000 0.110091
vt 1.000000 0.119268
vt 0.875000 0.119268
vt 0.000000 0.119268
vt 0.125000 0.119268
vt 0.125000 0.128441
vt 0.000000 0.128441
vt 0.125000 0.119268
vt 0.250000 0.119268
vt 0.250000 0.128441
vt 0.125000 0.128441
vt 0.250000 0.119268
vt 0.375000 0.119268
vt 0.375000 0.128441
vt 0.250000 0.128441
vt 0.375000 0.119268
vt 0.500000 0.119268
vt 0.500000 0.128441
vt 0.375000 0.128441
vt 0.500000 0.119268
vt 0.625000 0.119268
vt 0.625000 0.128441
vt 0.500000 0.128441
vt 0.625000 0.119268
vt 0.750000 0.119268
vt 0.750000 0.128441
vt 0.625000 0.128441
vt 0.750000 0.119268
vt 0.875000 0.119268
vt 0.875000 0.128441
vt 0.750000 0.128441
vt 0.875000 0.119268
vt 1.000000 0.119268
vt 1.000000 0.128441
vt 0.875000 0.128441
vt 0.000000 0.128441
vt 0.125000 0.128441
vt 0.125000 0.137614
vt 0.000000 0.137614
vt 0.125000 0.128441
vt 0.250000 0.128441
vt 0.250000 0.137614
vt 0.125000 0.137614
vt 0.250000 0.128441
vt 0.375000 0.128441
vt 0.375000 0.137614
vt 0.250000 0.137614
vt 0.375000 0.128441
vt 0.500000 0.128441
vt 0.500000 0.137614
vt 0.375000 0.137614
vt 0.500000 0.128441
vt 0.625000 0.128441
vt 0.625000 0.137614
vt 0.500000 0.137614
vt 0.625000 0.128441
vt 0.750000 0.128441
vt 0.750000 0.137614
vt 0.625000 0.137614
vt 0.750000 0.128441
vt 0.875000 0.128441
vt 0.875000 0.137614
vt 0.750000 0.137614
vt 0.875000 0.128441
vt 1.000000 0.128441
vt 1.000000 0.137614
vt 0.875000 0.137614
vt 0.000000 0.137614
vt 0.125000 0.137614
vt 0.125000 0.146791
vt 0.000000 0.146791
vt 0.125000 0.137614
vt 0.250000 0.137614
vt 0.250000 0.146791
vt 0.125000 0.146791
vt 0.250000 0.137614
vt 0.375000 0.137614
vt 0.375000 0.146791
vt 0.250000 0.146791
vt 0.375000 0.137614
vt 0.500000 0.137614
vt 0.500000 0.146791
vt 0.375000 0.146791
vt 0.500000 0.137614
vt 0.625000 0.137614
vt 0.625000 0.146791
vt 0.500000 0.146791
vt 0.625000 0.137614
vt 0.750000 0.137614
vt 0.750000 0.146791
vt 0.625000 0.146791
vt 0.750000 0.137614
vt 0.875000 0.137614
vt 0.875000 0.146791
vt 0.750000 0.146791
vt 0.875000 0.137614
vt 1.000000 0.137614
vt 1.000000 0.146791
vt 0.875000 0.146791
vt 0.000000 0.146791
vt 0.125000 0.146791
vt 0.125000 0.155964
vt 0.000000 0.155964
vt 0.125000 0.146791
vt 0.250000 0.146791
vt 0.250000 0.155964
vt 0.125000 0.155964
vt 0.250000 0.146791
vt 0.375000 0.146791
vt 0.375000 0.155964
vt 0.250000 0.155964
vt 0.375000 0.146791
vt 0.500000 0.146791
vt 0.500000 0.155964
vt 0.375000 0.155964
vt 0.500000 0.146791
vt 0.625000 0.146791
vt 0.625000 0.155964
vt 0.500000 0.155964
vt 0.625000 0.146791
vt 0.750000 0.146791
vt 0.750000 0.155964
vt 0.625000 0.155964
vt 0.750000 0.146791
vt 0.875000 0.146791
vt 0.875000 0.155964
vt 0.750000 0.155964
vt 0.875000 0.146791
vt 1.000000 0.146791
vt 1.000000 0.155964
vt 0.875000 0.155964
vt 0.000000 0.155964
vt 0.125000 0.155964
vt 0.125000 0.165136
vt 0.000000 0.165136
vt 0.125000 0.155964
vt 0.250000 0.155964
vt 0.250000 0.165136
vt 0.125000 0.165136
vt 0.250000 0.155964
vt 0.375000 0.155964
vt 0.375000 0.165136
vt 0.250000 0.165136
vt 0.375000 0.155964
vt 0.500000 0.155964
vt 0.500000 0.165136
vt 0.375000 0.165136
vt 0.500000 0.155964
vt 0.625000 0.155964
vt 0.625000 0.165136
vt 0.500000 0.165136
vt 0.625000 0.155964
vt 0.750000 0.155964
vt 0.750000 0.165136
vt 0.625000 0.165136
vt 0.750000 0.155964
vt 0.875000 0.155964
vt 0.875000 0.165136
vt 0.750000 0.165136
vt 0.875000 0.155964
vt 1.000000 0.155964
vt 1.000000 0.165136
vt 0.875000 0.165136
vt 0.000000 0.165136
vt 0.125000 0.165136
vt 0.125000 0.174314
vt 0.000000 0.174314
vt 0.125000 0.165136
vt 0.250000 0.165136
vt 0.250000 0.174314
vt 0.125000 0.174314
vt 0.250000 0.165136
vt 0.375000 0.165136
vt 0.375000 0.174314
vt 0.250000 0.174314
vt 0.375000 0.165136
vt 0.500000 0.165136
vt 0.500000 0.174314
vt 0.375000 0.174314
vt 0.500000 0.165136
vt 0.625000 0.165136
vt 0.625000 0.174314
vt 0.500000 0.174314
vt 0.625000 0.165136
vt 0.750000 0.165136
vt 0.750000 0.174314
vt 0.625000 0.174314
vt 0.750000 0.165136
vt 0.875000 0.165136
vt 0.875000 0.174314
vt 0.750000 0.174314
vt 0.875000 0.165136
vt 1.000000 0.165136
vt 1.000000 0.174314
vt 0.875000 0.174314
vt 0.000000 0.174314
vt 0.125000 0.174314
vt 0.125000 0.183486
vt 0.000000 0.183486
vt 0.125000 0.174314
vt 0.250000 0.174314
vt 0.250000 0.183486
vt 0.125000 0.183486
vt 0.250000 0.174314
vt 0.375000 0.174314
vt 0.375000 0.183486
vt 0.250000 0.183486
vt 0.375000 0.174314
vt 0.500000 0.174314
vt 0.500000 0.183486
vt 0.375000 0.183486
vt 0.500000 0.174314
vt 0.625000 0.174314
vt 0.625000 0.183486
vt 0.500000 0.183486
vt 0.625000 0.174314
vt 0.750000 0.174314
vt 0.750000 0.183486
vt 0.625000 0.183486
vt 0.750000 0.174314
vt 0.875000 0.174314
vt 0.875000 0.183486
vt 0.750000 0.183486
vt 0.875000 0.174314
vt 1.000000 0.174314
vt 1.000000 0.183486
vt 0.875000 0.183486
vt 0.000000 0.183486
vt 0.125000 0.183486
vt 0.125000 0.192659
vt 0.000000 0.192659
vt 0.125000 0.183486
vt 0.250000 0.183486
vt 0.250000 0.192659
vt 0.125000 0.192659
vt 0.250000 0.183486
vt 0.375000 0.183486
vt 0.375000 0.192659
vt 0.250000 0.192659
vt 0.375000 0.183486
vt 0.500000 0.183486
vt 0.500000 0.192659
vt 0.375000 0.192659
vt 0.500000 0.183486
vt 0.625000 0.183486
vt 0.625000 0.192659
vt 0.500000 0.192659
vt 0.625000 0.183486
vt 0.750000 0.183486
vt 0.750000 0.192659
vt 0.625000 0.192659
vt 0.750000 0.183486
vt 0.875000 0.183486
vt 0.875000 0.192659
vt 0.750000 0.192659
vt 0.875000 0.183486
vt 1.000000 0.183486
vt 1.000000 0.192659
vt 0.875000 0.192659
vt 0.000000 0.192659
vt 0.125000 0.192659
vt 0.125000 0.201836
vt 0.000000 0.201836
vt 0.125000 0.192659
vt 0.250000 0.192659
vt 0.250000 0.201836
vt 0.125000 0.201836
vt 0.250000 0.192659
vt 0.375000 0.192659
vt 0.375000 0.201836
vt 0.250000 0.201836
vt 0.375000 0.192659
vt 0.500000 0.192659
vt 0.500000 0.201836
vt 0.375000 0.201836
vt 0.500000 0.192659
vt 0.625000 0.192659
vt 0.625000 0.201836
vt 0.500000 0.201836
vt 0.625000 0.192659
vt 0.750000 0.192659
vt 0.750000 0.201836
vt 0.625000 0.201836
vt 0.750000 0.192659
vt 0.875000 0.192659
vt 0.875000 0.201836
vt 0.750000 0.201836
vt 0.875000 0.192659
vt 1.000000 0.192659
vt 1.000000 0.201836
vt 0.875000 0.201836
vt 0.000000 0.201836
vt 0.125000 0.201836
vt 0.125000 0.211009
vt 0.000000 0.211009
vt 0.125000 0.201836
vt 0.250000 0.201836
vt 0.250000 0.211009
vt 0.125000 0.211009
vt 0.250000 0.201836
vt 0.375000 0.201836
vt 0.375000 0.211009
vt 0.250000 0.211009
vt 0.375000 0.201836
vt 0.500000 0.201836
vt 0.500000 0.211009
vt 0.375000 0.211009
vt 0.500000 0.201836
vt 0.625000 0.201836
vt 0.625000 0.211009
vt 0.500000 0.211009
vt 0.625000 0.201836
vt 0.750000 0.201836
vt 0.750000 0.211009
vt 0.625000 0.211009
vt 0.750000 0.201836
vt 0.875000 0.201836
vt 0.875000 0.211009
vt 0.750000 0.211009
vt 0.875000 0.201836
vt 1.000000 0.201836
vt 1.000000 0.211009
vt 0.875000 0.211009
vt 0.000000 0.211009
vt 0.125000 0.211009
vt 0.125000 0.220182
vt 0.000000 0.220182
vt 0.125000 0.211009
vt 0.250000 0.211009
vt 0.250000 0.220182
vt 0.125000 0.220182
vt 0.250000 0.211009
vt 0.375000 0.211009
vt 0.375000 0.220182
vt 0.250000 0.220182
vt 0.375000 0.211009
vt 0.500000 0.211009
vt 0.500000 0.220182
vt 0.375000 0.220182
vt 0.500000 0.211009
vt 0.625000 0.211009
vt 0.625000 0.220182
vt 0.500000 0.220182
vt 0.625000 0.211009
vt 0.750000 0.211009
vt 0.750000 0.220182
vt 0.625000 0.220182
vt 0.750000 0.211009
vt 0.875000 0.211009
vt 0.875000 0.220182
vt 0.750000 0.220182
vt 0.875000 0.211009
vt 1.000000 0.211009
vt 1.000000 0.220182
vt 0.875000 0.220182
vt 0.000000 0.220182
vt 0.125000 0.220182
vt 0.125000 0.229359
vt 0.000000 0.229359
vt 0.125000 0.220182
vt 0.250000 0.220182
vt 0.250000 0.229359
vt 0.125000 0.229359
vt 0.250000 0.220182
vt 0.375000 0.220182
vt 0.375000 0.229359
vt 0.250000 0.229359
vt 0.375000 0.220182
vt 0.500000 0.220182
vt 0.500000 0.229359
vt 0.375000 0.229359
vt 0.500000 0.220182
vt 0.625000 0.220182
vt 0.625000 0.229359
vt 0.500000 0.229359
vt 0.625000 0.220182
vt 0.750000 0.220182
vt 0.750000 0.229359
vt 0.625000 0.229359
vt 0.750000 0.220182
vt 0.875000 0.220182
vt 0.875000 0.229359
vt 0.750000 0.229359
vt 0.875000 0.220182
vt 1.000000 0.220182
vt 1.000000 0.229359
vt 0.875000 0.229359
vt 0.000000 0.229359
vt 0.125000 0.229359
vt 0.125000 0.238532
vt 0.000000 0.238532
vt 0.125000 0.229359
vt 0.250000 0.229359
vt 0.250000 0.238532
vt 0.125000 0.238532
vt 0.250000 0.229359
vt 0.375000 0.229359
vt 0.375000 0.238532
vt 0.250000 0.238532
vt 0.375000 0.229359
vt 0.500000 0.229359
vt 0.500000 0.238532
vt 0.375000 0.238532
vt 0.500000 0.229359
vt 0.625000 0.229359
vt 0.625000 0.238532
vt 0.500000 0.238532
vt 0.625000 0.229359
vt 0.750000 0.229359
vt 0.750000 0.238532
vt 0.625000 0.238532
vt 0.750000 0.229359
vt 0.875000 0.229359
vt 0.875000 0.238532
vt 0.750000 0.238532
vt 0.875000 0.229359
vt 1.000000 0.229359
vt 1.000000 0.238532
vt 0.875000 0.238532
vt 0.000000 0.238532
vt 0.125000 0.238532
vt 0.125000 0.247705
vt 0.000000 0.247705
vt 0.125000 0.238532
vt 0.250000 0.238532
vt 0.250000 0.247705
vt 0.125000 0.247705
vt 0.250000 0.238532
vt 0.375000 0.238532
vt 0.375000 0.247705
vt 0.250000 0.247705
vt 0.375000 0.238532
vt 0.500000 0.238532
vt 0.500000 0.247705
vt 0.375000 0.247705
vt 0.500000 0.238532
vt 0.625000 0.238532
vt 0.625000 0.247705
vt 0.500000 0.247705
vt 0.625000 0.238532
vt 0.750000 0.238532
vt 0.750000 0.247705
vt 0.625000 0.247705
vt 0.750000 0.238532
vt 0.875000 0.238532
vt 0.875000 0.247705
vt 0.750000 0.247705
vt 0.875000 0.238532
vt 1.000000 0.238532
vt 1.000000 0.247705
vt 0.875000 0.247705
vt 0.000000 0.247705
vt 0.125000 0.247705
vt 0.125000 0.256882
vt 0.000000 0.256882
vt 0.125000 0.247705
vt 0.250000 0.247705
vt 0.250000 0.256882
vt 0.125000 0.256882
vt 0.250000 0.247705
vt 0.375000 0.247705
vt 0.375000 0.256882
vt 0.250000 0.256882
vt 0.375000 0.247705
vt 0.500000 0.247705
vt 0.500000 0.256882
vt 0.375000 0.256882
vt 0.500000 0.247705
vt 0.625000 0.247705
vt 0.625000 0.256882
vt 0.500000 0.256882
vt 0.625000 0.247705
vt 0.750000 0.247705
vt 0.750000 0.256882
vt 0.625000 0.256882
vt 0.750000 0.247705
vt 0.875000 0.247705
vt 0.875000 0.256882
vt 0.750000 0.256882
vt 0.875000 0.247705
vt 1.000000 0.247705
vt 1.000000 0.256882
vt 0.875000 0.256882
vt 0.000000 0.256882
vt 0.125000 0.256882
vt 0.125000 0.266055
vt 0.000000 0.266055
vt 0.125000 0.256882
vt 0.250000 0.256882
vt 0.250000 0.266055
vt 0.125000 0.266055
vt 0.250000 0.256882
vt 0.375000 0.256882
vt 0.375000 0.266055
vt 0.250000 0.266055
vt 0.375000 0.256882
vt 0.500000 0.256882
vt 0.500000 0.266055
vt 0.375000 0.266055
vt 0.500000 0.256882
vt 0.625000 0.256882
vt 0.625000 0.266055
vt 0.500000 0.266055
vt 0.625000 0.256882
vt 0.750000 0.256882
vt 0.750000 0.266055
vt 0.625000 0.266055
vt 0.750000 0.256882
vt 0.875000 0.256882
vt 0.875000 0.266055
vt 0.750000 0.266055
vt 0.875000 0.256882
vt 1.000000 0.256882
vt 1.000000 0.266055
vt 0.875000 0.266055
vt 0.000000 0.266055
vt 0.125000 0.266055
vt 0.125000 0.275227
vt 0.000000 0.275227
vt 0.125000 0.266055
vt 0.250000 0.266055
vt 0.250000 0.275227
vt 0.125000 0.275227
vt 0.250000 0.266055
vt 0.375000 0.266055
vt 0.375000 0.275227
vt 0.250000 0.275227
vt 0.375000 0.266055
vt 0.500000 0.266055
vt 0.500000 0.275227
vt 0.375000 0.275227
vt 0.500000 0.266055
vt 0.625000 0.266055
vt 0.625000 0.275227
vt 0.500000 0.275227
vt 0.625000 0.266055
vt 0.750000 0.266055
vt 0.750000 0.275227
vt 0.625000 0.275227
vt 0.750000 0.266055
vt 0.875000 0.266055
vt 0.875000 0.275227
vt 0.750000 0.275227
vt 0.875000 0.266055
vt 1.000000 0.266055
vt 1.000000 0.275227
vt 0.875000 0.275227
vt 0.000000 0.275227
vt 0.125000 0.275227
vt 0.125000 0.284405
vt 0.000000 0.284405
vt 0.125000 0.275227
vt 0.250000 0.275227
vt 0.250000 0.284405
vt 0.125000 0.284405
vt 0.250000 0.275227
vt 0.375000 0.275227
vt 0.375000 0.284405
vt 0.250000 0.284405
vt 0.375000 0.275227
vt 0.500000 0.275227
vt 0.500000 0.284405
vt 0.375000 0.284405
vt 0.500000 0.275227
vt 0.625000 0.275227
vt 0.625000 0.284405
vt 0.500000 0.284405
vt 0.625000 0.275227
vt 0.750000 0.275227
vt 0.750000 0.284405
vt 0.625000 0.284405
vt 0.750000 0.275227
vt 0.875000 0.275227
vt 0.875000 0.284405
vt 0.750000 0.284405
vt 0.875000 0.275227
vt 1.000000 0.275227
vt 1.000000 0.284405
vt 0.875000 0.284405
vt 0.000000 0.284405
vt 0.125000 0.284405
vt 0.125000 0.293577
vt 0.000000 0.293577
vt 0.125000 0.284405
vt 0.250000 0.284405
vt 0.250000 0.293577
vt 0.125000 0.293577
vt 0.250000 0.284405
vt 0.375000 0.284405
vt 0.375000 0.293577
vt 0.250000 0.293577
vt 0.375000 0.284405
vt 0.500000 0.284405
vt 0.500000 0.293577
vt 0.375000 0.293577
vt 0.500000 0.284405
vt 0.625000 0.284405
vt 0.625000 0.293577
vt 0.500000 0.293577
vt 0.625000 0.284405
vt 0.750000 0.284405
vt 0.750000 0.293577
vt 0.625000 0.293577
vt 0.750000 0.284405
vt 0.875000 0.284405
vt 0.875000 0.293577
vt 0.750000 0.293577
vt 0.875000 0.284405
vt 1.000000 0.284405
vt 1.000000 0.293577
vt 0.875000 0.293577
vt 0.000000 0.293577
vt 0.125000 0.293577
vt 0.125000 0.302755
vt 0.000000 0.302755
vt 0.125000 0.293577
vt 0.250000 0.293577
vt 0.250000 0.302755
vt 0.125000 0.302755
vt 0.250000 0.293577
vt 0.375000 0.293577
vt 0.375000 0.302755
vt 0.250000 0.302755
vt 0.375000 0.293577
vt 0.500000 0.293577
vt 0.500000 0.302755
vt 0.375000 0.302755
vt 0.500000 0.293577
vt 0.625000 0.293577
vt 0.625000 0.302755
vt 0.500000 0.302755
vt 0.625000 0.293577
vt 0.750000 0.293577
vt 0.750000 0.302755
vt 0.625000 0.302755
vt 0.750000 0.293577
vt 0.875000 0.293577
vt 0.875000 0.302755
vt 0.750000 0.302755
vt 0.875000 0.293577
vt 1.000000 0.293577
vt 1.000000 0.302755
vt 0.875000 0.302755
vt 0.000000 0.302755
vt 0.125000 0.302755
vt 0.125000 0.306364
vt 0.000000 0.306364
vt 0.125000 0.302755
vt 0.250000 0.302755
vt 0.250000 0.306364
vt 0.125000 0.306364
vt 0.250000 0.302755
vt 0.375000 0.302755
vt 0.375000 0.306364
vt 0.250000 0.306364
vt 0.375000 0.302755
vt 0.500000 0.302755
vt 0.500000 0.306364
vt 0.375000 0.306364
vt 0.500000 0.302755
vt 0.625000 0.302755
vt 0.625000 0.306364
vt 0.500000 0.306364
vt 0.625000 0.302755
vt 0.750000 0.302755
vt 0.750000 0.306364
vt 0.625000 0.306364
vt 0.750000 0.302755
vt 0.875000 0.302755
vt 0.875000 0.306364
vt 0.750000 0.306364
vt 0.875000 0.302755
vt 1.000000 0.302755
vt 1.000000 0.306364
vt 0.875000 0.306364
vt 0.000000 0.306364
vt 0.125000 0.306364
vt 0.125000 0.308182
vt 0.000000 0.308182
vt 0.125000 0.306364
vt 0.250000 0.306364
vt 0.250000 0.308182
vt 0.125000 0.308182
vt 0.250000 0.306364
vt 0.375000 0.306364
vt 0.375000 0.308182
vt 0.250000 0.308182
vt 0.375000 0.306364
vt 0.500000 0.306364
vt 0.500000 0.308182
vt 0.375000 0.308182
vt 0.500000 0.306364
vt 0.625000 0.306364
vt 0.625000 0.308182
vt 0.500000 0.308182
vt 0.625000 0.306364
vt 0.750000 0.306364
vt 0.750000 0.308182
vt 0.625000 0.308182
vt 0.750000 0.306364
vt 0.875000 0.306364
vt 0.875000 0.308182
vt 0.750000 0.308182
vt 0.875000 0.306364
vt 1.000000 0.306364
vt 1.000000 0.308182
vt 0.875000 0.308182
vt 0.000000 0.308182
vt 0.125000 0.308182
vt 0.125000 0.311927
vt 0.000000 0.311927
vt 0.125000 0.308182
vt 0.250000 0.308182
vt 0.250000 0.311927
vt 0.125000 0.311927
vt 0.250000 0.308182
vt 0.375000 0.308182
vt 0.375000 0.311927
vt 0.250000 0.311927
vt 0.375000 0.308182
vt 0.500000 0.308182
vt 0.500000 0.311927
vt 0.375000 0.311927
vt 0.500000 0.308182
vt 0.625000 0.308182
vt 0.625000 0.311927
vt 0.500000 0.311927
vt 0.625000 0.308182
vt 0.750000 0.308182
vt 0.750000 0.311927
vt 0.625000 0.311927
vt 0.750000 0.308182
vt 0.875000 0.308182
vt 0.875000 0.311927
vt 0.750000 0.311927
vt 0.875000 0.308182
vt 1.000000 0.308182
vt 1.000000 0.311927
vt 0.875000 0.311927
vt 0.000000 0.311927
vt 0.125000 0.311927
vt 0.125000 0.321100
vt 0.000000 0.321100
vt 0.125000 0.311927
vt 0.250000 0.311927
vt 0.250000 0.321100
vt 0.125000 0.321100
vt 0.250000 0.311927
vt 0.375000 0.311927
vt 0.375000 0.321100
vt 0.250000 0.321100
vt 0.375000 0.311927
vt 0.500000 0.311927
vt 0.500000 0.321100
vt 0.375000 0.321100
vt 0.500000 0.311927
vt 0.625000 0.311927
vt 0.625000 0.321100
vt 0.500000 0.321100
vt 0.625000 0.311927
vt 0.750000 0.311927
vt 0.750000 0.321100
vt 0.625000 0.321100
vt 0.750000 0.311927
vt 0.875000 0.311927
vt 0.875000 0.321100
vt 0.750000 0.321100
vt 0.875000 0.311927
vt 1.000000 0.311927
vt 1.000000 0.321100
vt 0.875000 0.321100
vt 0.000000 0.321100
vt 0.125000 0.321100
vt 0.125000 0.330277
vt 0.000000 0.330277
vt 0.125000 0.321100
vt 0.250000 0.321100
vt 0.250000 0.330277
vt 0.125000 0.330277
vt 0.250000 0.321100
vt 0.375000 0.321100
vt 0.375000 0.330277
vt 0.250000 0.330277
vt 0.375000 0.321100
vt 0.500000 0.321100
vt 0.500000 0.330277
vt 0.375000 0.330277
vt 0.500000 0.321100
vt 0.625000 0.321100
vt 0.625000 0.330277
vt 0.500000 0.330277
vt 0.625000 0.321100
vt 0.750000 0.321100
vt 0.750000 0.330277
vt 0.625000 0.330277
vt 0.750000 0.321100
vt 0.875000 0.321100
vt 0.875000 0.330277
vt 0.750000 0.330277
vt 0.875000 0.321100
vt 1.000000 0.321100
vt 1.000000 0.330277
vt 0.875000 0.330277
vt 0.000000 0.330277
vt 0.125000 0.330277
vt 0.125000 0.339450
vt 0.000000 0.339450
vt 0.125000 0.330277
vt 0.250000 0.330277
vt 0.250000 0.339450
vt 0.125000 0.339450
vt 0.250000 0.330277
vt 0.375000 0.330277
vt 0.375000 0.339450
vt 0.250000 0.339450
vt 0.375000 0.330277
vt 0.500000 0.330277
vt 0.500000 0.339450
vt 0.375000 0.339450
vt 0.500000 0.330277
vt 0.625000 0.330277
vt 0.625000 0.339450
vt 0.500000 0.339450
vt 0.625000 0.330277
vt 0.750000 0.330277
vt 0.750000 0.339450
vt 0.625000 0.339450
vt 0.750000 0.330277
vt 0.875000 0.330277
vt 0.875000 0.339450
vt 0.750000 0.339450
vt 0.875000 0.330277
vt 1.000000 0.330277
vt 1.000000 0.339450
vt 0.875000 0.339450
vt 0.000000 0.339450
vt 0.125000 0.339450
vt 0.125000 0.348623
vt 0.000000 0.348623
vt 0.125000 0.339450
vt 0.250000 0.339450
vt 0.250000 0.348623
vt 0.125000 0.348623
vt 0.250000 0.339450
vt 0.375000 0.339450
vt 0.375000 0.348623
vt 0.250000 0.348623
vt 0.375000 0.339450
vt 0.500000 0.339450
vt 0.500000 0.348623
vt 0.375000 0.348623
vt 0.500000 0.339450
vt 0.625000 0.339450
vt 0.625000 0.348623
vt 0.500000 0.348623
vt 0.625000 0.339450
vt 0.750000 0.339450
vt 0.750000 0.348623
vt 0.625000 0.348623
vt 0.750000 0.339450
vt 0.875000 0.339450
vt 0.875000 0.348623
vt 0.750000 0.348623
vt 0.875000 0.339450
vt 1.000000 0.339450
vt 1.000000 0.348623
vt 0.875000 0.348623
vt 0.000000 0.348623
vt 0.125000 0.348623
vt 0.125000 0.357800
vt 0.000000 0.357800
vt 0.125000 0.348623
vt 0.250000 0.348623
vt 0.250000 0.357800
vt 0.125000 0.357800
vt 0.250000 0.348623
vt 0.375000 0.348623
vt 0.375000 0.357800
vt 0.250000 0.357800
vt 0.375000 0.348623
vt 0.500000 0.348623
vt 0.500000 0.357800
vt 0.375000 0.357800
vt 0.500000 0.348623
vt 0.625000 0.348623
vt 0.625000 0.357800
vt 0.500000 0.357800
vt 0.625000 0.348623
vt 0.750000 0.348623
vt 0.750000 0.357800
vt 0.625000 0.357800
vt 0.750000 0.348623
vt 0.875000 0.348623
vt 0.875000 0.357800
vt 0.750000 0.357800
vt 0.875000 0.348623
vt 1.000000 0.348623
vt 1.000000 0.357800
vt 0.875000 0.357800
vt 0.000000 0.357800
vt 0.125000 0.357800
vt 0.125000 0.358182
vt 0.000000 0.358182
vt 0.125000 0.357800
vt 0.250000 0.357800
vt 0.250000 0.358182
vt 0.125000 0.358182
vt 0.250000 0.357800
vt 0.375000 0.357800
vt 0.375000 0.358182
vt 0.250000 0.358182
vt 0.375000 0.357800
vt 0.500000 0.357800
vt 0.500000 0.358182
vt 0.375000 0.358182
vt 0.500000 0.357800
vt 0.625000 0.357800
vt 0.625000 0.358182
vt 0.500000 0.358182
vt 0.625000 0.357800
vt 0.750000 0.357800
vt 0.750000 0.358182
vt 0.625000 0.358182
vt 0.750000 0.357800
vt 0.875000 0.357800
vt 0.875000 0.358182
vt 0.750000 0.358182
vt 0.875000 0.357800
vt 1.000000 0.357800
vt 1.000000 0.358182
vt 0.875000 0.358182
vt 0.000000 0.358182
vt 0.125000 0.358182
vt 0.125000 0.360000
vt 0.000000 0.360000
vt 0.125000 0.358182
vt 0.250000 0.358182
vt 0.250000 0.360000
vt 0.125000 0.360000
vt 0.250000 0.358182
vt 0.375000 0.358182
vt 0.375000 0.360000
vt 0.250000 0.360000
vt 0.375000 0.358182
vt 0.500000 0.358182
vt 0.500000 0.360000
vt 0.375000 0.360000
vt 0.500000 0.358182
vt 0.625000 0.358182
vt 0.625000 0.360000
vt 0.500000 0.360000
vt 0.625000 0.358182
vt 0.750000 0.358182
vt 0.750000 0.360000
vt 0.625000 0.360000
vt 0.750000 0.358182
vt 0.875000 0.358182
vt 0.875000 0.360000
vt 0.750000 0.360000
vt 0.875000 0.358182
vt 1.000000 0.358182
vt 1.000000 0.360000
vt 0.875000 0.360000
vt 0.000000 0.360000
vt 0.125000 0.360000
vt 0.125000 0.366973
vt 0.000000 0.366973
vt 0.125000 0.360000
vt 0.250000 0.360000
vt 0.250000 0.366973
vt 0.125000 0.366973
vt 0.250000 0.360000
vt 0.375000 0.360000
vt 0.375000 0.366973
vt 0.250000 0.366973
vt 0.375000 0.360000
vt 0.500000 0.360000
vt 0.500000 0.366973
vt 0.375000 0.366973
vt 0.500000 0.360000
vt 0.625000 0.360000
vt 0.625000 0.366973
vt 0.500000 0.366973
vt 0.625000 0.360000
vt 0.750000 0.360000
vt 0.750000 0.366973
vt 0.625000 0.366973
vt 0.750000 0.360000
vt 0.875000 0.360000
vt 0.875000 0.366973
vt 0.750000 0.366973
vt 0.875000 0.360000
vt 1.000000 0.360000
vt 1.000000 0.366973
vt 0.875000 0.366973
vt 0.000000 0.366973
vt 0.125000 0.366973
vt 0.125000 0.376145
vt 0.000000 0.376145
vt 0.125000 0.366973
vt 0.250000 0.366973
vt 0.250000 0.376145
vt 0.125000 0.376145
vt 0.250000 0.366973
vt 0.375000 0.366973
vt 0.375000 0.376145
vt 0.250000 0.376145
vt 0.375000 0.366973
vt 0.500000 0.366973
vt 0.500000 0.376145
vt 0.375000 0.376145
vt 0.500000 0.366973
vt 0.625000 0.366973
vt 0.625000 0.376145
vt 0.500000 0.376145
vt 0.625000 0.366973
vt 0.750000 0.366973
vt 0.750000 0.376145
vt 0.625000 0.376145
vt 0.750000 0.366973
vt 0.875000 0.366973
vt 0.875000 0.376145
vt 0.750000 0.376145
vt 0.875000 0.366973
vt 1.000000 0.366973
vt 1.000000 0.376145
vt 0.875000 0.376145
vt 0.000000 0.376145
vt 0.125000 0.376145
vt 0.125000 0.385323
vt 0.000000 0.385323
vt 0.125000 0.376145
vt 0.250000 0.376145
vt 0.250000 0.385323
vt 0.125000 0.385323
vt 0.250000 0.376145
vt 0.375000 0.376145
vt 0.375000 0.385323
vt 0.250000 0.385323
vt 0.375000 0.376145
vt 0.500000 0.376145
vt 0.500000 0.385323
vt 0.375000 0.385323
vt 0.500000 0.376145
vt 0.625000 0.376145
vt 0.625000 0.385323
vt 0.500000 0.385323
vt 0.625000 0.376145
vt 0.750000 0.376145
vt 0.750000 0.385323
vt 0.625000 0.385323
vt 0.750000 0.376145
vt 0.875000 0.376145
vt 0.875000 0.385323
vt 0.750000 0.385323
vt 0.875000 0.376145
vt 1.000000 0.376145
vt 1.000000 0.385323
vt 0.875000 0.385323
vt 0.000000 0.385323
vt 0.125000 0.385323
vt 0.125000 0.394495
vt 0.000000 0.394495
vt 0.125000 0.385323
vt 0.250000 0.385323
vt 0.250000 0.394495
vt 0.125000 0.394495
vt 0.250000 0.385323
vt 0.375000 0.385323
vt 0.375000 0.394495
vt 0.250000 0.394495
vt 0.375000 0.385323
vt 0.500000 0.385323
vt 0.500000 0.394495
vt 0.375000 0.394495
vt 0.500000 0.385323
vt 0.625000 0.385323
vt 0.625000 0.394495
vt 0.500000 0.394495
vt 0.625000 0.385323
vt 0.750000 0.385323
vt 0.750000 0.394495
vt 0.625000 0.394495
vt 0.750000 0.385323
vt 0.875000 0.385323
vt 0.875000 0.394495
vt 0.750000 0.394495
vt 0.875000 0.385323
vt 1.000000 0.385323
vt 1.000000 0.394495
vt 0.875000 0.394495
vt 0.000000 0.394495
vt 0.125000 0.394495
vt 0.125000 0.403668
vt 0.000000 0.403668
vt 0.125000 0.394495
vt 0.250000 0.394495
vt 0.250000 0.403668
vt 0.125000 0.403668
vt 0.250000 0.394495
vt 0.375000 0.394495
vt 0.375000 0.403668
vt 0.250000 0.403668
vt 0.375000 0.394495
vt 0.500000 0.394495
vt 0.500000 0.403668
vt 0.375000 0.403668
vt 0.500000 0.394495
vt 0.625000 0.394495
vt 0.625000 0.403668
vt 0.500000 0.403668
vt 0.625000 0.394495
vt 0.750000 0.394495
vt 0.750000 0.403668
vt 0.625000 0.403668
vt 0.750000 0.394495
vt 0.875000 0.394495
vt 0.875000 0.403668
vt 0.750000 0.403668
vt 0.875000 0.394495
vt 1.000000 0.394495
vt 1.000000 0.403668
vt 0.875000 0.403668
vt 0.000000 0.403668
vt 0.125000 0.403668
vt 0.125000 0.412845
vt 0.000000 0.412845
vt 0.125000 0.403668
vt 0.250000 0.403668
vt 0.250000 0.412845
vt 0.125000 0.412845
vt 0.250000 0.403668
vt 0.375000 0.403668
vt 0.375000 0.412845
vt 0.250000 0.412845
vt 0.375000 0.403668
vt 0.500000 0.403668
vt 0.500000 0.412845
vt 0.375000 0.412845
vt 0.500000 0.403668
vt 0.625000 0.403668
vt 0.625000 0.412845
vt 0.500000 0.412845
vt 0.625000 0.403668
vt 0.750000 0.403668
vt 0.750000 0.412845
vt 0.625000 0.412845
vt 0.750000 0.403668
vt 0.875000 0.403668
vt 0.875000 0.412845
vt 0.750000 0.412845
vt 0.875000 0.403668
vt 1.000000 0.403668
vt 1.000000 0.412845
vt 0.875000 0.412845
vt 0.000000 0.412845
vt 0.125000 0.412845
vt 0.125000 0.422018
vt 0.000000 0.422018
vt 0.125000 0.412845
vt 0.250000 0.412845
vt 0.250000 0.422018
vt 0.125000 0.422018
vt 0.250000 0.412845
vt 0.375000 0.412845
vt 0.375000 0.422018
vt 0.250000 0.422018
vt 0.375000 0.412845
vt 0.500000 0.412845
vt 0.500000 0.422018
vt 0.375000 0.422018
vt 0.500000 0.412845
vt 0.625000 0.412845
vt 0.625000 0.422018
vt 0.500000 0.422018
vt 0.625000 0.412845
vt 0.750000 0.412845
vt 0.750000 0.422018
vt 0.625000 0.422018
vt 0.750000 0.412845
vt 0.875000 0.412845
vt 0.875000 0.422018
vt 0.750000 0.422018
vt 0.875000 0.412845
vt 1.000000 0.412845
vt 1.000000 0.422018
vt 0.875000 0.422018
vt 0.000000 0.422018
vt 0.125000 0.422018
vt 0.125000 0.431191
vt 0.000000 0.431191
vt 0.125000 0.422018
vt 0.250000 0.422018
vt 0.250000 0.431191
vt 0.125000 0.431191
vt 0.250000 0.422018
vt 0.375000 0.422018
vt 0.375000 0.431191
vt 0.250000 0.431191
vt 0.375000 0.422018
vt 0.500000 0.422018
vt 0.500000 0.431191
vt 0.375000 0.431191
vt 0.500000 0.422018
vt 0.625000 0.422018
vt 0.625000 0.431191
vt 0.500000 0.431191
vt 0.625000 0.422018
vt 0.750000 0.422018
vt 0.750000 0.431191
vt 0.625000 0.431191
vt 0.750000 0.422018
vt 0.875000 0.422018
vt 0.875000 0.431191
vt 0.750000 0.431191
vt 0.875000 0.422018
vt 1.000000 0.422018
vt 1.000000 0.431191
vt 0.875000 0.431191
vt 0.000000 0.431191
vt 0.125000 0.431191
vt 0.125000 0.440368
vt 0.000000 0.440368
vt 0.125000 0.431191
vt 0.250000 0.431191
vt 0.250000 0.440368
vt 0.125000 0.440368
vt 0.250000 0.431191
vt 0.375000 0.431191
vt 0.375000 0.440368
vt 0.250000 0.440368
vt 0.375000 0.431191
vt 0.500000 0.431191
vt 0.500000 0.440368
vt 0.375000 0.440368
vt 0.500000 0.431191
vt 0.625000 0.431191
vt 0.625000 0.440368
vt 0.500000 0.440368
vt 0.625000 0.431191
vt 0.750000 0.431191
vt 0.750000 0.440368
vt 0.625000 0.440368
vt 0.750000 0.431191
vt 0.875000 0.431191
vt 0.875000 0.440368
vt 0.750000 0.440368
vt 0.875000 0.431191
vt 1.000000 0.431191
vt 1.000000 0.440368
vt 0.875000 0.440368
vt 0.000000 0.440368
vt 0.125000 0.440368
vt 0.125000 0.449541
vt 0.000000 0.449541
vt 0.125000 0.440368
vt 0.250000 0.440368
vt 0.250000 0.449541
vt 0.125000 0.449541
vt 0.250000 0.440368
vt 0.375000 0.440368
vt 0.375000 0.449541
vt 0.250000 0.449541
vt 0.375000 0.440368
vt 0.500000 0.440368
vt 0.500000 0.449541
vt 0.375000 0.449541
vt 0.500000 0.440368
vt 0.625000 0.440368
vt 0.625000 0.449541
vt 0.500000 0.449541
vt 0.625000 0.440368
vt 0.750000 0.440368
vt 0.750000 0.449541
vt 0.625000 0.449541
vt 0.750000 0.440368
vt 0.875000 0.440368
vt 0.875000 0.449541
vt 0.750000 0.449541
vt 0.875000 0.440368
vt 1.000000 0.440368
vt 1.000000 0.449541
vt 0.875000 0.449541
vt 0.000000 0.449541
vt 0.125000 0.449541
vt 0.125000 0.458714
vt 0.000000 0.458714
vt 0.125000 0.449541
vt 0.250000 0.449541
vt 0.250000 0.458714
vt 0.125000 0.458714
vt 0.250000 0.449541
vt 0.375000 0.449541
vt 0.375000 0.458714
vt 0.250000 0.458714
vt 0.375000 0.449541
vt 0.500000 0.449541
vt 0.500000 0.458714
vt 0.375000 0.458714
vt 0.500000 0.449541
vt 0.625000 0.449541
vt 0.625000 0.458714
vt 0.500000 0.458714
vt 0.625000 0.449541
vt 0.750000 0.449541
vt 0.750000 0.458714
vt 0.625000 0.458714
vt 0.750000 0.449541
vt 0.875000 0.449541
vt 0.875000 0.458714
vt 0.750000 0.458714
vt 0.875000 0.449541
vt 1.000000 0.449541
vt 1.000000 0.458714
vt 0.875000 0.458714
vt 0.000000 0.458714
vt 0.125000 0.458714
vt 0.125000 0.467891
vt 0.000000 0.467891
vt 0.125000 0.458714
vt 0.250000 0.458714
vt 0.250000 0.467891
vt 0.125000 0.467891
vt 0.250000 0.458714
vt 0.375000 0.458714
vt 0.375000 0.467891
vt 0.250000 0.467891
vt 0.375000 0.458714
vt 0.500000 0.458714
vt 0.500000 0.467891
vt 0.375000 0.467891
vt 0.500000 0.458714
vt 0.625000 0.458714
vt 0.625000 0.467891
vt 0.500000 0.467891
vt 0.625000 0.458714
vt 0.750000 0.458714
vt 0.750000 0.467891
vt 0.625000 0.467891
vt 0.750000 0.458714
vt 0.875000 0.458714
vt 0.875000 0.467891
vt 0.750000 0.467891
vt 0.875000 0.458714
vt 1.000000 0.458714
vt 1.000000 0.467891
vt 0.875000 0.467891
vt 0.000000 0.467891
vt 0.125000 0.467891
vt 0.125000 0.477064
vt 0.000000 0.477064
vt 0.125000 0.467891
vt 0.250000 0.467891
vt 0.250000 0.477064
vt 0.125000 0.477064
vt 0.250000 0.467891
vt 0.375000 0.467891
vt 0.375000 0.477064
vt 0.250000 0.477064
vt 0.375000 0.467891
vt 0.500000 0.467891
vt 0.500000 0.477064
vt 0.375000 0.477064
vt 0.500000 0.467891
vt 0.625000 0.467891
vt 0.625000 0.477064
vt 0.500000 0.477064
vt 0.625000 0.467891
vt 0.750000 0.467891
vt 0.750000 0.477064
vt 0.625000 0.477064
vt 0.750000 0.467891
vt 0.875000 0.467891
vt 0.875000 0.477064
vt 0.750000 0.477064
vt 0.875000 0.467891
vt 1.000000 0.467891
vt 1.000000 0.477064
vt 0.875000 0.477064
vt 0.000000 0.477064
vt 0.125000 0.477064
vt 0.125000 0.486236
vt 0.000000 0.486236
vt 0.125000 0.477064
vt 0.250000 0.477064
vt 0.250000 0.486236
vt 0.125000 0.486236
vt 0.250000 0.477064
vt 0.375000 0.477064
vt 0.375000 0.486236
vt 0.250000 0.486236
vt 0.375000 0.477064
vt 0.500000 0.477064
vt 0.500000 0.486236
vt 0.375000 0.486236
vt 0.500000 0.477064
vt 0.625000 0.477064
vt 0.625000 0.486236
vt 0.500000 0.486236
vt 0.625000 0.477064
vt 0.750000 0.477064
vt 0.750000 0.486236
vt 0.625000 0.486236
vt 0.750000 0.477064
vt 0.875000 0.477064
vt 0.875000 0.486236
vt 0.750000 0.486236
vt 0.875000 0.477064
vt 1.000000 0.477064
vt 1.000000 0.486236
vt 0.875000 0.486236
vt 0.000000 0.486236
vt 0.125000 0.486236
vt 0.125000 0.495414
vt 0.000000 0.495414
vt 0.125000 0.486236
vt 0.250000 0.486236
vt 0.250000 0.495414
vt 0.125000 0.495414
vt 0.250000 0.486236
vt 0.375000 0.486236
vt 0.375000 0.495414
vt 0.250000 0.495414
vt 0.375000 0.486236
vt 0.500000 0.486236
vt 0.500000 0.495414
vt 0.375000 0.495414
vt 0.500000 0.486236
vt 0.625000 0.486236
vt 0.625000 0.495414
vt 0.500000 0.495414
vt 0.625000 0.486236
vt 0.750000 0.486236
vt 0.750000 0.495414
vt 0.625000 0.495414
vt 0.750000 0.486236
vt 0.875000 0.486236
vt 0.875000 0.495414
vt 0.750000 0.495414
vt 0.875000 0.486236
vt 1.000000 0.486236
vt 1.000000 0.495414
vt 0.875000 0.495414
vt 0.000000 0.495414
vt 0.125000 0.495414
vt 0.125000 0.504586
vt 0.000000 0.504586
vt 0.125000 0.495414
vt 0.250000 0.495414
vt 0.250000 0.504586
vt 0.125000 0.504586
vt 0.250000 0.495414
vt 0.375000 0.495414
vt 0.375000 0.504586
vt 0.250000 0.504586
vt 0.375000 0.495414
vt 0.500000 0.495414
vt 0.500000 0.504586
vt 0.375000 0.504586
vt 0.500000 0.495414
vt 0.625000 0.495414
vt 0.625000 0.504586
vt 0.500000 0.504586
vt 0.625000 0.495414
vt 0.750000 0.495414
vt 0.750000 0.504586
vt 0.625000 0.504586
vt 0.750000 0.495414
vt 0.875000 0.495414
vt 0.875000 0.504586
vt 0.750000 0.504586
vt 0.875000 0.495414
vt 1.000000 0.495414
vt 1.000000 0.504586
vt 0.875000 0.504586
vt 0.000000 0.504586
vt 0.125000 0.504586
vt 0.125000 0.513764
vt 0.000000 0.513764
vt 0.125000 0.504586
vt 0.250000 0.504586
vt 0.250000 0.513764
vt 0.125000 0.513764
vt 0.250000 0.504586
vt 0.375000 0.504586
vt 0.375000 0.513764
vt 0.250000 0.513764
vt 0.375000 0.504586
vt 0.500000 0.504586
vt 0.500000 0.513764
vt 0.375000 0.513764
vt 0.500000 0.504586
vt 0.625000 0.504586
vt 0.625000 0.513764
vt 0.500000 0.513764
vt 0.625000 0.504586
vt 0.750000 0.504586
vt 0.750000 0.513764
vt 0.625000 0.513764
vt 0.750000 0.504586
vt 0.875000 0.504586
vt 0.875000 0.513764
vt 0.750000 0.513764
vt 0.875000 0.504586
vt 1.000000 0.504586
vt 1.000000 0.513764
vt 0.875000 0.513764
vt 0.000000 0.513764
vt 0.125000 0.513764
vt 0.125000 0.522936
vt 0.000000 0.522936
vt 0.125000 0.513764
vt 0.250000 0.513764
vt 0.250000 0.522936
vt 0.125000 0.522936
vt 0.250000 0.513764
vt 0.375000 0.513764
vt 0.375000 0.522936
vt 0.250000 0.522936
vt 0.375000 0.513764
vt 0.500000 0.513764
vt 0.500000 0.522936
vt 0.375000 0.522936
vt 0.500000 0.513764
vt 0.625000 0.513764
vt 0.625000 0.522936
vt 0.500000 0.522936
vt 0.625000 0.513764
vt 0.750000 0.513764
vt 0.750000 0.522936
vt 0.625000 0.522936
vt 0.750000 0.513764
vt 0.875000 0.513764
vt 0.875000 0.522936
vt 0.750000 0.522936
vt 0.875000 0.513764
vt 1.000000 0.513764
vt 1.000000 0.522936
vt 0.875000 0.522936
vt 0.000000 0.522936
vt 0.125000 0.522936
vt 0.125000 0.532109
vt 0.000000 0.532109
vt 0.125000 0.522936
vt 0.250000 0.522936
vt 0.250000 0.532109
vt 0.125000 0.532109
vt 0.250000 0.522936
vt 0.375000 0.522936
vt 0.375000 0.532109
vt 0.250000 0.532109
vt 0.375000 0.522936
vt 0.500000 0.522936
vt 0.500000 0.532109
vt 0.375000 0.532109
vt 0.500000 0.522936
vt 0.625000 0.522936
vt 0.625000 0.532109
vt 0.500000 0.532109
vt 0.625000 0.522936
vt 0.750000 0.522936
vt 0.750000 0.532109
vt 0.625000 0.532109
vt 0.750000 0.522936
vt 0.875000 0.522936
vt 0.875000 0.532109
vt 0.750000 0.532109
vt 0.875000 0.522936
vt 1.000000 0.522936
vt 1.000000 0.532109
vt 0.875000 0.532109
vt 0.000000 0.532109
vt 0.125000 0.532109
vt 0.125000 0.541286
vt 0.000000 0.541286
vt 0.125000 0.532109
vt 0.250000 0.532109
vt 0.250000 0.541286
vt 0.125000 0.541286
vt 0.250000 0.532109
vt 0.375000 0.532109
vt 0.375000 0.541286
vt 0.250000 0.541286
vt 0.375000 0.532109
vt 0.500000 0.532109
vt 0.500000 0.541286
vt 0.375000 0.541286
vt 0.500000 0.532109
vt 0.625000 0.532109
vt 0.625000 0.541286
vt 0.500000 0.541286
vt 0.625000 0.532109
vt 0.750000 0.532109
vt 0.750000 0.541286
vt 0.625000 0.541286
vt 0.750000 0.532109
vt 0.875000 0.532109
vt 0.875000 0.541286
vt 0.750000 0.541286
vt 0.875000 0.532109
vt 1.000000 0.532109
vt 1.000000 0.541286
vt 0.875000 0.541286
vt 0.000000 0.541286
vt 0.125000 0.541286
vt 0.125000 0.550459
vt 0.000000 0.550459
vt 0.125000 0.541286
vt 0.250000 0.541286
vt 0.250000 0.550459
vt 0.125000 0.550459
vt 0.250000 0.541286
vt 0.375000 0.541286
vt 0.375000 0.550459
vt 0.250000 0.550459
vt 0.375000 0.541286
vt 0.500000 0.541286
vt 0.500000 0.550459
vt 0.375000 0.550459
vt 0.500000 0.541286
vt 0.625000 0.541286
vt 0.625000 0.550459
vt 0.500000 0.550459
vt 0.625000 0.541286
vt 0.750000 0.541286
vt 0.750000 0.550459
vt 0.625000 0.550459
vt 0.750000 0.541286
vt 0.875000 0.541286
vt 0.875000 0.550459
vt 0.750000 0.550459
vt 0.875000 0.541286
vt 1.000000 0.541286
vt 1.000000 0.550459
vt 0.875000 0.550459
vt 0.000000 0.550459
vt 0.125000 0.550459
vt 0.125000 0.559632
vt 0.000000 0.559632
vt 0.125000 0.550459
vt 0.250000 0.550459
vt 0.250000 0.559632
vt 0.125000 0.559632
vt 0.250000 0.550459
vt 0.375000 0.550459
vt 0.375000 0.559632
vt 0.250000 0.559632
vt 0.375000 0.550459
vt 0.500000 0.550459
vt 0.500000 0.559632
vt 0.375000 0.559632
vt 0.500000 0.550459
vt 0.625000 0.550459
vt 0.625000 0.559632
vt 0.500000 0.559632
vt 0.625000 0.550459
vt 0.750000 0.550459
vt 0.750000 0.559632
vt 0.625000 0.559632
vt 0.750000 0.550459
vt 0.875000 0.550459
vt 0.875000 0.559632
vt 0.750000 0.559632
vt 0.875000 0.550459
vt 1.000000 0.550459
vt 1.000000 0.559632
vt 0.875000 0.559632
vt 0.000000 0.559632
vt 0.125000 0.559632
vt 0.125000 0.568809
vt 0.000000 0.568809
vt 0.125000 0.559632
vt 0.250000 0.559632
vt 0.250000 0.568809
vt 0.125000 0.568809
vt 0.250000 0.559632
vt 0.375000 0.559632
vt 0.375000 0.568809
vt 0.250000 0.568809
vt 0.375000 0.559632
vt 0.500000 0.559632
vt 0.500000 0.568809
vt 0.375000 0.568809
vt 0.500000 0.559632
vt 0.625000 0.559632
vt 0.625000 0.568809
vt 0.500000 0.568809
vt 0.625000 0.559632
vt 0.750000 0.559632
vt 0.750000 0.568809
vt 0.625000 0.568809
vt 0.750000 0.559632
vt 0.875000 0.559632
vt 0.875000 0.568809
vt 0.750000 0.568809
vt 0.875000 0.559632
vt 1.000000 0.559632
vt 1.000000 0.568809
vt 0.875000 0.568809
vt 0.000000 0.568809
vt 0.125000 0.568809
vt 0.125000 0.577982
vt 0.000000 0.577982
vt 0.125000 0.568809
vt 0.250000 0.568809
vt 0.250000 0.577982
vt 0.125000 0.577982
vt 0.250000 0.568809
vt 0.375000 0.568809
vt 0.375000 0.577982
vt 0.250000 0.577982
vt 0.375000 0.568809
vt 0.500000 0.568809
vt 0.500000 0.577982
vt 0.375000 0.577982
vt 0.500000 0.568809
vt 0.625000 0.568809
vt 0.625000 0.577982
vt 0.500000 0.577982
vt 0.625000 0.568809
vt 0.750000 0.568809
vt 0.750000 0.577982
vt 0.625000 0.577982
vt 0.750000 0.568809
vt 0.875000 0.568809
vt 0.875000 0.577982
vt 0.750000 0.577982
vt 0.875000 0.568809
vt 1.000000 0.568809
vt 1.000000 0.577982
vt 0.875000 0.577982
vt 0.000000 0.577982
vt 0.125000 0.577982
vt 0.125000 0.587155
vt 0.000000 0.587155
vt 0.125000 0.577982
vt 0.250000 0.577982
vt 0.250000 0.587155
vt 0.125000 0.587155
vt 0.250000 0.577982
vt 0.375000 0.577982
vt 0.375000 0.587155
vt 0.250000 0.587155
vt 0.375000 0.577982
vt 0.500000 0.577982
vt 0.500000 0.587155
vt 0.375000 0.587155
vt 0.500000 0.577982
vt 0.625000 0.577982
vt 0.625000 0.587155
vt 0.500000 0.587155
vt 0.625000 0.577982
vt 0.750000 0.577982
vt 0.750000 0.587155
vt 0.625000 0.587155
vt 0.750000 0.577982
vt 0.875000 0.577982
vt 0.875000 0.587155
vt 0.750000 0.587155
vt 0.875000 0.577982
vt 1.000000 0.577982
vt 1.000000 0.587155
vt 0.875000 0.587155
vt 0.000000 0.587155
vt 0.125000 0.587155
vt 0.125000 0.596332
vt 0.000000 0.596332
vt 0.125000 0.587155
vt 0.250000 0.587155
vt 0.250000 0.596332
vt 0.125000 0.596332
vt 0.250000 0.587155
vt 0.375000 0.587155
vt 0.375000 0.596332
vt 0.250000 0.596332
vt 0.375000 0.587155
vt 0.500000 0.587155
vt 0.500000 0.596332
vt 0.375000 0.596332
vt 0.500000 0.587155
vt 0.625000 0.587155
vt 0.625000 0.596332
vt 0.500000 0.596332
vt 0.625000 0.587155
vt 0.750000 0.587155
vt 0.750000 0.596332
vt 0.625000 0.596332
vt 0.750000 0.587155
vt 0.875000 0.587155
vt 0.875000 0.596332
vt 0.750000 0.596332
vt 0.875000 0.587155
vt 1.000000 0.587155
vt 1.000000 0.596332
vt 0.875000 0.596332
vt 0.000000 0.596332
vt 0.125000 0.596332
vt 0.125000 0.605505
vt 0.000000 0.605505
vt 0.125000 0.596332
vt 0.250000 0.596332
vt 0.250000 0.605505
vt 0.125000 0.605505
vt 0.250000 0.596332
vt 0.375000 0.596332
vt 0.375000 0.605505
vt 0.250000 0.605505
vt 0.375000 0.596332
vt 0.500000 0.596332
vt 0.500000 0.605505
vt 0.375000 0.605505
vt 0.500000 0.596332
vt 0.625000 0.596332
vt 0.625000 0.605505
vt 0.500000 0.605505
vt 0.625000 0.596332
vt 0.750000 0.596332
vt 0.750000 0.605505
vt 0.625000 0.605505
vt 0.750000 0.596332
vt 0.875000 0.596332
vt 0.875000 0.605505
vt 0.750000 0.605505
vt 0.875000 0.596332
vt 1.000000 0.596332
vt 1.000000 0.605505
vt 0.875000 0.605505
vt 0.000000 0.605505
vt 0.125000 0.605505
vt 0.125000 0.614677
vt 0.000000 0.614677
vt 0.125000 0.605505
vt 0.250000 0.605505
vt 0.250000 0.614677
vt 0.125000 0.614677
vt 0.250000 0.605505
vt 0.375000 0.605505
vt 0.375000 0.614677
vt 0.250000 0.614677
vt 0.375000 0.605505
vt 0.500000 0.605505
vt 0.500000 0.614677
vt 0.375000 0.614677
vt 0.500000 0.605505
vt 0.625000 0.605505
vt 0.625000 0.614677
vt 0.500000 0.614677
vt 0.625000 0.605505
vt 0.750000 0.605505
vt 0.750000 0.614677
vt 0.625000 0.614677
vt 0.750000 0.605505
vt 0.875000 0.605505
vt 0.875000 0.614677
vt 0.750000 0.614677
vt 0.875000 0.605505
vt 1.000000 0.605505
vt 1.000000 0.614677
vt 0.875000 0.614677
vt 0.000000 0.614677
vt 0.125000 0.614677
vt 0.125000 0.623855
vt 0.000000 0.623855
vt 0.125000 0.614677
vt 0.250000 0.614677
vt 0.250000 0.623855
vt 0.125000 0.623855
vt 0.250000 0.614677
vt 0.375000 0.614677
vt 0.375000 0.623855
vt 0.250000 0.623855
vt 0.375000 0.614677
vt 0.500000 0.614677
vt 0.500000 0.623855
vt 0.375000 0.623855
vt 0.500000 0.614677
vt 0.625000 0.614677
vt 0.625000 0.623855
vt 0.500000 0.623855
vt 0.625000 0.614677
vt 0.750000 0.614677
vt 0.750000 0.623855
vt 0.625000 0.623855
vt 0.750000 0.614677
vt 0.875000 0.614677
vt 0.875000 0.623855
vt 0.750000 0.623855
vt 0.875000 0.614677
vt 1.000000 0.614677
vt 1.000000 0.623855
vt 0.875000 0.623855
vt 0.000000 0.623855
vt 0.125000 0.623855
vt 0.125000 0.633027
vt 0.000000 0.633027
vt 0.125000 0.623855
vt 0.250000 0.623855
vt 0.250000 0.633027
vt 0.125000 0.633027
vt 0.250000 0.623855
vt 0.375000 0.623855
vt 0.375000 0.633027
vt 0.250000 0.633027
vt 0.375000 0.623855
vt 0.500000 0.623855
vt 0.500000 0.633027
vt 0.375000 0.633027
vt 0.500000 0.623855
vt 0.625000 0.623855
vt 0.625000 0.633027
vt 0.500000 0.633027
vt 0.625000 0.623855
vt 0.750000 0.623855
vt 0.750000 0.633027
vt 0.625000 0.633027
vt 0.750000 0.623855
vt 0.875000 0.623855
vt 0.875000 0.633027
vt 0.750000 0.633027
vt 0.875000 0.623855
vt 1.000000 0.623855
vt 1.000000 0.633027
vt 0.875000 0.633027
vt 0.000000 0.633027
vt 0.125000 0.633027
vt 0.125000 0.642200
vt 0.000000 0.642200
vt 0.125000 0.633027
vt 0.250000 0.633027
vt 0.250000 0.642200
vt 0.125000 0.642200
vt 0.250000 0.633027
vt 0.375000 0.633027
vt 0.375000 0.642200
vt 0.250000 0.642200
vt 0.375000 0.633027
vt 0.500000 0.633027
vt 0.500000 0.642200
vt 0.375000 0.642200
vt 0.500000 0.633027
vt 0.625000 0.633027
vt 0.625000 0.642200
vt 0.500000 0.642200
vt 0.625000 0.633027
vt 0.750000 0.633027
vt 0.750000 0.642200
vt 0.625000 0.642200
vt 0.750000 0.633027
vt 0.875000 0.633027
vt 0.875000 0.642200
vt 0.750000 0.642200
vt 0.875000 0.633027
vt 1.000000 0.633027
vt 1.000000 0.642200
vt 0.875000 0.642200
vt 0.000000 0.642200
vt 0.125000 0.642200
vt 0.125000 0.651377
vt 0.000000 0.651377
vt 0.125000 0.642200
vt 0.250000 0.642200
vt 0.250000 0.651377
vt 0.125000 0.651377
vt 0.250000 0.642200
vt 0.375000 0.642200
vt 0.375000 0.651377
vt 0.250000 0.651377
vt 0.375000 0.642200
vt 0.500000 0.642200
vt 0.500000 0.651377
vt 0.375000 0.651377
vt 0.500000 0.642200
vt 0.625000 0.642200
vt 0.625000 0.651377
vt 0.500000 0.651377
vt 0.625000 0.642200
vt 0.750000 0.642200
vt 0.750000 0.651377
vt 0.625000 0.651377
vt 0.750000 0.642200
vt 0.875000 0.642200
vt 0.875000 0.651377
vt 0.750000 0.651377
vt 0.875000 0.642200
vt 1.000000 0.642200
vt 1.000000 0.651377
vt 0.875000 0.651377
vt 0.000000 0.651377
vt 0.125000 0.651377
vt 0.125000 0.660550
vt 0.000000 0.660550
vt 0.125000 0.651377
vt 0.250000 0.651377
vt 0.250000 0.660550
vt 0.125000 0.660550
vt 0.250000 0.651377
vt 0.375000 0.651377
vt 0.375000 0.660550
vt 0.250000 0.660550
vt 0.375000 0.651377
vt 0.500000 0.651377
vt 0.500000 0.660550
vt 0.375000 0.660550
vt 0.500000 0.651377
vt 0.625000 0.651377
vt 0.625000 0.660550
vt 0.500000 0.660550
vt 0.625000 0.651377
vt 0.750000 0.651377
vt 0.750000 0.660550
vt 0.625000 0.660550
vt 0.750000 0.651377
vt 0.875000 0.651377
vt 0.875000 0.660550
vt 0.750000 0.660550
vt 0.875000 0.651377
vt 1.000000 0.651377
vt 1.000000 0.660550
vt 0.875000 0.660550
vt 0.000000 0.660550
vt 0.125000 0.660550
vt 0.125000 0.669723
vt 0.000000 0.669723
vt 0.125000 0.660550
vt 0.250000 0.660550
vt 0.250000 0.669723
vt 0.125000 0.669723
vt 0.250000 0.660550
vt 0.375000 0.660550
vt 0.375000 0.669723
vt 0.250000 0.669723
vt 0.375000 0.660550
vt 0.500000 0.660550
vt 0.500000 0.669723
vt 0.375000 0.669723
vt 0.500000 0.660550
vt 0.625000 0.660550
vt 0.625000 0.669723
vt 0.500000 0.669723
vt 0.625000 0.660550
vt 0.750000 0.660550
vt 0.750000 0.669723
vt 0.625000 0.669723
vt 0.750000 0.660550
vt 0.875000 0.660550
vt 0.875000 0.669723
vt 0.750000 0.669723
vt 0.875000 0.660550
vt 1.000000 0.660550
vt 1.000000 0.669723
vt 0.875000 0.669723
vt 0.000000 0.669723
vt 0.125000 0.669723
vt 0.125000 0.678900
vt 0.000000 0.678900
vt 0.125000 0.669723
vt 0.250000 0.669723
vt 0.250000 0.678900
vt 0.125000 0.678900
vt 0.250000 0.669723
vt 0.375000 0.669723
vt 0.375000 0.678900
vt 0.250000 0.678900
vt 0.375000 0.669723
vt 0.500000 0.669723
vt 0.500000 0.678900
vt 0.375000 0.678900
vt 0.500000 0.669723
vt 0.625000 0.669723
vt 0.625000 0.678900
vt 0.500000 0.678900
vt 0.625000 0.669723
vt 0.750000 0.669723
vt 0.750000 0.678900
vt 0.625000 0.678900
vt 0.750000 0.669723
vt 0.875000 0.669723
vt 0.875000 0.678900
vt 0.750000 0.678900
vt 0.875000 0.669723
vt 1.000000 0.669723
vt 1.000000 0.678900
vt 0.875000 0.678900
vt 0.000000 0.678900
vt 0.125000 0.678900
vt 0.125000 0.688073
vt 0.000000 0.688073
vt 0.125000 0.678900
vt 0.250000 0.678900
vt 0.250000 0.688073
vt 0.125000 0.688073
vt 0.250000 0.678900
vt 0.375000 0.678900
vt 0.375000 0.688073
vt 0.250000 0.688073
vt 0.375000 0.678900
vt 0.500000 0.678900
vt 0.500000 0.688073
vt 0.375000 0.688073
vt 0.500000 0.678900
vt 0.625000 0.678900
vt 0.625000 0.688073
vt 0.500000 0.688073
vt 0.625000 0.678900
vt 0.750000 0.678900
vt 0.750000 0.688073
vt 0.625000 0.688073
vt 0.750000 0.678900
vt 0.875000 0.678900
vt 0.875000 0.688073
vt 0.750000 0.688073
vt 0.875000 0.678900
vt 1.000000 0.678900
vt 1.000000 0.688073
vt 0.875000 0.688073
vt 0.000000 0.688073
vt 0.125000 0.688073
vt 0.125000 0.697245
vt 0.000000 0.697245
vt 0.125000 0.688073
vt 0.250000 0.688073
vt 0.250000 0.697245
vt 0.125000 0.697245
vt 0.250000 0.688073
vt 0.375000 0.688073
vt 0.375000 0.697245
vt 0.250000 0.697245
vt 0.375000 0.688073
vt 0.500000 0.688073
vt 0.500000 0.697245
vt 0.375000 0.697245
vt 0.500000 0.688073
vt 0.625000 0.688073
vt 0.625000 0.697245
vt 0.500000 0.697245
vt 0.625000 0.688073
vt 0.750000 0.688073
vt 0.750000 0.697245
vt 0.625000 0.697245
vt 0.750000 0.688073
vt 0.875000 0.688073
vt 0.875000 0.697245
vt 0.750000 0.697245
vt 0.875000 0.688073
vt 1.000000 0.688073
vt 1.000000 0.697245
vt 0.875000 0.697245
vt 0.000000 0.697245
vt 0.125000 0.697245
vt 0.125000 0.706423
vt 0.000000 0.706423
vt 0.125000 0.697245
vt 0.250000 0.697245
vt 0.250000 0.706423
vt 0.125000 0.706423
vt 0.250000 0.697245
vt 0.375000 0.697245
vt 0.375000 0.706423
vt 0.250000 0.706423
vt 0.375000 0.697245
vt 0.500000 0.697245
vt 0.500000 0.706423
vt 0.375000 0.706423
vt 0.500000 0.697245
vt 0.625000 0.697245
vt 0.625000 0.706423
vt 0.500000 0.706423
vt 0.625000 0.697245
vt 0.750000 0.697245
vt 0.750000 0.706423
vt 0.625000 0.706423
vt 0.750000 0.697245
vt 0.875000 0.697245
vt 0.875000 0.706423
vt 0.750000 0.706423
vt 0.875000 0.697245
vt 1.000000 0.697245
vt 1.000000 0.706423
vt 0.875000 0.706423
vt 0.000000 0.706423
vt 0.125000 0.706423
vt 0.125000 0.715595
vt 0.000000 0.715595
vt 0.125000 0.706423
vt 0.250000 0.706423
vt 0.250000 0.715595
vt 0.125000 0.715595
vt 0.250000 0.706423
vt 0.375000 0.706423
vt 0.375000 0.715595
vt 0.250000 0.715595
vt 0.375000 0.706423
vt 0.500000 0.706423
vt 0.500000 0.715595
vt 0.375000 0.715595
vt 0.500000 0.706423
vt 0.625000 0.706423
vt 0.625000 0.715595
vt 0.500000 0.715595
vt 0.625000 0.706423
vt 0.750000 0.706423
vt 0.750000 0.715595
vt 0.625000 0.715595
vt 0.750000 0.706423
vt 0.875000 0.706423
vt 0.875000 0.715595
vt 0.750000 0.715595
vt 0.875000 0.706423
vt 1.000000 0.706423
vt 1.000000 0.715595
vt 0.875000 0.715595
vt 0.000000 0.715595
vt 0.125000 0.715595
vt 0.125000 0.724773
vt 0.000000 0.724773
vt 0.125000 0.715595
vt 0.250000 0.715595
vt 0.250000 0.724773
vt 0.125000 0.724773
vt 0.250000 0.715595
vt 0.375000 0.715595
vt 0.375000 0.724773
vt 0.250000 0.724773
vt 0.375000 0.715595
vt 0.500000 0.715595
vt 0.500000 0.724773
vt 0.375000 0.724773
vt 0.500000 0.715595
vt 0.625000 0.715595
vt 0.625000 0.724773
vt 0.500000 0.724773
vt 0.625000 0.715595
vt 0.750000 0.715595
vt 0.750000 0.724773
vt 0.625000 0.724773
vt 0.750000 0.715595
vt 0.875000 0.715595
vt 0.875000 0.724773
vt 0.750000 0.724773
vt 0.875000 0.715595
vt 1.000000 0.715595
vt 1.000000 0.724773
vt 0.875000 0.724773
vt 0.000000 0.724773
vt 0.125000 0.724773
vt 0.125000 0.733945
vt 0.000000 0.733945
vt 0.125000 0.724773
vt 0.250000 0.724773
vt 0.250000 0.733945
vt 0.125000 0.733945
vt 0.250000 0.724773
vt 0.375000 0.724773
vt 0.375000 0.733945
vt 0.250000 0.733945
vt 0.375000 0.724773
vt 0.500000 0.724773
vt 0.500000 0.733945
vt 0.375000 0.733945
vt 0.500000 0.724773
vt 0.625000 0.724773
vt 0.625000 0.733945
vt 0.500000 0.733945
vt 0.625000 0.724773
vt 0.750000 0.724773
vt 0.750000 0.733945
vt 0.625000 0.733945
vt 0.750000 0.724773
vt 0.875000 0.724773
vt 0.875000 0.733945
vt 0.750000 0.733945
vt 0.875000 0.724773
vt 1.000000 0.724773
vt 1.000000 0.733945
vt 0.875000 0.733945
vt 0.000000 0.733945
vt 0.125000 0.733945
vt 0.125000 0.743118
vt 0.000000 0.743118
vt 0.125000 0.733945
vt 0.250000 0.733945
vt 0.250000 0.743118
vt 0.125000 0.743118
vt 0.250000 0.733945
vt 0.375000 0.733945
vt 0.375000 0.743118
vt 0.250000 0.743118
vt 0.375000 0.733945
vt 0.500000 0.733945
vt 0.500000 0.743118
vt 0.375000 0.743118
vt 0.500000 0.733945
vt 0.625000 0.733945
vt 0.625000 0.743118
vt 0.500000 0.743118
vt 0.625000 0.733945
vt 0.750000 0.733945
vt 0.750000 0.743118
vt 0.625000 0.743118
vt 0.750000 0.733945
vt 0.875000 0.733945
vt 0.875000 0.743118
vt 0.750000 0.743118
vt 0.875000 0.733945
vt 1.000000 0.733945
vt 1.000000 0.743118
vt 0.875000 0.743118
vt 0.000000 0.743118
vt 0.125000 0.743118
vt 0.125000 0.752295
vt 0.000000 0.752295
vt 0.125000 0.743118
vt 0.250000 0.743118
vt 0.250000 0.752295
vt 0.125000 0.752295
vt 0.250000 0.743118
vt 0.375000 0.743118
vt 0.375000 0.752295
vt 0.250000 0.752295
vt 0.375000 0.743118
vt 0.500000 0.743118
vt 0.500000 0.752295
vt 0.375000 0.752295
vt 0.500000 0.743118
vt 0.625000 0.743118
vt 0.625000 0.752295
vt 0.500000 0.752295
vt 0.625000 0.743118
vt 0.750000 0.743118
vt 0.750000 0.752295
vt 0.625000 0.752295
vt 0.750000 0.743118
vt 0.875000 0.743118
vt 0.875000 0.752295
vt 0.750000 0.752295
vt 0.875000 0.743118
vt 1.000000 0.743118
vt 1.000000 0.752295
vt 0.875000 0.752295
vt 0.000000 0.752295
vt 0.125000 0.752295
vt 0.125000 0.761468
vt 0.000000 0.761468
vt 0.125000 0.752295
vt 0.250000 0.752295
vt 0.250000 0.761468
vt 0.125000 0.761468
vt 0.250000 0.752295
vt 0.375000 0.752295
vt 0.375000 0.761468
vt 0.250000 0.761468
vt 0.375000 0.752295
vt 0.500000 0.752295
vt 0.500000 0.761468
vt 0.375000 0.761468
vt 0.500000 0.752295
vt 0.625000 0.752295
vt 0.625000 0.761468
vt 0.500000 0.761468
vt 0.625000 0.752295
vt 0.750000 0.752295
vt 0.750000 0.761468
vt 0.625000 0.761468
vt 0.750000 0.752295
vt 0.875000 0.752295
vt 0.875000 0.761468
vt 0.750000 0.761468
vt 0.875000 0.752295
vt 1.000000 0.752295
vt 1.000000 0.761468
vt 0.875000 0.761468
vt 0.000000 0.761468
vt 0.125000 0.761468
vt 0.125000 0.770641
vt 0.000000 0.770641
vt 0.125000 0.761468
vt 0.250000 0.761468
vt 0.250000 0.770641
vt 0.125000 0.770641
vt 0.250000 0.761468
vt 0.375000 0.761468
vt 0.375000 0.770641
vt 0.250000 0.770641
vt 0.375000 0.761468
vt 0.500000 0.761468
vt 0.500000 0.770641
vt 0.375000 0.770641
vt 0.500000 0.761468
vt 0.625000 0.761468
vt 0.625000 0.770641
vt 0.500000 0.770641
vt 0.625000 0.761468
vt 0.750000 0.761468
vt 0.750000 0.770641
vt 0.625000 0.770641
vt 0.750000 0.761468
vt 0.875000 0.761468
vt 0.875000 0.770641
vt 0.750000 0.770641
vt 0.875000 0.761468
vt 1.000000 0.761468
vt 1.000000 0.770641
vt 0.875000 0.770641
vt 0.000000 0.770641
vt 0.125000 0.770641
vt 0.125000 0.779818
vt 0.000000 0.779818
vt 0.125000 0.770641
vt 0.250000 0.770641
vt 0.250000 0.779818
vt 0.125000 0.779818
vt 0.250000 0.770641
vt 0.375000 0.770641
vt 0.375000 0.779818
vt 0.250000 0.779818
vt 0.375000 0.770641
vt 0.500000 0.770641
vt 0.500000 0.779818
vt 0.375000 0.779818
vt 0.500000 0.770641
vt 0.625000 0.770641
vt 0.625000 0.779818
vt 0.500000 0.779818
vt 0.625000 0.770641
vt 0.750000 0.770641
vt 0.750000 0.779818
vt 0.625000 0.779818
vt 0.750000 0.770641
vt 0.875000 0.770641
vt 0.875000 0.779818
vt 0.750000 0.779818
vt 0.875000 0.770641
vt 1.000000 0.770641
vt 1.000000 0.779818
vt 0.875000 0.779818
vt 0.000000 0.779818
vt 0.125000 0.779818
vt 0.125000 0.788991
vt 0.000000 0.788991
vt 0.125000 0.779818
vt 0.250000 0.779818
vt 0.250000 0.788991
vt 0.125000 0.788991
vt 0.250000 0.779818
vt 0.375000 0.779818
vt 0.375000 0.788991
vt 0.250000 0.788991
vt 0.375000 0.779818
vt 0.500000 0.779818
vt 0.500000 0.788991
vt 0.375000 0.788991
vt 0.500000 0.779818
vt 0.625000 0.779818
vt 0.625000 0.788991
vt 0.500000 0.788991
vt 0.625000 0.779818
vt 0.750000 0.779818
vt 0.750000 0.788991
vt 0.625000 0.788991
vt 0.750000 0.779818
vt 0.875000 0.779818
vt 0.875000 0.788991
vt 0.750000 0.788991
vt 0.875000 0.779818
vt 1.000000 0.779818
vt 1.000000 0.788991
vt 0.875000 0.788991
vt 0.000000 0.788991
vt 0.125000 0.788991
vt 0.125000 0.798164
vt 0.000000 0.798164
vt 0.125000 0.788991
vt 0.250000 0.788991
vt 0.250000 0.798164
vt 0.125000 0.798164
vt 0.250000 0.788991
vt 0.375000 0.788991
vt 0.375000 0.798164
vt 0.250000 0.798164
vt 0.375000 0.788991
vt 0.500000 0.788991
vt 0.500000 0.798164
vt 0.375000 0.798164
vt 0.500000 0.788991
vt 0.625000 0.788991
vt 0.625000 0.798164
vt 0.500000 0.798164
vt 0.625000 0.788991
vt 0.750000 0.788991
vt 0.750000 0.798164
vt 0.625000 0.798164
vt 0.750000 0.788991
vt 0.875000 0.788991
vt 0.875000 0.798164
vt 0.750000 0.798164
vt 0.875000 0.788991
vt 1.000000 0.788991
vt 1.000000 0.798164
vt 0.875000 0.798164
vt 0.000000 0.798164
vt 0.125000 0.798164
vt 0.125000 0.807341
vt 0.000000 0.807341
vt 0.125000 0.798164
vt 0.250000 0.798164
vt 0.250000 0.807341
vt 0.125000 0.807341
vt 0.250000 0.798164
vt 0.375000 0.798164
vt 0.375000 0.807341
vt 0.250000 0.807341
vt 0.375000 0.798164
vt 0.500000 0.798164
vt 0.500000 0.807341
vt 0.375000 0.807341
vt 0.500000 0.798164
vt 0.625000 0.798164
vt 0.625000 0.807341
vt 0.500000 0.807341
vt 0.625000 0.798164
vt 0.750000 0.798164
vt 0.750000 0.807341
vt 0.625000 0.807341
vt 0.750000 0.798164
vt 0.875000 0.798164
vt 0.875000 0.807341
vt 0.750000 0.807341
vt 0.875000 0.798164
vt 1.000000 0.798164
vt 1.000000 0.807341
vt 0.875000 0.807341
vt 0.000000 0.807341
vt 0.125000 0.807341
vt 0.125000 0.816514
vt 0.000000 0.816514
vt 0.125000 0.807341
vt 0.250000 0.807341
vt 0.250000 0.816514
vt 0.125000 0.816514
vt 0.250000 0.807341
vt 0.375000 0.807341
vt 0.375000 0.816514
vt 0.250000 0.816514
vt 0.375000 0.807341
vt 0.500000 0.807341
vt 0.500000 0.816514
vt 0.375000 0.816514
vt 0.500000 0.807341
vt 0.625000 0.807341
vt 0.625000 0.816514
vt 0.500000 0.816514
vt 0.625000 0.807341
vt 0.750000 0.807341
vt 0.750000 0.816514
vt 0.625000 0.816514
vt 0.750000 0.807341
vt 0.875000 0.807341
vt 0.875000 0.816514
vt 0.750000 0.816514
vt 0.875000 0.807341
vt 1.000000 0.807341
vt 1.000000 0.816514
vt 0.875000 0.816514
vt 0.000000 0.816514
vt 0.125000 0.816514
vt 0.125000 0.825686
vt 0.000000 0.825686
vt 0.125000 0.816514
vt 0.250000 0.816514
vt 0.250000 0.825686
vt 0.125000 0.825686
vt 0.250000 0.816514
vt 0.375000 0.816514
vt 0.375000 0.825686
vt 0.250000 0.825686
vt 0.375000 0.816514
vt 0.500000 0.816514
vt 0.500000 0.825686
vt 0.375000 0.825686
vt 0.500000 0.816514
vt 0.625000 0.816514
vt 0.625000 0.825686
vt 0.500000 0.825686
vt 0.625000 0.816514
vt 0.750000 0.816514
vt 0.750000 0.825686
vt 0.625000 0.825686
vt 0.750000 0.816514
vt 0.875000 0.816514
vt 0.875000 0.825686
vt 0.750000 0.825686
vt 0.875000 0.816514
vt 1.000000 0.816514
vt 1.000000 0.825686
vt 0.875000 0.825686
vt 0.000000 0.825686
vt 0.125000 0.825686
vt 0.125000 0.834864
vt 0.000000 0.834864
vt 0.125000 0.825686
vt 0.250000 0.825686
vt 0.250000 0.834864
vt 0.125000 0.834864
vt 0.250000 0.825686
vt 0.375000 0.825686
vt 0.375000 0.834864
vt 0.250000 0.834864
vt 0.375000 0.825686
vt 0.500000 0.825686
vt 0.500000 0.834864
vt 0.375000 0.834864
vt 0.500000 0.825686
vt 0.625000 0.825686
vt 0.625000 0.834864
vt 0.500000 0.834864
vt 0.625000 0.825686
vt 0.750000 0.825686
vt 0.750000 0.834864
vt 0.625000 0.834864
vt 0.750000 0.825686
vt 0.875000 0.825686
vt 0.875000 0.834864
vt 0.750000 0.834864
vt 0.875000 0.825686
vt 1.000000 0.825686
vt 1.000000 0.834864
vt 0.875000 0.834864
vt 0.000000 0.834864
vt 0.125000 0.834864
vt 0.125000 0.844036
vt 0.000000 0.844036
vt 0.125000 0.834864
vt 0.250000 0.834864
vt 0.250000 0.844036
vt 0.125000 0.844036
vt 0.250000 0.834864
vt 0.375000 0.834864
vt 0.375000 0.844036
vt 0.250000 0.844036
vt 0.375000 0.834864
vt 0.500000 0.834864
vt 0.500000 0.844036
vt 0.375000 0.844036
vt 0.500000 0.834864
vt 0.625000 0.834864
vt 0.625000 0.844036
vt 0.500000 0.844036
vt 0.625000 0.834864
vt 0.750000 0.834864
vt 0.750000 0.844036
vt 0.625000 0.844036
vt 0.750000 0.834864
vt 0.875000 0.834864
vt 0.875000 0.844036
vt 0.750000 0.844036
vt 0.875000 0.834864
vt 1.000000 0.834864
vt 1.000000 0.844036
vt 0.875000 0.844036
vt 0.000000 0.844036
vt 0.125000 0.844036
vt 0.125000 0.853209
vt 0.000000 0.853209
vt 0.125000 0.844036
vt 0.250000 0.844036
vt 0.250000 0.853209
vt 0.125000 0.853209
vt 0.250000 0.844036
vt 0.375000 0.844036
vt 0.375000 0.853209
vt 0.250000 0.853209
vt 0.375000 0.844036
vt 0.500000 0.844036
vt 0.500000 0.853209
vt 0.375000 0.853209
vt 0.500000 0.844036
vt 0.625000 0.844036
vt 0.625000 0.853209
vt 0.500000 0.853209
vt 0.625000 0.844036
vt 0.750000 0.844036
vt 0.750000 0.853209
vt 0.625000 0.853209
vt 0.750000 0.844036
vt 0.875000 0.844036
vt 0.875000 0.853209
vt 0.750000 0.853209
vt 0.875000 0.844036
vt 1.000000 0.844036
vt 1.000000 0.853209
vt 0.875000 0.853209
vt 0.000000 0.853209
vt 0.125000 0.853209
vt 0.125000 0.862386
vt 0.000000 0.862386
vt 0.125000 0.853209
vt 0.250000 0.853209
vt 0.250000 0.862386
vt 0.125000 0.862386
vt 0.250000 0.853209
vt 0.375000 0.853209
vt 0.375000 0.862386
vt 0.250000 0.862386
vt 0.375000 0.853209
vt 0.500000 0.853209
vt 0.500000 0.862386
vt 0.375000 0.862386
vt 0.500000 0.853209
vt 0.625000 0.853209
vt 0.625000 0.862386
vt 0.500000 0.862386
vt 0.625000 0.853209
vt 0.750000 0.853209
vt 0.750000 0.862386
vt 0.625000 0.862386
vt 0.750000 0.853209
vt 0.875000 0.853209
vt 0.875000 0.862386
vt 0.750000 0.862386
vt 0.875000 0.853209
vt 1.000000 0.853209
vt 1.000000 0.862386
vt 0.875000 0.862386
vt 0.000000 0.862386
vt 0.125000 0.862386
vt 0.125000 0.871559
vt 0.000000 0.871559
vt 0.125000 0.862386
vt 0.250000 0.862386
vt 0.250000 0.871559
vt 0.125000 0.871559
vt 0.250000 0.862386
vt 0.375000 0.862386
vt 0.375000 0.871559
vt 0.250000 0.871559
vt 0.375000 0.862386
vt 0.500000 0.862386
vt 0.500000 0.871559
vt 0.375000 0.871559
vt 0.500000 0.862386
vt 0.625000 0.862386
vt 0.625000 0.871559
vt 0.500000 0.871559
vt 0.625000 0.862386
vt 0.750000 0.862386
vt 0.750000 0.871559
vt 0.625000 0.871559
vt 0.750000 0.862386
vt 0.875000 0.862386
vt 0.875000 0.871559
vt 0.750000 0.871559
vt 0.875000 0.862386
vt 1.000000 0.862386
vt 1.000000 0.871559
vt 0.875000 0.871559
vt 0.000000 0.871559
vt 0.125000 0.871559
vt 0.125000 0.880732
vt 0.000000 0.880732
vt 0.125000 0.871559
vt 0.250000 0.871559
vt 0.250000 0.880732
vt 0.125000 0.880732
vt 0.250000 0.871559
vt 0.375000 0.871559
vt 0.375000 0.880732
vt 0.250000 0.880732
vt 0.375000 0.871559
vt 0.500000 0.871559
vt 0.500000 0.880732
vt 0.375000 0.880732
vt 0.500000 0.871559
vt 0.625000 0.871559
vt 0.625000 0.880732
vt 0.500000 0.880732
vt 0.625000 0.871559
vt 0.750000 0.871559
vt 0.750000 0.880732
vt 0.625000 0.880732
vt 0.750000 0.871559
vt 0.875000 0.871559
vt 0.875000 0.880732
vt 0.750000 0.880732
vt 0.875000 0.871559
vt 1.000000 0.871559
vt 1.000000 0.880732
vt 0.875000 0.880732
vt 0.000000 0.880732
vt 0.125000 0.880732
vt 0.125000 0.889909
vt 0.000000 0.889909
vt 0.125000 0.880732
vt 0.250000 0.880732
vt 0.250000 0.889909
vt 0.125000 0.889909
vt 0.250000 0.880732
vt 0.375000 0.880732
vt 0.375000 0.889909
vt 0.250000 0.889909
vt 0.375000 0.880732
vt 0.500000 0.880732
vt 0.500000 0.889909
vt 0.375000 0.889909
vt 0.500000 0.880732
vt 0.625000 0.880732
vt 0.625000 0.889909
vt 0.500000 0.889909
vt 0.625000 0.880732
vt 0.750000 0.880732
vt 0.750000 0.889909
vt 0.625000 0.889909
vt 0.750000 0.880732
vt 0.875000 0.880732
vt 0.875000 0.889909
vt 0.750000 0.889909
vt 0.875000 0.880732
vt 1.000000 0.880732
vt 1.000000 0.889909
vt 0.875000 0.889909
vt 0.000000 0.889909
vt 0.125000 0.889909
vt 0.125000 0.899082
vt 0.000000 0.899082
vt 0.125000 0.889909
vt 0.250000 0.889909
vt 0.250000 0.899082
vt 0.125000 0.899082
vt 0.250000 0.889909
vt 0.375000 0.889909
vt 0.375000 0.899082
vt 0.250000 0.899082
vt 0.375000 0.889909
vt 0.500000 0.889909
vt 0.500000 0.899082
vt 0.375000 0.899082
vt 0.500000 0.889909
vt 0.625000 0.889909
vt 0.625000 0.899082
vt 0.500000 0.899082
vt 0.625000 0.889909
vt 0.750000 0.889909
vt 0.750000 0.899082
vt 0.625000 0.899082
vt 0.750000 0.889909
vt 0.875000 0.889909
vt 0.875000 0.899082
vt 0.750000 0.899082
vt 0.875000 0.889909
vt 1.000000 0.889909
vt 1.000000 0.899082
vt 0.875000 0.899082
vt 0.000000 0.899082
vt 0.125000 0.899082
vt 0.125000 0.908259
vt 0.000000 0.908259
vt 0.125000 0.899082
vt 0.250000 0.899082
vt 0.250000 0.908259
vt 0.125000 0.908259
vt 0.250000 0.899082
vt 0.375000 0.899082
vt 0.375000 0.908259
vt 0.250000 0.908259
vt 0.375000 0.899082
vt 0.500000 0.899082
vt 0.500000 0.908259
vt 0.375000 0.908259
vt 0.500000 0.899082
vt 0.625000 0.899082
vt 0.625000 0.908259
vt 0.500000 0.908259
vt 0.625000 0.899082
vt 0.750000 0.899082
vt 0.750000 0.908259
vt 0.625000 0.908259
vt 0.750000 0.899082
vt 0.875000 0.899082
vt 0.875000 0.908259
vt 0.750000 0.908259
vt 0.875000 0.899082
vt 1.000000 0.899082
vt 1.000000 0.908259
vt 0.875000 0.908259
vt 0.000000 0.908259
vt 0.125000 0.908259
vt 0.125000 0.917432
vt 0.000000 0.917432
vt 0.125000 0.908259
vt 0.250000 0.908259
vt 0.250000 0.917432
vt 0.125000 0.917432
vt 0.250000 0.908259
vt 0.375000 0.908259
vt 0.375000 0.917432
vt 0.250000 0.917432
vt 0.375000 0.908259
vt 0.500000 0.908259
vt 0.500000 0.917432
vt 0.375000 0.917432
vt 0.500000 0.908259
vt 0.625000 0.908259
vt 0.625000 0.917432
vt 0.500000 0.917432
vt 0.625000 0.908259
vt 0.750000 0.908259
vt 0.750000 0.917432
vt 0.625000 0.917432
vt 0.750000 0.908259
vt 0.875000 0.908259
vt 0.875000 0.917432
vt 0.750000 0.917432
vt 0.875000 0.908259
vt 1.000000 0.908259
vt 1.000000 0.917432
vt 0.875000 0.917432
vt 0.000000 0.917432
vt 0.125000 0.917432
vt 0.125000 0.926605
vt 0.000000 0.926605
vt 0.125000 0.917432
vt 0.250000 0.917432
vt 0.250000 0.926605
vt 0.125000 0.926605
vt 0.250000 0.917432
vt 0.375000 0.917432
vt 0.375000 0.926605
vt 0.250000 0.926605
vt 0.375000 0.917432
vt 0.500000 0.917432
vt 0.500000 0.926605
vt 0.375000 0.926605
vt 0.500000 0.917432
vt 0.625000 0.917432
vt 0.625000 0.926605
vt 0.500000 0.926605
vt 0.625000 0.917432
vt 0.750000 0.917432
vt 0.750000 0.926605
vt 0.625000 0.926605
vt 0.750000 0.917432
vt 0.875000 0.917432
vt 0.875000 0.926605
vt 0.750000 0.926605
vt 0.875000 0.917432
vt 1.000000 0.917432
vt 1.000000 0.926605
vt 0.875000 0.926605
vt 0.000000 0.926605
vt 0.125000 0.926605
vt 0.125000 0.935782
vt 0.000000 0.935782
vt 0.125000 0.926605
vt 0.250000 0.926605
vt 0.250000 0.935782
vt 0.125000 0.935782
vt 0.250000 0.926605
vt 0.375000 0.926605
vt 0.375000 0.935782
vt 0.250000 0.935782
vt 0.375000 0.926605
vt 0.500000 0.926605
vt 0.500000 0.935782
vt 0.375000 0.935782
vt 0.500000 0.926605
vt 0.625000 0.926605
vt 0.625000 0.935782
vt 0.500000 0.935782
vt 0.625000 0.926605
vt 0.750000 0.926605
vt 0.750000 0.935782
vt 0.625000 0.935782
vt 0.750000 0.926605
vt 0.875000 0.926605
vt 0.875000 0.935782
vt 0.750000 0.935782
vt 0.875000 0.926605
vt 1.000000 0.926605
vt 1.000000 0.935782
vt 0.875000 0.935782
vt 0.000000 0.935782
vt 0.125000 0.935782
vt 0.125000 0.944955
vt 0.000000 0.944955
vt 0.125000 0.935782
vt 0.250000 0.935782
vt 0.250000 0.944955
vt 0.125000 0.944955
vt 0.250000 0.935782
vt 0.375000 0.935782
vt 0.375000 0.944955
vt 0.250000 0.944955
vt 0.375000 0.935782
vt 0.500000 0.935782
vt 0.500000 0.944955
vt 0.375000 0.944955
vt 0.500000 0.935782
vt 0.625000 0.935782
vt 0.625000 0.944955
vt 0.500000 0.944955
vt 0.625000 0.935782
vt 0.750000 0.935782
vt 0.750000 0.944955
vt 0.625000 0.944955
vt 0.750000 0.935782
vt 0.875000 0.935782
vt 0.875000 0.944955
vt 0.750000 0.944955
vt 0.875000 0.935782
vt 1.000000 0.935782
vt 1.000000 0.944955
vt 0.875000 0.944955
vt 0.000000 0.944955
vt 0.125000 0.944955
vt 0.125000 0.954127
vt 0.000000 0.954127
vt 0.125000 0.944955
vt 0.250000 0.944955
vt 0.250000 0.954127
vt 0.125000 0.954127
vt 0.250000 0.944955
vt 0.375000 0.944955
vt 0.375000 0.954127
vt 0.250000 0.954127
vt 0.375000 0.944955
vt 0.500000 0.944955
vt 0.500000 0.954127
vt 0.375000 0.954127
vt 0.500000 0.944955
vt 0.625000 0.944955
vt 0.625000 0.954127
vt 0.500000 0.954127
vt 0.625000 0.944955
vt 0.750000 0.944955
vt 0.750000 0.954127
vt 0.625000 0.954127
vt 0.750000 0.944955
vt 0.875000 0.944955
vt 0.875000 0.954127
vt 0.750000 0.954127
vt 0.875000 0.944955
vt 1.000000 0.944955
vt 1.000000 0.954127
vt 0.875000 0.954127
vt 0.000000 0.954127
vt 0.125000 0.954127
vt 0.125000 0.963305
vt 0.000000 0.963305
vt 0.125000 0.954127
vt 0.250000 0.954127
vt 0.250000 0.963305
vt 0.125000 0.963305
vt 0.250000 0.954127
vt 0.375000 0.954127
vt 0.375000 0.963305
vt 0.250000 0.963305
vt 0.375000 0.954127
vt 0.500000 0.954127
vt 0.500000 0.963305
vt 0.375000 0.963305
vt 0.500000 0.954127
vt 0.625000 0.954127
vt 0.625000 0.963305
vt 0.500000 0.963305
vt 0.625000 0.954127
vt 0.750000 0.954127
vt 0.750000 0.963305
vt 0.625000 0.963305
vt 0.750000 0.954127
vt 0.875000 0.954127
vt 0.875000 0.963305
vt 0.750000 0.963305
vt 0.875000 0.954127
vt 1.000000 0.954127
vt 1.000000 0.963305
vt 0.875000 0.963305
vt 0.000000 0.963305
vt 0.125000 0.963305
vt 0.125000 0.972477
vt 0.000000 0.972477
vt 0.125000 0.963305
vt 0.250000 0.963305
vt 0.250000 0.972477
vt 0.125000 0.972477
vt 0.250000 0.963305
vt 0.375000 0.963305
vt 0.375000 0.972477
vt 0.250000 0.972477
vt 0.375000 0.963305
vt 0.500000 0.963305
vt 0.500000 0.972477
vt 0.375000 0.972477
vt 0.500000 0.963305
vt 0.625000 0.963305
vt 0.625000 0.972477
vt 0.500000 0.972477
vt 0.625000 0.963305
vt 0.750000 0.963305
vt 0.750000 0.972477
vt 0.625000 0.972477
vt 0.750000 0.963305
vt 0.875000 0.963305
vt 0.875000 0.972477
vt 0.750000 0.972477
vt 0.875000 0.963305
vt 1.000000 0.963305
vt 1.000000 0.972477
vt 0.875000 0.972477
vt 0.000000 0.972477
vt 0.125000 0.972477
vt 0.125000 0.981650
vt 0.000000 0.981650
vt 0.125000 0.972477
vt 0.250000 0.972477
vt 0.250000 0.981650
vt 0.125000 0.981650
vt 0.250000 0.972477
vt 0.375000 0.972477
vt 0.375000 0.981650
vt 0.250000 0.981650
vt 0.375000 0.972477
vt 0.500000 0.972477
vt 0.500000 0.981650
vt 0.375000 0.981650
vt 0.500000 0.972477
vt 0.625000 0.972477
vt 0.625000 0.981650
vt 0.500000 0.981650
vt 0.625000 0.972477
vt 0.750000 0.972477
vt 0.750000 0.981650
vt 0.625000 0.981650
vt 0.750000 0.972477
vt 0.875000 0.972477
vt 0.875000 0.981650
vt 0.750000 0.981650
vt 0.875000 0.972477
vt 1.000000 0.972477
vt 1.000000 0.981650
vt 0.875000 0.981650
vt 0.000000 0.981650
vt 0.125000 0.981650
vt 0.125000 0.990827
vt 0.000000 0.990827
vt 0.125000 0.981650
vt 0.250000 0.981650
vt 0.250000 0.990827
vt 0.125000 0.990827
vt 0.250000 0.981650
vt 0.375000 0.981650
vt 0.375000 0.990827
vt 0.250000 0.990827
vt 0.375000 0.981650
vt 0.500000 0.981650
vt 0.500000 0.990827
vt 0.375000 0.990827
vt 0.500000 0.981650
vt 0.625000 0.981650
vt 0.625000 0.990827
vt 0.500000 0.990827
vt 0.625000 0.981650
vt 0.750000 0.981650
vt 0.750000 0.990827
vt 0.625000 0.990827
vt 0.750000 0.981650
vt 0.875000 0.981650
vt 0.875000 0.990827
vt 0.750000 0.990827
vt 0.875000 0.981650
vt 1.000000 0.981650
vt 1.000000 0.990827
vt 0.875000 0.990827
vt 0.000000 0.990827
vt 0.125000 0.990827
vt 0.125000 1.000000
vt 0.000000 1.000000
vt 0.125000 0.990827
vt 0.250000 0.990827
vt 0.250000 1.000000
vt 0.125000 1.000000
vt 0.250000 0.990827
vt 0.375000 0.990827
vt 0.375000 1.000000
vt 0.250000 1.000000
vt 0.375000 0.990827
vt 0.500000 0.990827
vt 0.500000 1.000000
vt 0.375000 1.000000
vt 0.500000 0.990827
vt 0.625000 0.990827
vt 0.625000 1.000000
vt 0.500000 1.000000
vt 0.625000 0.990827
vt 0.750000 0.990827
vt 0.750000 1.000000
vt 0.625000 1.000000
vt 0.750000 0.990827
vt 0.875000 0.990827
vt 0.875000 1.000000
vt 0.750000 1.000000
vt 0.875000 0.990827
vt 1.000000 0.990827
vt 1.000000 1.000000
vt 0.875000 1.000000
vt 0.880108 0.250000
vt 0.934000 0.250000
vt 0.750000 0.250000
vt 0.750000 0.250000
vt 0.880108 0.250000
vt 0.750000 0.250000
vt 0.619892 0.250000
vt 0.750000 0.250000
vt 0.750000 0.250000
vt 0.566000 0.250000
vt 0.619892 0.250000
vt 0.750000 0.250000
vt 0.619892 0.250000
vt 0.566000 0.250000
vt 0.750000 0.250000
vt 0.750000 0.250000
vt 0.619892 0.250000
vt 0.750000 0.250000
vt 0.880108 0.250000
vt 0.750000 0.250000
vt 0.750000 0.250000
vt 0.934000 0.250000
vt 0.880108 0.250000
vt 0.750000 0.250000
vt 0.750000 0.250000
vt 0.934000 0.250000
vt 0.880108 0.250000
vt 0.750000 0.250000
vt 0.880108 0.250000
vt 0.750000 0.250000
vt 0.750000 0.250000
vt 0.750000 0.250000
vt 0.619892 0.250000
vt 0.750000 0.250000
vt 0.619892 0.250000
vt 0.566000 0.250000
vt 0.750000 0.250000
vt 0.566000 0.250000
vt 0.619892 0.250000
vt 0.750000 0.250000
vt 0.619892 0.250000
vt 0.750000 0.250000
vt 0.750000 0.250000
vt 0.750000 0.250000
vt 0.880108 0.250000
vt 0.750000 0.250000
vt 0.880108 0.250000
vt 0.934000 0.250000
vt 0.020000 0.020000
vt 0.096667 0.020000
vt 0.096667 0.480000
vt 0.020000 0.480000
vt 0.096667 0.020000
vt 0.173333 0.020000
vt 0.173333 0.480000
vt 0.096667 0.480000
vt 0.173333 0.020000
vt 0.250000 0.020000
vt 0.250000 0.480000
vt 0.173333 0.480000
vt 0.250000 0.020000
vt 0.326667 0.020000
vt 0.326667 0.480000
vt 0.250000 0.480000
vt 0.326667 0.020000
vt 0.403333 0.020000
vt 0.403333 0.480000
vt 0.326667 0.480000
vt 0.403333 0.020000
vt 0.480000 0.020000
vt 0.480000 0.480000
vt 0.403333 0.480000
vt 0.020000 0.020000
vt 0.096667 0.020000
vt 0.096667 0.480000
vt 0.020000 0.480000
vt 0.096667 0.020000
vt 0.173333 0.020000
vt 0.173333 0.480000
vt 0.096667 0.480000
vt 0.173333 0.020000
vt 0.250000 0.020000
vt 0.250000 0.480000
vt 0.173333 0.480000
vt 0.250000 0.020000
vt 0.326667 0.020000
vt 0.326667 0.480000
vt 0.250000 0.480000
vt 0.326667 0.020000
vt 0.403333 0.020000
vt 0.403333 0.480000
vt 0.326667 0.480000
vt 0.403333 0.020000
vt 0.480000 0.020000
vt 0.480000 0.480000
vt 0.403333 0.480000
vt 0.020000 0.851200
vt 0.135000 0.851200
vt 0.135000 0.975400
vt 0.020000 0.975400
vt 0.135000 0.851200
vt 0.250000 0.851200
vt 0.250000 0.975400
vt 0.135000 0.975400
vt 0.250000 0.851200
vt 0.365000 0.851200
vt 0.365000 0.975400
vt 0.250000 0.975400
vt 0.365000 0.851200
vt 0.480000 0.851200
vt 0.480000 0.975400
vt 0.365000 0.975400
vt 0.020000 0.740800
vt 0.135000 0.740800
vt 0.135000 0.851200
vt 0.020000 0.851200
vt 0.135000 0.740800
vt 0.250000 0.740800
vt 0.250000 0.851200
vt 0.135000 0.851200
vt 0.250000 0.740800
vt 0.365000 0.740800
vt 0.365000 0.851200
vt 0.250000 0.851200
vt 0.365000 0.740800
vt 0.480000 0.740800
vt 0.480000 0.851200
vt 0.365000 0.851200
vt 0.020000 0.648800
vt 0.135000 0.648800
vt 0.135000 0.740800
vt 0.020000 0.740800
vt 0.135000 0.648800
vt 0.250000 0.648800
vt 0.250000 0.740800
vt 0.135000 0.740800
vt 0.250000 0.648800
vt 0.365000 0.648800
vt 0.365000 0.740800
vt 0.250000 0.740800
vt 0.365000 0.648800
vt 0.480000 0.648800
vt 0.480000 0.740800
vt 0.365000 0.740800
vt 0.020000 0.575200
vt 0.135000 0.575200
vt 0.135000 0.648800
vt 0.020000 0.648800
vt 0.135000 0.575200
vt 0.250000 0.575200
vt 0.250000 0.648800
vt 0.135000 0.648800
vt 0.250000 0.575200
vt 0.365000 0.575200
vt 0.365000 0.648800
vt 0.250000 0.648800
vt 0.365000 0.575200
vt 0.480000 0.575200
vt 0.480000 0.648800
vt 0.365000 0.648800
vt 0.250000 0.980000
vt 0.020000 0.980000
vt 0.135000 0.980000
vt 0.250000 0.980000
vt 0.135000 0.980000
vt 0.250000 0.980000
vt 0.250000 0.980000
vt 0.250000 0.980000
vt 0.365000 0.980000
vt 0.250000 0.980000
vt 0.365000 0.980000
vt 0.020000 0.980000
vt 0.020000 0.750000
vt 0.077500 0.750000
vt 0.077500 0.842000
vt 0.020000 0.842000
vt 0.077500 0.750000
vt 0.135000 0.750000
vt 0.135000 0.842000
vt 0.077500 0.842000
vt 0.135000 0.750000
vt 0.192500 0.750000
vt 0.192500 0.842000
vt 0.135000 0.842000
vt 0.192500 0.750000
vt 0.250000 0.750000
vt 0.250000 0.842000
vt 0.192500 0.842000
vt 0.250000 0.750000
vt 0.307500 0.750000
vt 0.307500 0.842000
vt 0.250000 0.842000
vt 0.307500 0.750000
vt 0.365000 0.750000
vt 0.365000 0.842000
vt 0.307500 0.842000
vt 0.365000 0.750000
vt 0.422500 0.750000
vt 0.422500 0.842000
vt 0.365000 0.842000
vt 0.422500 0.750000
vt 0.480000 0.750000
vt 0.480000 0.842000
vt 0.422500 0.842000
vt 0.000000 0.845773
vt 0.062500 0.845773
vt 0.062500 0.948328
vt 0.000000 0.948328
vt 0.062500 0.845773
vt 0.125000 0.845773
vt 0.125000 0.948328
vt 0.062500 0.948328
vt 0.125000 0.845773
vt 0.187500 0.845773
vt 0.187500 0.948328
vt 0.125000 0.948328
vt 0.187500 0.845773
vt 0.250000 0.845773
vt 0.250000 0.948328
vt 0.187500 0.948328
vt 0.250000 0.845773
vt 0.312500 0.845773
vt 0.312500 0.948328
vt 0.250000 0.948328
vt 0.312500 0.845773
vt 0.375000 0.845773
vt 0.375000 0.948328
vt 0.312500 0.948328
vt 0.375000 0.845773
vt 0.437500 0.845773
vt 0.437500 0.948328
vt 0.375000 0.948328
vt 0.437500 0.845773
vt 0.500000 0.845773
vt 0.500000 0.948328
vt 0.437500 0.948328
vt 0.000000 0.743217
vt 0.062500 0.743217
vt 0.062500 0.845773
vt 0.000000 0.845773
vt 0.062500 0.743217
vt 0.125000 0.743217
vt 0.125000 0.845773
vt 0.062500 0.845773
vt 0.125000 0.743217
vt 0.187500 0.743217
vt 0.187500 0.845773
vt 0.125000 0.845773
vt 0.187500 0.743217
vt 0.250000 0.743217
vt 0.250000 0.845773
vt 0.187500 0.845773
vt 0.250000 0.743217
vt 0.312500 0.743217
vt 0.312500 0.845773
vt 0.250000 0.845773
vt 0.312500 0.743217
vt 0.375000 0.743217
vt 0.375000 0.845773
vt 0.312500 0.845773
vt 0.375000 0.743217
vt 0.437500 0.743217
vt 0.437500 0.845773
vt 0.375000 0.845773
vt 0.437500 0.743217
vt 0.500000 0.743217
vt 0.500000 0.845773
vt 0.437500 0.845773
vt 0.000000 0.640662
vt 0.062500 0.640662
vt 0.062500 0.743217
vt 0.000000 0.743217
vt 0.062500 0.640662
vt 0.125000 0.640662
vt 0.125000 0.743217
vt 0.062500 0.743217
vt 0.125000 0.640662
vt 0.187500 0.640662
vt 0.187500 0.743217
vt 0.125000 0.743217
vt 0.187500 0.640662
vt 0.250000 0.640662
vt 0.250000 0.743217
vt 0.187500 0.743217
vt 0.250000 0.640662
vt 0.312500 0.640662
vt 0.312500 0.743217
vt 0.250000 0.743217
vt 0.312500 0.640662
vt 0.375000 0.640662
vt 0.375000 0.743217
vt 0.312500 0.743217
vt 0.375000 0.640662
vt 0.437500 0.640662
vt 0.437500 0.743217
vt 0.375000 0.743217
vt 0.437500 0.640662
vt 0.500000 0.640662
vt 0.500000 0.743217
vt 0.437500 0.743217
vt 0.000000 0.538106
vt 0.062500 0.538106
vt 0.062500 0.640662
vt 0.000000 0.640662
vt 0.062500 0.538106
vt 0.125000 0.538106
vt 0.125000 0.640662
vt 0.062500 0.640662
vt 0.125000 0.538106
vt 0.187500 0.538106
vt 0.187500 0.640662
vt 0.125000 0.640662
vt 0.187500 0.538106
vt 0.250000 0.538106
vt 0.250000 0.640662
vt 0.187500 0.640662
vt 0.250000 0.538106
vt 0.312500 0.538106
vt 0.312500 0.640662
vt 0.250000 0.640662
vt 0.312500 0.538106
vt 0.375000 0.538106
vt 0.375000 0.640662
vt 0.312500 0.640662
vt 0.375000 0.538106
vt 0.437500 0.538106
vt 0.437500 0.640662
vt 0.375000 0.640662
vt 0.437500 0.538106
vt 0.500000 0.538106
vt 0.500000 0.640662
vt 0.437500 0.640662
vt 0.000000 0.435551
vt 0.062500 0.435551
vt 0.062500 0.538106
vt 0.000000 0.538106
vt 0.062500 0.435551
vt 0.125000 0.435551
vt 0.125000 0.538106
vt 0.062500 0.538106
vt 0.125000 0.435551
vt 0.187500 0.435551
vt 0.187500 0.538106
vt 0.125000 0.538106
vt 0.187500 0.435551
vt 0.250000 0.435551
vt 0.250000 0.538106
vt 0.187500 0.538106
vt 0.250000 0.435551
vt 0.312500 0.435551
vt 0.312500 0.538106
vt 0.250000 0.538106
vt 0.312500 0.435551
vt 0.375000 0.435551
vt 0.375000 0.538106
vt 0.312500 0.538106
vt 0.375000 0.435551
vt 0.437500 0.435551
vt 0.437500 0.538106
vt 0.375000 0.538106
vt 0.437500 0.435551
vt 0.500000 0.435551
vt 0.500000 0.538106
vt 0.437500 0.538106
vt 0.000000 0.332996
vt 0.062500 0.332996
vt 0.062500 0.435551
vt 0.000000 0.435551
vt 0.062500 0.332996
vt 0.125000 0.332996
vt 0.125000 0.435551
vt 0.062500 0.435551
vt 0.125000 0.332996
vt 0.187500 0.332996
vt 0.187500 0.435551
vt 0.125000 0.435551
vt 0.187500 0.332996
vt 0.250000 0.332996
vt 0.250000 0.435551
vt 0.187500 0.435551
vt 0.250000 0.332996
vt 0.312500 0.332996
vt 0.312500 0.435551
vt 0.250000 0.435551
vt 0.312500 0.332996
vt 0.375000 0.332996
vt 0.375000 0.435551
vt 0.312500 0.435551
vt 0.375000 0.332996
vt 0.437500 0.332996
vt 0.437500 0.435551
vt 0.375000 0.435551
vt 0.437500 0.332996
vt 0.500000 0.332996
vt 0.500000 0.435551
vt 0.437500 0.435551
vt 0.000000 0.230440
vt 0.062500 0.230440
vt 0.062500 0.332996
vt 0.000000 0.332996
vt 0.062500 0.230440
vt 0.125000 0.230440
vt 0.125000 0.332996
vt 0.062500 0.332996
vt 0.125000 0.230440
vt 0.187500 0.230440
vt 0.187500 0.332996
vt 0.125000 0.332996
vt 0.187500 0.230440
vt 0.250000 0.230440
vt 0.250000 0.332996
vt 0.187500 0.332996
vt 0.250000 0.230440
vt 0.312500 0.230440
vt 0.312500 0.332996
vt 0.250000 0.332996
vt 0.312500 0.230440
vt 0.375000 0.230440
vt 0.375000 0.332996
vt 0.312500 0.332996
vt 0.375000 0.230440
vt 0.437500 0.230440
vt 0.437500 0.332996
vt 0.375000 0.332996
vt 0.437500 0.230440
vt 0.500000 0.230440
vt 0.500000 0.332996
vt 0.437500 0.332996
vt 0.000000 0.127885
vt 0.062500 0.127885
vt 0.062500 0.230440
vt 0.000000 0.230440
vt 0.062500 0.127885
vt 0.125000 0.127885
vt 0.125000 0.230440
vt 0.062500 0.230440
vt 0.125000 0.127885
vt 0.187500 0.127885
vt 0.187500 0.230440
vt 0.125000 0.230440
vt 0.187500 0.127885
vt 0.250000 0.127885
vt 0.250000 0.230440
vt 0.187500 0.230440
vt 0.250000 0.127885
vt 0.312500 0.127885
vt 0.312500 0.230440
vt 0.250000 0.230440
vt 0.312500 0.127885
vt 0.375000 0.127885
vt 0.375000 0.230440
vt 0.312500 0.230440
vt 0.375000 0.127885
vt 0.437500 0.127885
vt 0.437500 0.230440
vt 0.375000 0.230440
vt 0.437500 0.127885
vt 0.500000 0.127885
vt 0.500000 0.230440
vt 0.437500 0.230440
vt 0.000000 0.025329
vt 0.062500 0.025329
vt 0.062500 0.127885
vt 0.000000 0.127885
vt 0.062500 0.025329
vt 0.125000 0.025329
vt 0.125000 0.127885
vt 0.062500 0.127885
vt 0.125000 0.025329
vt 0.187500 0.025329
vt 0.187500 0.127885
vt 0.125000 0.127885
vt 0.187500 0.025329
vt 0.250000 0.025329
vt 0.250000 0.127885
vt 0.187500 0.127885
vt 0.250000 0.025329
vt 0.312500 0.025329
vt 0.312500 0.127885
vt 0.250000 0.127885
vt 0.312500 0.025329
vt 0.375000 0.025329
vt 0.375000 0.127885
vt 0.312500 0.127885
vt 0.375000 0.025329
vt 0.437500 0.025329
vt 0.437500 0.127885
vt 0.375000 0.127885
vt 0.437500 0.025329
vt 0.500000 0.025329
vt 0.500000 0.127885
vt 0.437500 0.127885
vt 0.520000 0.158000
vt 0.577500 0.158000
vt 0.577500 0.480000
vt 0.520000 0.480000
vt 0.577500 0.158000
vt 0.635000 0.158000
vt 0.635000 0.480000
vt 0.577500 0.480000
vt 0.635000 0.158000
vt 0.692500 0.158000
vt 0.692500 0.480000
vt 0.635000 0.480000
vt 0.692500 0.158000
vt 0.750000 0.158000
vt 0.750000 0.480000
vt 0.692500 0.480000
vt 0.750000 0.158000
vt 0.807500 0.158000
vt 0.807500 0.480000
vt 0.750000 0.480000
vt 0.807500 0.158000
vt 0.865000 0.158000
vt 0.865000 0.480000
vt 0.807500 0.480000
vt 0.865000 0.158000
vt 0.922500 0.158000
vt 0.922500 0.480000
vt 0.865000 0.480000
vt 0.922500 0.158000
vt 0.980000 0.158000
vt 0.980000 0.480000
vt 0.922500 0.480000
vt 0.520000 0.020000
vt 0.577500 0.020000
vt 0.577500 0.158000
vt 0.520000 0.158000
vt 0.577500 0.020000
vt 0.635000 0.020000
vt 0.635000 0.158000
vt 0.577500 0.158000
vt 0.635000 0.020000
vt 0.692500 0.020000
vt 0.692500 0.158000
vt 0.635000 0.158000
vt 0.692500 0.020000
vt 0.750000 0.020000
vt 0.750000 0.158000
vt 0.692500 0.158000
vt 0.750000 0.020000
vt 0.807500 0.020000
vt 0.807500 0.158000
vt 0.750000 0.158000
vt 0.807500 0.020000
vt 0.865000 0.020000
vt 0.865000 0.158000
vt 0.807500 0.158000
vt 0.865000 0.020000
vt 0.922500 0.020000
vt 0.922500 0.158000
vt 0.865000 0.158000
vt 0.922500 0.020000
vt 0.980000 0.020000
vt 0.980000 0.158000
vt 0.922500 0.158000
vt 0.750000 0.250000
vt 0.750000 0.250000
vt 0.750000 0.250000
vt 0.750000 0.250000
vt 0.750000 0.250000
vt 0.750000 0.250000
vt 0.750000 0.250000
vt 0.750000 0.250000
vt 0.750000 0.250000
vt 0.750000 0.250000
vt 0.750000 0.250000
vt 0.750000 0.250000
vt 0.750000 0.250000
vt 0.750000 0.250000
vt 0.750000 0.250000
vt 0.750000 0.250000
vt 0.750000 0.250000
vt 0.750000 0.250000
vt 0.750000 0.250000
vt 0.750000 0.250000
vt 0.750000 0.250000
vt 0.750000 0.250000
vt 0.750000 0.250000
vt 0.750000 0.250000
vt 0.990000 1.000000
vt 0.990000 0.833333
vt 0.500000 0.833333
vt 0.500000 1.000000
vt 0.500000 1.000000
vt 0.500000 0.833333
vt 0.990000 0.833333
vt 0.990000 1.000000
vt 0.990000 0.833333
vt 0.990000 0.666667
vt 0.500000 0.666667
vt 0.500000 0.833333
vt 0.500000 0.833333
vt 0.500000 0.666667
vt 0.990000 0.666667
vt 0.990000 0.833333
vt 0.990000 0.666667
vt 0.990000 0.500000
vt 0.500000 0.500000
vt 0.500000 0.666667
vt 0.500000 0.666667
vt 0.500000 0.500000
vt 0.990000 0.500000
vt 0.990000 0.666667
vt 0.990000 0.500000
vt 0.990000 0.333333
vt 0.500000 0.333333
vt 0.500000 0.500000
vt 0.500000 0.500000
vt 0.500000 0.333333
vt 0.990000 0.333333
vt 0.990000 0.500000
vt 0.990000 0.333333
vt 0.990000 0.166667
vt 0.500000 0.166667
vt 0.500000 0.333333
vt 0.500000 0.333333
vt 0.500000 0.166667
vt 0.990000 0.166667
vt 0.990000 0.333333
vt 0.990000 0.166667
vt 0.990000 0.000000
vt 0.500000 0.000000
vt 0.500000 0.166667
vt 0.500000 0.166667
vt 0.500000 0.000000
vt 0.990000 0.000000
vt 0.990000 0.166667
vt 0.990000 1.000000
vt 0.990000 0.833333
vt 0.500000 0.833333
vt 0.500000 1.000000
vt 0.500000 1.000000
vt 0.500000 0.833333
vt 0.990000 0.833333
vt 0.990000 1.000000
vt 0.990000 0.833333
vt 0.990000 0.666667
vt 0.500000 0.666667
vt 0.500000 0.833333
vt 0.500000 0.833333
vt 0.500000 0.666667
vt 0.990000 0.666667
vt 0.990000 0.833333
vt 0.990000 0.666667
vt 0.990000 0.500000
vt 0.500000 0.500000
vt 0.500000 0.666667
vt 0.500000 0.666667
vt 0.500000 0.500000
vt 0.990000 0.500000
vt 0.990000 0.666667
vt 0.990000 0.500000
vt 0.990000 0.333333
vt 0.500000 0.333333
vt 0.500000 0.500000
vt 0.500000 0.500000
vt 0.500000 0.333333
vt 0.990000 0.333333
vt 0.990000 0.500000
vt 0.990000 0.333333
vt 0.990000 0.166667
vt 0.500000 0.166667
vt 0.500000 0.333333
vt 0.500000 0.333333
vt 0.500000 0.166667
vt 0.990000 0.166667
vt 0.990000 0.333333
vt 0.990000 0.166667
vt 0.990000 0.000000
vt 0.500000 0.000000
vt 0.500000 0.166667
vt 0.500000 0.166667
vt 0.500000 0.000000
vt 0.990000 0.000000
vt 0.990000 0.166667
vt 0.990000 1.000000
vt 0.990000 0.833333
vt 0.500000 0.833333
vt 0.500000 1.000000
vt 0.500000 1.000000
vt 0.500000 0.833333
vt 0.990000 0.833333
vt 0.990000 1.000000
vt 0.990000 0.833333
vt 0.990000 0.666667
vt 0.500000 0.666667
vt 0.500000 0.833333
vt 0.500000 0.833333
vt 0.500000 0.666667
vt 0.990000 0.666667
vt 0.990000 0.833333
vt 0.990000 0.666667
vt 0.990000 0.500000
vt 0.500000 0.500000
vt 0.500000 0.666667
vt 0.500000 0.666667
vt 0.500000 0.500000
vt 0.990000 0.500000
vt 0.990000 0.666667
vt 0.990000 0.500000
vt 0.990000 0.333333
vt 0.500000 0.333333
vt 0.500000 0.500000
vt 0.500000 0.500000
vt 0.500000 0.333333
vt 0.990000 0.333333
vt 0.990000 0.500000
vt 0.990000 0.333333
vt 0.990000 0.166667
vt 0.500000 0.166667
vt 0.500000 0.333333
vt 0.500000 0.333333
vt 0.500000 0.166667
vt 0.990000 0.166667
vt 0.990000 0.333333
vt 0.990000 0.166667
vt 0.990000 0.000000
vt 0.500000 0.000000
vt 0.500000 0.166667
vt 0.500000 0.166667
vt 0.500000 0.000000
vt 0.990000 0.000000
vt 0.990000 0.166667
vn -0.823031 -0.473188 0.314186
vn -0.387450 -0.227758 0.893313
vn -0.422202 -0.140540 0.895541
vn -0.902840 -0.290763 0.316760
vn -0.387450 -0.227758 0.893313
vn 0.392069 0.218257 0.893670
vn 0.424673 0.131736 0.895711
vn -0.422202 -0.140540 0.895541
vn 0.392069 0.218257 0.893670
vn 0.824872 0.469854 0.314364
vn 0.902642 0.291599 0.316556
vn 0.424673 0.131736 0.895711
vn 0.824872 0.469854 0.314364
vn 0.824872 0.469854 -0.314364
vn 0.902642 0.291599 -0.316556
vn 0.902642 0.291599 0.316556
vn 0.824872 0.469854 -0.314364
vn 0.392069 0.218257 -0.893670
vn 0.424673 0.131736 -0.895711
vn 0.902642 0.291599 -0.316556
vn 0.392069 0.218257 -0.893670
vn -0.387450 -0.227758 -0.893313
vn -0.422202 -0.140540 -0.895541
vn 0.424673 0.131736 -0.895711
vn -0.387450 -0.227758 -0.893313
vn -0.823031 -0.473188 -0.314186
vn -0.902840 -0.290763 -0.316760
vn -0.422202 -0.140540 -0.895541
vn -0.823031 -0.473188 -0.314186
vn -0.823031 -0.473188 0.314186
vn -0.902840 -0.290763 0.316760
vn -0.902840 -0.290763 -0.316760
vn -0.902840 -0.290763 0.316760
vn -0.422202 -0.140540 0.895541
vn -0.425843 0.087958 0.900512
vn -0.924318 0.201166 0.324298
vn -0.422202 -0.140540 0.895541
vn 0.424673 0.131736 0.895711
vn 0.421565 -0.102023 0.901041
vn -0.425843 0.087958 0.900512
vn 0.424673 0.131736 0.895711
vn 0.902642 0.291599 0.316556
vn 0.921049 -0.213664 0.325601
vn 0.421565 -0.102023 0.901041
vn 0.902642 0.291599 0.316556
vn 0.902642 0.291599 -0.316556
vn 0.921049 -0.213664 -0.325601
vn 0.921049 -0.213664 0.325601
vn 0.902642 0.291599 -0.316556
vn 0.424673 0.131736 -0.895711
vn 0.421565 -0.102023 -0.901041
vn 0.921049 -0.213664 -0.325601
vn 0.424673 0.131736 -0.895711
vn -0.422202 -0.140540 -0.895541
vn -0.425843 0.087958 -0.900512
vn 0.421565 -0.102023 -0.901041
vn -0.422202 -0.140540 -0.895541
vn -0.902840 -0.290763 -0.316760
vn -0.924318 0.201166 -0.324298
vn -0.425843 0.087958 -0.900512
vn -0.902840 -0.290763 -0.316760
vn -0.902840 -0.290763 0.316760
vn -0.924318 0.201166 0.324298
vn -0.924318 0.201166 -0.324298
vn -0.924318 0.201166 0.324298
vn -0.425843 0.087958 0.900512
vn -0.389127 0.222334 0.893951
vn -0.820008 0.477849 0.315036
vn -0.425843 0.087958 0.900512
vn 0.421565 -0.102023 0.901041
vn 0.380804 -0.238089 0.893477
vn -0.389127 0.222334 0.893951
vn 0.421565 -0.102023 0.901041
vn 0.921049 -0.213664 0.325601
vn 0.809097 -0.496452 0.314479
vn 0.380804 -0.238089 0.893477
vn 0.921049 -0.213664 0.325601
vn 0.921049 -0.213664 -0.325601
vn 0.809097 -0.496452 -0.314479
vn 0.809097 -0.496452 0.314479
vn 0.921049 -0.213664 -0.325601
vn 0.421565 -0.102023 -0.901041
vn 0.380804 -0.238089 -0.893477
vn 0.809097 -0.496452 -0.314479
vn 0.421565 -0.102023 -0.901041
vn -0.425843 0.087958 -0.900512
vn -0.389127 0.222334 -0.893951
vn 0.380804 -0.238089 -0.893477
vn -0.425843 0.087958 -0.900512
vn -0.924318 0.201166 -0.324298
vn -0.820008 0.477849 -0.315036
vn -0.389127 0.222334 -0.893951
vn -0.924318 0.201166 -0.324298
vn -0.924318 0.201166 0.324298
vn -0.820008 0.477849 0.315036
vn -0.820008 0.477849 -0.315036
vn -0.820008 0.477849 0.315036
vn -0.389127 0.222334 0.893951
vn -0.390376 0.215444 0.895093
vn -0.825882 0.465834 0.317676
vn -0.389127 0.222334 0.893951
vn 0.380804 -0.238089 0.893477
vn 0.383493 -0.227471 0.895092
vn -0.390376 0.215444 0.895093
vn 0.380804 -0.238089 0.893477
vn 0.809097 -0.496452 0.314479
vn 0.819975 -0.476155 0.317675
vn 0.383493 -0.227471 0.895092
vn 0.809097 -0.496452 0.314479
vn 0.809097 -0.496452 -0.314479
vn 0.819975 -0.476155 -0.317675
vn 0.819975 -0.476155 0.317675
vn 0.809097 -0.496452 -0.314479
vn 0.380804 -0.238089 -0.893477
vn 0.383493 -0.227471 -0.895092
vn 0.819975 -0.476155 -0.317675
vn 0.380804 -0.238089 -0.893477
vn -0.389127 0.222334 -0.893951
vn -0.390376 0.215444 -0.895093
vn 0.383493 -0.227471 -0.895092
vn -0.389127 0.222334 -0.893951
vn -0.820008 0.477849 -0.315036
vn -0.825882 0.465834 -0.317676
vn -0.390376 0.215444 -0.895093
vn -0.820008 0.477849 -0.315036
vn -0.820008 0.477849 0.315036
vn -0.825882 0.465834 0.317676
vn -0.825882 0.465834 -0.317676
vn -0.825882 0.465834 0.317676
vn -0.390376 0.215444 0.895093
vn -0.394109 0.207869 0.895248
vn -0.834407 0.450152 0.318006
vn -0.390376 0.215444 0.895093
vn 0.383493 -0.227471 0.895092
vn 0.387383 -0.220151 0.895247
vn -0.394109 0.207869 0.895248
vn 0.383493 -0.227471 0.895092
vn 0.819975 -0.476155 0.317675
vn 0.828633 -0.460694 0.318006
vn 0.387383 -0.220151 0.895247
vn 0.819975 -0.476155 0.317675
vn 0.819975 -0.476155 -0.317675
vn 0.828633 -0.460694 -0.318006
vn 0.828633 -0.460694 0.318006
vn 0.819975 -0.476155 -0.317675
vn 0.383493 -0.227471 -0.895092
vn 0.387383 -0.220151 -0.895247
vn 0.828633 -0.460694 -0.318006
vn 0.383493 -0.227471 -0.895092
vn -0.390376 0.215444 -0.895093
vn -0.394109 0.207869 -0.895248
vn 0.387383 -0.220151 -0.895247
vn -0.390376 0.215444 -0.895093
vn -0.825882 0.465834 -0.317676
vn -0.834407 0.450152 -0.318006
vn -0.394109 0.207869 -0.895248
vn -0.825882 0.465834 -0.317676
vn -0.825882 0.465834 0.317676
vn -0.834407 0.450152 0.318006
vn -0.834407 0.450152 -0.318006
vn -0.834407 0.450152 0.318006
vn -0.394109 0.207869 0.895248
vn -0.397733 0.200180 0.895397
vn -0.842701 0.434194 0.318326
vn -0.394109 0.207869 0.895248
vn 0.387383 -0.220151 0.895247
vn 0.391175 -0.212712 0.895397
vn -0.397733 0.200180 0.895397
vn 0.387383 -0.220151 0.895247
vn 0.828633 -0.460694 0.318006
vn 0.837069 -0.444954 0.318325
vn 0.391175 -0.212712 0.895397
vn 0.828633 -0.460694 0.318006
vn 0.828633 -0.460694 -0.318006
vn 0.837069 -0.444954 -0.318325
vn 0.837069 -0.444954 0.318325
vn 0.828633 -0.460694 -0.318006
vn 0.387383 -0.220151 -0.895247
vn 0.391175 -0.212712 -0.895397
vn 0.837069 -0.444954 -0.318325
vn 0.387383 -0.220151 -0.895247
vn -0.394109 0.207869 -0.895248
vn -0.397733 0.200180 -0.895397
vn 0.391175 -0.212712 -0.895397
vn -0.394109 0.207869 -0.895248
vn -0.834407 0.450152 -0.318006
vn -0.842701 0.434194 -0.318326
vn -0.397733 0.200180 -0.895397
vn -0.834407 0.450152 -0.318006
vn -0.834407 0.450152 0.318006
vn -0.842701 0.434194 0.318326
vn -0.842701 0.434194 -0.318326
vn -0.842701 0.434194 0.318326
vn -0.397733 0.200180 0.895397
vn -0.401240 0.192384 0.895542
vn -0.850744 0.417980 0.318634
vn -0.397733 0.200180 0.895397
vn 0.391175 -0.212712 0.895397
vn 0.394861 -0.205161 0.895541
vn -0.401240 0.192384 0.895542
vn 0.391175 -0.212712 0.895397
vn 0.837069 -0.444954 0.318325
vn 0.845264 -0.428953 0.318634
vn 0.394861 -0.205161 0.895541
vn 0.837069 -0.444954 0.318325
vn 0.837069 -0.444954 -0.318325
vn 0.845264 -0.428953 -0.318634
vn 0.845264 -0.428953 0.318634
vn 0.837069 -0.444954 -0.318325
vn 0.391175 -0.212712 -0.895397
vn 0.394861 -0.205161 -0.895541
vn 0.845264 -0.428953 -0.318634
vn 0.391175 -0.212712 -0.895397
vn -0.397733 0.200180 -0.895397
vn -0.401240 0.192384 -0.895542
vn 0.394861 -0.205161 -0.895541
vn -0.397733 0.200180 -0.895397
vn -0.842701 0.434194 -0.318326
vn -0.850744 0.417980 -0.318634
vn -0.401240 0.192384 -0.895542
vn -0.842701 0.434194 -0.318326
vn -0.842701 0.434194 0.318326
vn -0.850744 0.417980 0.318634
vn -0.850744 0.417980 -0.318634
vn -0.850744 0.417980 0.318634
vn -0.401240 0.192384 0.895542
vn -0.404622 0.184491 0.895681
vn -0.858520 0.401529 0.318932
vn -0.401240 0.192384 0.895542
vn 0.394861 -0.205161 0.895541
vn 0.398431 -0.197507 0.895681
vn -0.404622 0.184491 0.895681
vn 0.394861 -0.205161 0.895541
vn 0.845264 -0.428953 0.318634
vn 0.853201 -0.412711 0.318931
vn 0.398431 -0.197507 0.895681
vn 0.845264 -0.428953 0.318634
vn 0.845264 -0.428953 -0.318634
vn 0.853201 -0.412711 -0.318931
vn 0.853201 -0.412711 0.318931
vn 0.845264 -0.428953 -0.318634
vn 0.394861 -0.205161 -0.895541
vn 0.398431 -0.197507 -0.895681
vn 0.853201 -0.412711 -0.318931
vn 0.394861 -0.205161 -0.895541
vn -0.401240 0.192384 -0.895542
vn -0.404622 0.184491 -0.895681
vn 0.398431 -0.197507 -0.895681
vn -0.401240 0.192384 -0.895542
vn -0.850744 0.417980 -0.318634
vn -0.858520 0.401529 -0.318932
vn -0.404622 0.184491 -0.895681
vn -0.850744 0.417980 -0.318634
vn -0.850744 0.417980 0.318634
vn -0.858520 0.401529 0.318932
vn -0.858520 0.401529 -0.318932
vn -0.858520 0.401529 0.318932
vn -0.404622 0.184491 0.895681
vn -0.407870 0.176513 0.895816
vn -0.866010 0.384871 0.319219
vn -0.404622 0.184491 0.895681
vn 0.398431 -0.197507 0.895681
vn 0.401877 -0.189763 0.895815
vn -0.407870 0.176513 0.895816
vn 0.398431 -0.197507 0.895681
vn 0.853201 -0.412711 0.318931
vn 0.860860 -0.396256 0.319219
vn 0.401877 -0.189763 0.895815
vn 0.853201 -0.412711 0.318931
vn 0.853201 -0.412711 -0.318931
vn 0.860860 -0.396256 -0.319219
vn 0.860860 -0.396256 0.319219
vn 0.853201 -0.412711 -0.318931
vn 0.398431 -0.197507 -0.895681
vn 0.401877 -0.189763 -0.895815
vn 0.860860 -0.396256 -0.319219
vn 0.398431 -0.197507 -0.895681
vn -0.404622 0.184491 -0.895681
vn -0.407870 0.176513 -0.895816
vn 0.401877 -0.189763 -0.895815
vn -0.404622 0.184491 -0.895681
vn -0.858520 0.401529 -0.318932
vn -0.866010 0.384871 -0.319219
vn -0.407870 0.176513 -0.895816
vn -0.858520 0.401529 -0.318932
vn -0.858520 0.401529 0.318932
vn -0.866010 0.384871 0.319219
vn -0.866010 0.384871 -0.319219
vn -0.866010 0.384871 0.319219
vn -0.407870 0.176513 0.895816
vn -0.410976 0.168463 0.895946
vn -0.873198 0.368030 0.319498
vn -0.407870 0.176513 0.895816
vn 0.401877 -0.189763 0.895815
vn 0.405192 -0.181939 0.895945
vn -0.410976 0.168463 0.895946
vn 0.401877 -0.189763 0.895815
vn 0.860860 -0.396256 0.319219
vn 0.868226 -0.379613 0.319497
vn 0.405192 -0.181939 0.895945
vn 0.860860 -0.396256 0.319219
vn 0.860860 -0.396256 -0.319219
vn 0.868226 -0.379613 -0.319497
vn 0.868226 -0.379613 0.319497
vn 0.860860 -0.396256 -0.319219
vn 0.401877 -0.189763 -0.895815
vn 0.405192 -0.181939 -0.895945
vn 0.868226 -0.379613 -0.319497
vn 0.401877 -0.189763 -0.895815
vn -0.407870 0.176513 -0.895816
vn -0.410976 0.168463 -0.895946
vn 0.405192 -0.181939 -0.895945
vn -0.407870 0.176513 -0.895816
vn -0.866010 0.384871 -0.319219
vn -0.873198 0.368030 -0.319498
vn -0.410976 0.168463 -0.895946
vn -0.866010 0.384871 -0.319219
vn -0.866010 0.384871 0.319219
vn -0.873198 0.368030 0.319498
vn -0.873198 0.368030 -0.319498
vn -0.873198 0.368030 0.319498
vn -0.410976 0.168463 0.895946
vn -0.413936 0.160352 0.896072
vn -0.880071 0.351033 0.319767
vn -0.410976 0.168463 0.895946
vn 0.405192 -0.181939 0.895945
vn 0.408368 -0.174046 0.896071
vn -0.413936 0.160352 0.896072
vn 0.405192 -0.181939 0.895945
vn 0.868226 -0.379613 0.319497
vn 0.875283 -0.362807 0.319767
vn 0.408368 -0.174046 0.896071
vn 0.868226 -0.379613 0.319497
vn 0.868226 -0.379613 -0.319497
vn 0.875283 -0.362807 -0.319767
vn 0.875283 -0.362807 0.319767
vn 0.868226 -0.379613 -0.319497
vn 0.405192 -0.181939 -0.895945
vn 0.408368 -0.174046 -0.896071
vn 0.875283 -0.362807 -0.319767
vn 0.405192 -0.181939 -0.895945
vn -0.410976 0.168463 -0.895946
vn -0.413936 0.160352 -0.896072
vn 0.408368 -0.174046 -0.896071
vn -0.410976 0.168463 -0.895946
vn -0.873198 0.368030 -0.319498
vn -0.880071 0.351033 -0.319767
vn -0.413936 0.160352 -0.896072
vn -0.873198 0.368030 -0.319498
vn -0.873198 0.368030 0.319498
vn -0.880071 0.351033 0.319767
vn -0.880071 0.351033 -0.319767
vn -0.880071 0.351033 0.319767
vn -0.413936 0.160352 0.896072
vn -0.416742 0.152197 0.896193
vn -0.886614 0.333914 0.320028
vn -0.413936 0.160352 0.896072
vn 0.408368 -0.174046 0.896071
vn 0.411398 -0.166100 0.896193
vn -0.416742 0.152197 0.896193
vn 0.408368 -0.174046 0.896071
vn 0.875283 -0.362807 0.319767
vn 0.882018 -0.345870 0.320028
vn 0.411398 -0.166100 0.896193
vn 0.875283 -0.362807 0.319767
vn 0.875283 -0.362807 -0.319767
vn 0.882018 -0.345870 -0.320028
vn 0.882018 -0.345870 0.320028
vn 0.875283 -0.362807 -0.319767
vn 0.408368 -0.174046 -0.896071
vn 0.411398 -0.166100 -0.896193
vn 0.882018 -0.345870 -0.320028
vn 0.408368 -0.174046 -0.896071
vn -0.413936 0.160352 -0.896072
vn -0.416742 0.152197 -0.896193
vn 0.411398 -0.166100 -0.896193
vn -0.413936 0.160352 -0.896072
vn -0.880071 0.351033 -0.319767
vn -0.886614 0.333914 -0.320028
vn -0.416742 0.152197 -0.896193
vn -0.880071 0.351033 -0.319767
vn -0.880071 0.351033 0.319767
vn -0.886614 0.333914 0.320028
vn -0.886614 0.333914 -0.320028
vn -0.886614 0.333914 0.320028
vn -0.416742 0.152197 0.896193
vn -0.419389 0.144012 0.896311
vn -0.892815 0.316704 0.320280
vn -0.416742 0.152197 0.896193
vn 0.411398 -0.166100 0.896193
vn 0.414278 -0.158116 0.896311
vn -0.419389 0.144012 0.896311
vn 0.411398 -0.166100 0.896193
vn 0.882018 -0.345870 0.320028
vn 0.888419 -0.328836 0.320280
vn 0.414278 -0.158116 0.896311
vn 0.882018 -0.345870 0.320028
vn 0.882018 -0.345870 -0.320028
vn 0.888419 -0.328836 -0.320280
vn 0.888419 -0.328836 0.320280
vn 0.882018 -0.345870 -0.320028
vn 0.411398 -0.166100 -0.896193
vn 0.414278 -0.158116 -0.896311
vn 0.888419 -0.328836 -0.320280
vn 0.411398 -0.166100 -0.896193
vn -0.416742 0.152197 -0.896193
vn -0.419389 0.144012 -0.896311
vn 0.414278 -0.158116 -0.896311
vn -0.416742 0.152197 -0.896193
vn -0.886614 0.333914 -0.320028
vn -0.892815 0.316704 -0.320280
vn -0.419389 0.144012 -0.896311
vn -0.886614 0.333914 -0.320028
vn -0.886614 0.333914 0.320028
vn -0.892815 0.316704 0.320280
vn -0.892815 0.316704 -0.320280
vn -0.892815 0.316704 0.320280
vn -0.419389 0.144012 0.896311
vn -0.421872 0.135813 0.896425
vn -0.898665 0.299441 0.320525
vn -0.419389 0.144012 0.896311
vn 0.414278 -0.158116 0.896311
vn 0.417000 -0.150108 0.896425
vn -0.421872 0.135813 0.896425
vn 0.414278 -0.158116 0.896311
vn 0.888419 -0.328836 0.320280
vn 0.894473 -0.311739 0.320525
vn 0.417000 -0.150108 0.896425
vn 0.888419 -0.328836 0.320280
vn 0.888419 -0.328836 -0.320280
vn 0.894473 -0.311739 -0.320525
vn 0.894473 -0.311739 0.320525
vn 0.888419 -0.328836 -0.320280
vn 0.414278 -0.158116 -0.896311
vn 0.417000 -0.150108 -0.896425
vn 0.894473 -0.311739 -0.320525
vn 0.414278 -0.158116 -0.896311
vn -0.419389 0.144012 -0.896311
vn -0.421872 0.135813 -0.896425
vn 0.417000 -0.150108 -0.896425
vn -0.419389 0.144012 -0.896311
vn -0.892815 0.316704 -0.320280
vn -0.898665 0.299441 -0.320525
vn -0.421872 0.135813 -0.896425
vn -0.892815 0.316704 -0.320280
vn -0.892815 0.316704 0.320280
vn -0.898665 0.299441 0.320525
vn -0.898665 0.299441 -0.320525
vn -0.898665 0.299441 0.320525
vn -0.421872 0.135813 0.896425
vn -0.424189 0.127617 0.896536
vn -0.904156 0.282157 0.320762
vn -0.421872 0.135813 0.896425
vn 0.417000 -0.150108 0.896425
vn 0.419563 -0.142092 0.896536
vn -0.424189 0.127617 0.896536
vn 0.417000 -0.150108 0.896425
vn 0.894473 -0.311739 0.320525
vn 0.900175 -0.294614 0.320762
vn 0.419563 -0.142092 0.896536
vn 0.894473 -0.311739 0.320525
vn 0.894473 -0.311739 -0.320525
vn 0.900175 -0.294614 -0.320762
vn 0.900175 -0.294614 0.320762
vn 0.894473 -0.311739 -0.320525
vn 0.417000 -0.150108 -0.896425
vn 0.419563 -0.142092 -0.896536
vn 0.900175 -0.294614 -0.320762
vn 0.417000 -0.150108 -0.896425
vn -0.421872 0.135813 -0.896425
vn -0.424189 0.127617 -0.896536
vn 0.419563 -0.142092 -0.896536
vn -0.421872 0.135813 -0.896425
vn -0.898665 0.299441 -0.320525
vn -0.904156 0.282157 -0.320762
vn -0.424189 0.127617 -0.896536
vn -0.898665 0.299441 -0.320525
vn -0.898665 0.299441 0.320525
vn -0.904156 0.282157 0.320762
vn -0.904156 0.282157 -0.320762
vn -0.904156 0.282157 0.320762
vn -0.424189 0.127617 0.896536
vn -0.426339 0.119440 0.896643
vn -0.909284 0.264889 0.320993
vn -0.424189 0.127617 0.896536
vn 0.419563 -0.142092 0.896536
vn 0.421962 -0.134085 0.896644
vn -0.426339 0.119440 0.896643
vn 0.419563 -0.142092 0.896536
vn 0.900175 -0.294614 0.320762
vn 0.905517 -0.277494 0.320993
vn 0.421962 -0.134085 0.896644
vn 0.900175 -0.294614 0.320762
vn 0.900175 -0.294614 -0.320762
vn 0.905517 -0.277494 -0.320993
vn 0.905517 -0.277494 0.320993
vn 0.900175 -0.294614 -0.320762
vn 0.419563 -0.142092 -0.896536
vn 0.421962 -0.134085 -0.896644
vn 0.905517 -0.277494 -0.320993
vn 0.419563 -0.142092 -0.896536
vn -0.424189 0.127617 -0.896536
vn -0.426339 0.119440 -0.896643
vn 0.421962 -0.134085 -0.896644
vn -0.424189 0.127617 -0.896536
vn -0.904156 0.282157 -0.320762
vn -0.909284 0.264889 -0.320993
vn -0.426339 0.119440 -0.896643
vn -0.904156 0.282157 -0.320762
vn -0.904156 0.282157 0.320762
vn -0.909284 0.264889 0.320993
vn -0.909284 0.264889 -0.320993
vn -0.909284 0.264889 0.320993
vn -0.426339 0.119440 0.896643
vn -0.428317 0.111301 0.896748
vn -0.914044 0.247678 0.321216
vn -0.426339 0.119440 0.896643
vn 0.421962 -0.134085 0.896644
vn 0.424195 -0.126105 0.896748
vn -0.428317 0.111301 0.896748
vn 0.421962 -0.134085 0.896644
vn 0.905517 -0.277494 0.320993
vn 0.910494 -0.260423 0.321216
vn 0.424195 -0.126105 0.896748
vn 0.905517 -0.277494 0.320993
vn 0.905517 -0.277494 -0.320993
vn 0.910494 -0.260423 -0.321216
vn 0.910494 -0.260423 0.321216
vn 0.905517 -0.277494 -0.320993
vn 0.421962 -0.134085 -0.896644
vn 0.424195 -0.126105 -0.896748
vn 0.910494 -0.260423 -0.321216
vn 0.421962 -0.134085 -0.896644
vn -0.426339 0.119440 -0.896643
vn -0.428317 0.111301 -0.896748
vn 0.424195 -0.126105 -0.896748
vn -0.426339 0.119440 -0.896643
vn -0.909284 0.264889 -0.320993
vn -0.914044 0.247678 -0.321216
vn -0.428317 0.111301 -0.896748
vn -0.909284 0.264889 -0.320993
vn -0.909284 0.264889 0.320993
vn -0.914044 0.247678 0.321216
vn -0.914044 0.247678 -0.321216
vn -0.914044 0.247678 0.321216
vn -0.428317 0.111301 0.896748
vn -0.430126 0.103217 0.896849
vn -0.918435 0.230562 0.321433
vn -0.428317 0.111301 0.896748
vn 0.424195 -0.126105 0.896748
vn 0.426261 -0.118169 0.896849
vn -0.430126 0.103217 0.896849
vn 0.424195 -0.126105 0.896748
vn 0.910494 -0.260423 0.321216
vn 0.915106 -0.243437 0.321433
vn 0.426261 -0.118169 0.896849
vn 0.910494 -0.260423 0.321216
vn 0.910494 -0.260423 -0.321216
vn 0.915106 -0.243437 -0.321433
vn 0.915106 -0.243437 0.321433
vn 0.910494 -0.260423 -0.321216
vn 0.424195 -0.126105 -0.896748
vn 0.426261 -0.118169 -0.896849
vn 0.915106 -0.243437 -0.321433
vn 0.424195 -0.126105 -0.896748
vn -0.428317 0.111301 -0.896748
vn -0.430126 0.103217 -0.896849
vn 0.426261 -0.118169 -0.896849
vn -0.428317 0.111301 -0.896748
vn -0.914044 0.247678 -0.321216
vn -0.918435 0.230562 -0.321433
vn -0.430126 0.103217 -0.896849
vn -0.914044 0.247678 -0.321216
vn -0.914044 0.247678 0.321216
vn -0.918435 0.230562 0.321433
vn -0.918435 0.230562 -0.321433
vn -0.918435 0.230562 0.321433
vn -0.430126 0.103217 0.896849
vn -0.431766 0.095206 0.896947
vn -0.922458 0.213579 0.321644
vn -0.430126 0.103217 0.896849
vn 0.426261 -0.118169 0.896849
vn 0.428160 -0.110294 0.896947
vn -0.431766 0.095206 0.896947
vn 0.426261 -0.118169 0.896849
vn 0.915106 -0.243437 0.321433
vn 0.919353 -0.226574 0.321644
vn 0.428160 -0.110294 0.896947
vn 0.915106 -0.243437 0.321433
vn 0.915106 -0.243437 -0.321433
vn 0.919353 -0.226574 -0.321644
vn 0.919353 -0.226574 0.321644
vn 0.915106 -0.243437 -0.321433
vn 0.426261 -0.118169 -0.896849
vn 0.428160 -0.110294 -0.896947
vn 0.919353 -0.226574 -0.321644
vn 0.426261 -0.118169 -0.896849
vn -0.430126 0.103217 -0.896849
vn -0.431766 0.095206 -0.896947
vn 0.428160 -0.110294 -0.896947
vn -0.430126 0.103217 -0.896849
vn -0.918435 0.230562 -0.321433
vn -0.922458 0.213579 -0.321644
vn -0.431766 0.095206 -0.896947
vn -0.918435 0.230562 -0.321433
vn -0.918435 0.230562 0.321433
vn -0.922458 0.213579 0.321644
vn -0.922458 0.213579 -0.321644
vn -0.922458 0.213579 0.321644
vn -0.431766 0.095206 0.896947
vn -0.433239 0.087288 0.897042
vn -0.926117 0.196774 0.321849
vn -0.431766 0.095206 0.896947
vn 0.428160 -0.110294 0.896947
vn 0.429893 -0.102502 0.897042
vn -0.433239 0.087288 0.897042
vn 0.428160 -0.110294 0.896947
vn 0.919353 -0.226574 0.321644
vn 0.923235 -0.209880 0.321849
vn 0.429893 -0.102502 0.897042
vn 0.919353 -0.226574 0.321644
vn 0.919353 -0.226574 -0.321644
vn 0.923235 -0.209880 -0.321849
vn 0.923235 -0.209880 0.321849
vn 0.919353 -0.226574 -0.321644
vn 0.428160 -0.110294 -0.896947
vn 0.429893 -0.102502 -0.897042
vn 0.923235 -0.209880 -0.321849
vn 0.428160 -0.110294 -0.896947
vn -0.431766 0.095206 -0.896947
vn -0.433239 0.087288 -0.897042
vn 0.429893 -0.102502 -0.897042
vn -0.431766 0.095206 -0.896947
vn -0.922458 0.213579 -0.321644
vn -0.926117 0.196774 -0.321849
vn -0.433239 0.087288 -0.897042
vn -0.922458 0.213579 -0.321644
vn -0.922458 0.213579 0.321644
vn -0.926117 0.196774 0.321849
vn -0.926117 0.196774 -0.321849
vn -0.926117 0.196774 0.321849
vn -0.433239 0.087288 0.897042
vn -0.434547 0.079483 0.897135
vn -0.929418 0.180188 0.322048
vn -0.433239 0.087288 0.897042
vn 0.429893 -0.102502 0.897042
vn 0.431462 -0.094811 0.897135
vn -0.434547 0.079483 0.897135
vn 0.429893 -0.102502 0.897042
vn 0.923235 -0.209880 0.321849
vn 0.926760 -0.193395 0.322048
vn 0.431462 -0.094811 0.897135
vn 0.923235 -0.209880 0.321849
vn 0.923235 -0.209880 -0.321849
vn 0.926760 -0.193395 -0.322048
vn 0.926760 -0.193395 0.322048
vn 0.923235 -0.209880 -0.321849
vn 0.429893 -0.102502 -0.897042
vn 0.431462 -0.094811 -0.897135
vn 0.926760 -0.193395 -0.322048
vn 0.429893 -0.102502 -0.897042
vn -0.433239 0.087288 -0.897042
vn -0.434547 0.079483 -0.897135
vn 0.431462 -0.094811 -0.897135
vn -0.433239 0.087288 -0.897042
vn -0.926117 0.196774 -0.321849
vn -0.929418 0.180188 -0.322048
vn -0.434547 0.079483 -0.897135
vn -0.926117 0.196774 -0.321849
vn -0.926117 0.196774 0.321849
vn -0.929418 0.180188 0.322048
vn -0.929418 0.180188 -0.322048
vn -0.929418 0.180188 0.322048
vn -0.434547 0.079483 0.897135
vn -0.435696 0.071808 0.897225
vn -0.932368 0.163862 0.322242
vn -0.434547 0.079483 0.897135
vn 0.431462 -0.094811 0.897135
vn 0.432870 -0.087238 0.897225
vn -0.435696 0.071808 0.897225
vn 0.431462 -0.094811 0.897135
vn 0.926760 -0.193395 0.322048
vn 0.929933 -0.177159 0.322242
vn 0.432870 -0.087238 0.897225
vn 0.926760 -0.193395 0.322048
vn 0.926760 -0.193395 -0.322048
vn 0.929933 -0.177159 -0.322242
vn 0.929933 -0.177159 0.322242
vn 0.926760 -0.193395 -0.322048
vn 0.431462 -0.094811 -0.897135
vn 0.432870 -0.087238 -0.897225
vn 0.929933 -0.177159 -0.322242
vn 0.431462 -0.094811 -0.897135
vn -0.434547 0.079483 -0.897135
vn -0.435696 0.071808 -0.897225
vn 0.432870 -0.087238 -0.897225
vn -0.434547 0.079483 -0.897135
vn -0.929418 0.180188 -0.322048
vn -0.932368 0.163862 -0.322242
vn -0.435696 0.071808 -0.897225
vn -0.929418 0.180188 -0.322048
vn -0.929418 0.180188 0.322048
vn -0.932368 0.163862 0.322242
vn -0.932368 0.163862 -0.322242
vn -0.932368 0.163862 0.322242
vn -0.435696 0.071808 0.897225
vn -0.436689 0.064285 0.897313
vn -0.934977 0.147842 0.322430
vn -0.435696 0.071808 0.897225
vn 0.432870 -0.087238 0.897225
vn 0.434120 -0.079807 0.897313
vn -0.436689 0.064285 0.897313
vn 0.432870 -0.087238 0.897225
vn 0.929933 -0.177159 0.322242
vn 0.932763 -0.161221 0.322430
vn 0.434120 -0.079807 0.897313
vn 0.929933 -0.177159 0.322242
vn 0.929933 -0.177159 -0.322242
vn 0.932763 -0.161221 -0.322430
vn 0.932763 -0.161221 0.322430
vn 0.929933 -0.177159 -0.322242
vn 0.432870 -0.087238 -0.897225
vn 0.434120 -0.079807 -0.897313
vn 0.932763 -0.161221 -0.322430
vn 0.432870 -0.087238 -0.897225
vn -0.435696 0.071808 -0.897225
vn -0.436689 0.064285 -0.897313
vn 0.434120 -0.079807 -0.897313
vn -0.435696 0.071808 -0.897225
vn -0.932368 0.163862 -0.322242
vn -0.934977 0.147842 -0.322430
vn -0.436689 0.064285 -0.897313
vn -0.932368 0.163862 -0.322242
vn -0.932368 0.163862 0.322242
vn -0.934977 0.147842 0.322430
vn -0.934977 0.147842 -0.322430
vn -0.934977 0.147842 0.322430
vn -0.436689 0.064285 0.897313
vn -0.437533 0.056935 0.897398
vn -0.937257 0.132173 0.322613
vn -0.436689 0.064285 0.897313
vn 0.434120 -0.079807 0.897313
vn 0.435218 -0.072538 0.897398
vn -0.437533 0.056935 0.897398
vn 0.434120 -0.079807 0.897313
vn 0.932763 -0.161221 0.322430
vn 0.935262 -0.145623 0.322614
vn 0.435218 -0.072538 0.897398
vn 0.932763 -0.161221 0.322430
vn 0.932763 -0.161221 -0.322430
vn 0.935262 -0.145623 -0.322614
vn 0.935262 -0.145623 0.322614
vn 0.932763 -0.161221 -0.322430
vn 0.434120 -0.079807 -0.897313
vn 0.435218 -0.072538 -0.897398
vn 0.935262 -0.145623 -0.322614
vn 0.434120 -0.079807 -0.897313
vn -0.436689 0.064285 -0.897313
vn -0.437533 0.056935 -0.897398
vn 0.435218 -0.072538 -0.897398
vn -0.436689 0.064285 -0.897313
vn -0.934977 0.147842 -0.322430
vn -0.937257 0.132173 -0.322613
vn -0.437533 0.056935 -0.897398
vn -0.934977 0.147842 -0.322430
vn -0.934977 0.147842 0.322430
vn -0.937257 0.132173 0.322613
vn -0.937257 0.132173 -0.322613
vn -0.937257 0.132173 0.322613
vn -0.437533 0.056935 0.897398
vn -0.438236 0.049776 0.897481
vn -0.939223 0.116896 0.322792
vn -0.437533 0.056935 0.897398
vn 0.435218 -0.072538 0.897398
vn 0.436169 -0.065449 0.897481
vn -0.438236 0.049776 0.897481
vn 0.435218 -0.072538 0.897398
vn 0.935262 -0.145623 0.322614
vn 0.937442 -0.130410 0.322792
vn 0.436169 -0.065449 0.897481
vn 0.935262 -0.145623 0.322614
vn 0.935262 -0.145623 -0.322614
vn 0.937442 -0.130410 -0.322792
vn 0.937442 -0.130410 0.322792
vn 0.935262 -0.145623 -0.322614
vn 0.435218 -0.072538 -0.897398
vn 0.436169 -0.065449 -0.897481
vn 0.937442 -0.130410 -0.322792
vn 0.435218 -0.072538 -0.897398
vn -0.437533 0.056935 -0.897398
vn -0.438236 0.049776 -0.897481
vn 0.436169 -0.065449 -0.897481
vn -0.437533 0.056935 -0.897398
vn -0.937257 0.132173 -0.322613
vn -0.939223 0.116896 -0.322792
vn -0.438236 0.049776 -0.897481
vn -0.937257 0.132173 -0.322613
vn -0.937257 0.132173 0.322613
vn -0.939223 0.116896 0.322792
vn -0.939223 0.116896 -0.322792
vn -0.939223 0.116896 0.322792
vn -0.438236 0.049776 0.897481
vn -0.438803 0.042832 0.897562
vn -0.940891 0.102066 0.322966
vn -0.438236 0.049776 0.897481
vn 0.436169 -0.065449 0.897481
vn 0.436980 -0.058566 0.897562
vn -0.438803 0.042832 0.897562
vn 0.436169 -0.065449 0.897481
vn 0.937442 -0.130410 0.322792
vn 0.939320 -0.115633 0.322966
vn 0.436980 -0.058566 0.897562
vn 0.937442 -0.130410 0.322792
vn 0.937442 -0.130410 -0.322792
vn 0.939320 -0.115633 -0.322966
vn 0.939320 -0.115633 0.322966
vn 0.937442 -0.130410 -0.322792
vn 0.436169 -0.065449 -0.897481
vn 0.436980 -0.058566 -0.897562
vn 0.939320 -0.115633 -0.322966
vn 0.436169 -0.065449 -0.897481
vn -0.438236 0.049776 -0.897481
vn -0.438803 0.042832 -0.897562
vn 0.436980 -0.058566 -0.897562
vn -0.438236 0.049776 -0.897481
vn -0.939223 0.116896 -0.322792
vn -0.940891 0.102066 -0.322966
vn -0.438803 0.042832 -0.897562
vn -0.939223 0.116896 -0.322792
vn -0.939223 0.116896 0.322792
vn -0.940891 0.102066 0.322966
vn -0.940891 0.102066 -0.322966
vn -0.940891 0.102066 0.322966
vn -0.438803 0.042832 0.897562
vn -0.439246 0.036126 0.897640
vn -0.942278 0.087729 0.323135
vn -0.438803 0.042832 0.897562
vn 0.436980 -0.058566 0.897562
vn 0.437659 -0.051911 0.897641
vn -0.439246 0.036126 0.897640
vn 0.436980 -0.058566 0.897562
vn 0.939320 -0.115633 0.322966
vn 0.940911 -0.101343 0.323136
vn 0.437659 -0.051911 0.897641
vn 0.939320 -0.115633 0.322966
vn 0.939320 -0.115633 -0.322966
vn 0.940911 -0.101343 -0.323136
vn 0.940911 -0.101343 0.323136
vn 0.939320 -0.115633 -0.322966
vn 0.436980 -0.058566 -0.897562
vn 0.437659 -0.051911 -0.897641
vn 0.940911 -0.101343 -0.323136
vn 0.436980 -0.058566 -0.897562
vn -0.438803 0.042832 -0.897562
vn -0.439246 0.036126 -0.897640
vn 0.437659 -0.051911 -0.897641
vn -0.438803 0.042832 -0.897562
vn -0.940891 0.102066 -0.322966
vn -0.942278 0.087729 -0.323135
vn -0.439246 0.036126 -0.897640
vn -0.940891 0.102066 -0.322966
vn -0.940891 0.102066 0.322966
vn -0.942278 0.087729 0.323135
vn -0.942278 0.087729 -0.323135
vn -0.942278 0.087729 0.323135
vn -0.439246 0.036126 0.897640
vn -0.439572 0.029681 0.897717
vn -0.943403 0.073938 0.323300
vn -0.439246 0.036126 0.897640
vn 0.437659 -0.051911 0.897641
vn 0.438214 -0.045509 0.897718
vn -0.439572 0.029681 0.897717
vn 0.437659 -0.051911 0.897641
vn 0.940911 -0.101343 0.323136
vn 0.942234 -0.087590 0.323301
vn 0.438214 -0.045509 0.897718
vn 0.940911 -0.101343 0.323136
vn 0.940911 -0.101343 -0.323136
vn 0.942234 -0.087590 -0.323301
vn 0.942234 -0.087590 0.323301
vn 0.940911 -0.101343 -0.323136
vn 0.437659 -0.051911 -0.897641
vn 0.438214 -0.045509 -0.897718
vn 0.942234 -0.087590 -0.323301
vn 0.437659 -0.051911 -0.897641
vn -0.439246 0.036126 -0.897640
vn -0.439572 0.029681 -0.897717
vn 0.438214 -0.045509 -0.897718
vn -0.439246 0.036126 -0.897640
vn -0.942278 0.087729 -0.323135
vn -0.943403 0.073938 -0.323300
vn -0.439572 0.029681 -0.897717
vn -0.942278 0.087729 -0.323135
vn -0.942278 0.087729 0.323135
vn -0.943403 0.073938 0.323300
vn -0.943403 0.073938 -0.323300
vn -0.943403 0.073938 0.323300
vn -0.439572 0.029681 0.897717
vn -0.439791 0.023525 0.897792
vn -0.944289 0.060754 0.323461
vn -0.439572 0.029681 0.897717
vn 0.438214 -0.045509 0.897718
vn 0.438654 -0.039387 0.897793
vn -0.439791 0.023525 0.897792
vn 0.438214 -0.045509 0.897718
vn 0.942234 -0.087590 0.323301
vn 0.943309 -0.074439 0.323462
vn 0.438654 -0.039387 0.897793
vn 0.942234 -0.087590 0.323301
vn 0.942234 -0.087590 -0.323301
vn 0.943309 -0.074439 -0.323462
vn 0.943309 -0.074439 0.323462
vn 0.942234 -0.087590 -0.323301
vn 0.438214 -0.045509 -0.897718
vn 0.438654 -0.039387 -0.897793
vn 0.943309 -0.074439 -0.323462
vn 0.438214 -0.045509 -0.897718
vn -0.439572 0.029681 -0.897717
vn -0.439791 0.023525 -0.897792
vn 0.438654 -0.039387 -0.897793
vn -0.439572 0.029681 -0.897717
vn -0.943403 0.073938 -0.323300
vn -0.944289 0.060754 -0.323461
vn -0.439791 0.023525 -0.897792
vn -0.943403 0.073938 -0.323300
vn -0.943403 0.073938 0.323300
vn -0.944289 0.060754 0.323461
vn -0.944289 0.060754 -0.323461
vn -0.944289 0.060754 0.323461
vn -0.439791 0.023525 0.897792
vn -0.439916 0.017689 0.897865
vn -0.944957 0.048245 0.323618
vn -0.439791 0.023525 0.897792
vn 0.438654 -0.039387 0.897793
vn 0.438987 -0.033577 0.897866
vn -0.439916 0.017689 0.897865
vn 0.438654 -0.039387 0.897793
vn 0.943309 -0.074439 0.323462
vn 0.944157 -0.061954 0.323619
vn 0.438987 -0.033577 0.897866
vn 0.943309 -0.074439 0.323462
vn 0.943309 -0.074439 -0.323462
vn 0.944157 -0.061954 -0.323619
vn 0.944157 -0.061954 0.323619
vn 0.943309 -0.074439 -0.323462
vn 0.438654 -0.039387 -0.897793
vn 0.438987 -0.033577 -0.897866
vn 0.944157 -0.061954 -0.323619
vn 0.438654 -0.039387 -0.897793
vn -0.439791 0.023525 -0.897792
vn -0.439916 0.017689 -0.897865
vn 0.438987 -0.033577 -0.897866
vn -0.439791 0.023525 -0.897792
vn -0.944289 0.060754 -0.323461
vn -0.944957 0.048245 -0.323618
vn -0.439916 0.017689 -0.897865
vn -0.944289 0.060754 -0.323461
vn -0.944289 0.060754 0.323461
vn -0.944957 0.048245 0.323618
vn -0.944957 0.048245 -0.323618
vn -0.944957 0.048245 0.323618
vn -0.439916 0.017689 0.897865
vn -0.439957 0.012206 0.897936
vn -0.945432 0.036484 0.323771
vn -0.439916 0.017689 0.897865
vn 0.438987 -0.033577 0.897866
vn 0.439225 -0.028115 0.897937
vn -0.439957 0.012206 0.897936
vn 0.438987 -0.033577 0.897866
vn 0.944157 -0.061954 0.323619
vn 0.944802 -0.050213 0.323772
vn 0.439225 -0.028115 0.897937
vn 0.944157 -0.061954 0.323619
vn 0.944157 -0.061954 -0.323619
vn 0.944802 -0.050213 -0.323772
vn 0.944802 -0.050213 0.323772
vn 0.944157 -0.061954 -0.323619
vn 0.438987 -0.033577 -0.897866
vn 0.439225 -0.028115 -0.897937
vn 0.944802 -0.050213 -0.323772
vn 0.438987 -0.033577 -0.897866
vn -0.439916 0.017689 -0.897865
vn -0.439957 0.012206 -0.897936
vn 0.439225 -0.028115 -0.897937
vn -0.439916 0.017689 -0.897865
vn -0.944957 0.048245 -0.323618
vn -0.945432 0.036484 -0.323771
vn -0.439957 0.012206 -0.897936
vn -0.944957 0.048245 -0.323618
vn -0.944957 0.048245 0.323618
vn -0.945432 0.036484 0.323771
vn -0.945432 0.036484 -0.323771
vn -0.945432 0.036484 0.323771
vn -0.439957 0.012206 0.897936
vn -0.439931 0.007124 0.898003
vn -0.945739 0.025574 0.323920
vn -0.439957 0.012206 0.897936
vn 0.439225 -0.028115 0.897937
vn 0.439374 -0.023049 0.898008
vn -0.439931 0.007124 0.898003
vn 0.439225 -0.028115 0.897937
vn 0.944802 -0.050213 0.323772
vn 0.945266 -0.039321 0.323924
vn 0.439374 -0.023049 0.898008
vn 0.944802 -0.050213 0.323772
vn 0.944802 -0.050213 -0.323772
vn 0.945266 -0.039321 -0.323924
vn 0.945266 -0.039321 0.323924
vn 0.944802 -0.050213 -0.323772
vn 0.439225 -0.028115 -0.897937
vn 0.439374 -0.023049 -0.898008
vn 0.945266 -0.039321 -0.323924
vn 0.439225 -0.028115 -0.897937
vn -0.439957 0.012206 -0.897936
vn -0.439931 0.007124 -0.898003
vn 0.439374 -0.023049 -0.898008
vn -0.439957 0.012206 -0.897936
vn -0.945432 0.036484 -0.323771
vn -0.945739 0.025574 -0.323920
vn -0.439931 0.007124 -0.898003
vn -0.945432 0.036484 -0.323771
vn -0.945432 0.036484 0.323771
vn -0.945739 0.025574 0.323920
vn -0.945739 0.025574 -0.323920
vn -0.945739 0.025574 0.323920
vn -0.439931 0.007124 0.898003
vn -0.439866 0.003117 0.898058
vn -0.945891 0.016967 0.324041
vn -0.439931 0.007124 0.898003
vn 0.439374 -0.023049 0.898008
vn 0.439444 -0.019055 0.898068
vn -0.439866 0.003117 0.898058
vn 0.439374 -0.023049 0.898008
vn 0.945266 -0.039321 0.323924
vn 0.945541 -0.030734 0.324049
vn 0.439444 -0.019055 0.898068
vn 0.945266 -0.039321 0.323924
vn 0.945266 -0.039321 -0.323924
vn 0.945541 -0.030734 -0.324049
vn 0.945541 -0.030734 0.324049
vn 0.945266 -0.039321 -0.323924
vn 0.439374 -0.023049 -0.898008
vn 0.439444 -0.019055 -0.898068
vn 0.945541 -0.030734 -0.324049
vn 0.439374 -0.023049 -0.898008
vn -0.439931 0.007124 -0.898003
vn -0.439866 0.003117 -0.898058
vn 0.439444 -0.019055 -0.898068
vn -0.439931 0.007124 -0.898003
vn -0.945739 0.025574 -0.323920
vn -0.945891 0.016967 -0.324041
vn -0.439866 0.003117 -0.898058
vn -0.945739 0.025574 -0.323920
vn -0.945739 0.025574 0.323920
vn -0.945891 0.016967 0.324041
vn -0.945891 0.016967 -0.324041
vn -0.945891 0.016967 0.324041
vn -0.439866 0.003117 0.898058
vn -0.374690 -0.336613 0.863886
vn -0.834617 -0.452998 0.313381
vn -0.439866 0.003117 0.898058
vn 0.439444 -0.019055 0.898068
vn 0.362787 -0.349506 0.863847
vn -0.374690 -0.336613 0.863886
vn 0.439444 -0.019055 0.898068
vn 0.945541 -0.030734 0.324049
vn 0.818213 -0.481883 0.313555
vn 0.362787 -0.349506 0.863847
vn 0.945541 -0.030734 0.324049
vn 0.945541 -0.030734 -0.324049
vn 0.818213 -0.481883 -0.313555
vn 0.818213 -0.481883 0.313555
vn 0.945541 -0.030734 -0.324049
vn 0.439444 -0.019055 -0.898068
vn 0.362787 -0.349506 -0.863847
vn 0.818213 -0.481883 -0.313555
vn 0.439444 -0.019055 -0.898068
vn -0.439866 0.003117 -0.898058
vn -0.374690 -0.336613 -0.863886
vn 0.362787 -0.349506 -0.863847
vn -0.439866 0.003117 -0.898058
vn -0.945891 0.016967 -0.324041
vn -0.834617 -0.452998 -0.313381
vn -0.374690 -0.336613 -0.863886
vn -0.945891 0.016967 -0.324041
vn -0.945891 0.016967 0.324041
vn -0.834617 -0.452998 0.313381
vn -0.834617 -0.452998 -0.313381
vn -0.834617 -0.452998 0.313381
vn -0.374690 -0.336613 0.863886
vn -0.334136 -0.327940 0.883634
vn -0.813277 -0.460030 0.356305
vn -0.374690 -0.336613 0.863886
vn 0.362787 -0.349506 0.863847
vn 0.322963 -0.337306 0.884262
vn -0.334136 -0.327940 0.883634
vn 0.362787 -0.349506 0.863847
vn 0.818213 -0.481883 0.313555
vn 0.799017 -0.483649 0.357289
vn 0.322963 -0.337306 0.884262
vn 0.818213 -0.481883 0.313555
vn 0.818213 -0.481883 -0.313555
vn 0.799017 -0.483649 -0.357289
vn 0.799017 -0.483649 0.357289
vn 0.818213 -0.481883 -0.313555
vn 0.362787 -0.349506 -0.863847
vn 0.322963 -0.337306 -0.884262
vn 0.799017 -0.483649 -0.357289
vn 0.362787 -0.349506 -0.863847
vn -0.374690 -0.336613 -0.863886
vn -0.334136 -0.327940 -0.883634
vn 0.322963 -0.337306 -0.884262
vn -0.374690 -0.336613 -0.863886
vn -0.834617 -0.452998 -0.313381
vn -0.813277 -0.460030 -0.356305
vn -0.334136 -0.327940 -0.883634
vn -0.834617 -0.452998 -0.313381
vn -0.834617 -0.452998 0.313381
vn -0.813277 -0.460030 0.356305
vn -0.813277 -0.460030 -0.356305
vn -0.813277 -0.460030 0.356305
vn -0.334136 -0.327940 0.883634
vn -0.360565 0.004753 0.932722
vn -0.914435 0.012056 0.404554
vn -0.334136 -0.327940 0.883634
vn 0.322963 -0.337306 0.884262
vn 0.360565 -0.004748 0.932722
vn -0.360565 0.004753 0.932722
vn 0.322963 -0.337306 0.884262
vn 0.799017 -0.483649 0.357289
vn 0.914435 -0.012040 0.404554
vn 0.360565 -0.004748 0.932722
vn 0.799017 -0.483649 0.357289
vn 0.799017 -0.483649 -0.357289
vn 0.914435 -0.012040 -0.404554
vn 0.914435 -0.012040 0.404554
vn 0.799017 -0.483649 -0.357289
vn 0.322963 -0.337306 -0.884262
vn 0.360565 -0.004748 -0.932722
vn 0.914435 -0.012040 -0.404554
vn 0.322963 -0.337306 -0.884262
vn -0.334136 -0.327940 -0.883634
vn -0.360565 0.004753 -0.932722
vn 0.360565 -0.004748 -0.932722
vn -0.334136 -0.327940 -0.883634
vn -0.813277 -0.460030 -0.356305
vn -0.914435 0.012056 -0.404554
vn -0.360565 0.004753 -0.932722
vn -0.813277 -0.460030 -0.356305
vn -0.813277 -0.460030 0.356305
vn -0.914435 0.012056 0.404554
vn -0.914435 0.012056 -0.404554
vn -0.914435 0.012056 0.404554
vn -0.360565 0.004753 0.932722
vn -0.360587 0.002468 0.932722
vn -0.914492 0.006259 0.404555
vn -0.360565 0.004753 0.932722
vn 0.360565 -0.004748 0.932722
vn 0.360587 -0.002468 0.932722
vn -0.360587 0.002468 0.932722
vn 0.360565 -0.004748 0.932722
vn 0.914435 -0.012040 0.404554
vn 0.914492 -0.006259 0.404555
vn 0.360587 -0.002468 0.932722
vn 0.914435 -0.012040 0.404554
vn 0.914435 -0.012040 -0.404554
vn 0.914492 -0.006259 -0.404555
vn 0.914492 -0.006259 0.404555
vn 0.914435 -0.012040 -0.404554
vn 0.360565 -0.004748 -0.932722
vn 0.360587 -0.002468 -0.932722
vn 0.914492 -0.006259 -0.404555
vn 0.360565 -0.004748 -0.932722
vn -0.360565 0.004753 -0.932722
vn -0.360587 0.002468 -0.932722
vn 0.360587 -0.002468 -0.932722
vn -0.360565 0.004753 -0.932722
vn -0.914435 0.012056 -0.404554
vn -0.914492 0.006259 -0.404555
vn -0.360587 0.002468 -0.932722
vn -0.914435 0.012056 -0.404554
vn -0.914435 0.012056 0.404554
vn -0.914492 0.006259 0.404555
vn -0.914492 0.006259 -0.404555
vn -0.914492 0.006259 0.404555
vn -0.360587 0.002468 0.932722
vn -0.360596 0.000616 0.932722
vn -0.914513 0.001561 0.404554
vn -0.360587 0.002468 0.932722
vn 0.360587 -0.002468 0.932722
vn 0.360596 -0.000617 0.932722
vn -0.360596 0.000616 0.932722
vn 0.360587 -0.002468 0.932722
vn 0.914492 -0.006259 0.404555
vn 0.914513 -0.001565 0.404554
vn 0.360596 -0.000617 0.932722
vn 0.914492 -0.006259 0.404555
vn 0.914492 -0.006259 -0.404555
vn 0.914513 -0.001565 -0.404554
vn 0.914513 -0.001565 0.404554
vn 0.914492 -0.006259 -0.404555
vn 0.360587 -0.002468 -0.932722
vn 0.360596 -0.000617 -0.932722
vn 0.914513 -0.001565 -0.404554
vn 0.360587 -0.002468 -0.932722
vn -0.360587 0.002468 -0.932722
vn -0.360596 0.000616 -0.932722
vn 0.360596 -0.000617 -0.932722
vn -0.360587 0.002468 -0.932722
vn -0.914492 0.006259 -0.404555
vn -0.914513 0.001561 -0.404554
vn -0.360596 0.000616 -0.932722
vn -0.914492 0.006259 -0.404555
vn -0.914492 0.006259 0.404555
vn -0.914513 0.001561 0.404554
vn -0.914513 0.001561 -0.404554
vn -0.914513 0.001561 0.404554
vn -0.360596 0.000616 0.932722
vn -0.360597 -0.000198 0.932722
vn -0.914514 -0.000502 0.404554
vn -0.360596 0.000616 0.932722
vn 0.360596 -0.000617 0.932722
vn 0.360597 0.000198 0.932722
vn -0.360597 -0.000198 0.932722
vn 0.360596 -0.000617 0.932722
vn 0.914513 -0.001565 0.404554
vn 0.914514 0.000501 0.404554
vn 0.360597 0.000198 0.932722
vn 0.914513 -0.001565 0.404554
vn 0.914513 -0.001565 -0.404554
vn 0.914514 0.000501 -0.404554
vn 0.914514 0.000501 0.404554
vn 0.914513 -0.001565 -0.404554
vn 0.360596 -0.000617 -0.932722
vn 0.360597 0.000198 -0.932722
vn 0.914514 0.000501 -0.404554
vn 0.360596 -0.000617 -0.932722
vn -0.360596 0.000616 -0.932722
vn -0.360597 -0.000198 -0.932722
vn 0.360597 0.000198 -0.932722
vn -0.360596 0.000616 -0.932722
vn -0.914513 0.001561 -0.404554
vn -0.914514 -0.000502 -0.404554
vn -0.360597 -0.000198 -0.932722
vn -0.914513 0.001561 -0.404554
vn -0.914513 0.001561 0.404554
vn -0.914514 -0.000502 0.404554
vn -0.914514 -0.000502 -0.404554
vn -0.914514 -0.000502 0.404554
vn -0.360597 -0.000198 0.932722
vn -0.360596 -0.000645 0.932722
vn -0.914513 -0.001635 0.404554
vn -0.360597 -0.000198 0.932722
vn 0.360597 0.000198 0.932722
vn 0.360596 0.000645 0.932722
vn -0.360596 -0.000645 0.932722
vn 0.360597 0.000198 0.932722
vn 0.914514 0.000501 0.404554
vn 0.914513 0.001635 0.404554
vn 0.360596 0.000645 0.932722
vn 0.914514 0.000501 0.404554
vn 0.914514 0.000501 -0.404554
vn 0.914513 0.001635 -0.404554
vn 0.914513 0.001635 0.404554
vn 0.914514 0.000501 -0.404554
vn 0.360597 0.000198 -0.932722
vn 0.360596 0.000645 -0.932722
vn 0.914513 0.001635 -0.404554
vn 0.360597 0.000198 -0.932722
vn -0.360597 -0.000198 -0.932722
vn -0.360596 -0.000645 -0.932722
vn 0.360596 0.000645 -0.932722
vn -0.360597 -0.000198 -0.932722
vn -0.914514 -0.000502 -0.404554
vn -0.914513 -0.001635 -0.404554
vn -0.360596 -0.000645 -0.932722
vn -0.914514 -0.000502 -0.404554
vn -0.914514 -0.000502 0.404554
vn -0.914513 -0.001635 0.404554
vn -0.914513 -0.001635 -0.404554
vn -0.914513 -0.001635 0.404554
vn -0.360596 -0.000645 0.932722
vn -0.360595 -0.001057 0.932722
vn -0.914510 -0.002682 0.404554
vn -0.360596 -0.000645 0.932722
vn 0.360596 0.000645 0.932722
vn 0.360595 0.001056 0.932722
vn -0.360595 -0.001057 0.932722
vn 0.360596 0.000645 0.932722
vn 0.914513 0.001635 0.404554
vn 0.914510 0.002677 0.404554
vn 0.360595 0.001056 0.932722
vn 0.914513 0.001635 0.404554
vn 0.914513 0.001635 -0.404554
vn 0.914510 0.002677 -0.404554
vn 0.914510 0.002677 0.404554
vn 0.914513 0.001635 -0.404554
vn 0.360596 0.000645 -0.932722
vn 0.360595 0.001056 -0.932722
vn 0.914510 0.002677 -0.404554
vn 0.360596 0.000645 -0.932722
vn -0.360596 -0.000645 -0.932722
vn -0.360595 -0.001057 -0.932722
vn 0.360595 0.001056 -0.932722
vn -0.360596 -0.000645 -0.932722
vn -0.914513 -0.001635 -0.404554
vn -0.914510 -0.002682 -0.404554
vn -0.360595 -0.001057 -0.932722
vn -0.914513 -0.001635 -0.404554
vn -0.914513 -0.001635 0.404554
vn -0.914510 -0.002682 0.404554
vn -0.914510 -0.002682 -0.404554
vn -0.914510 -0.002682 0.404554
vn -0.360595 -0.001057 0.932722
vn -0.332263 0.314428 0.889234
vn -0.811783 0.460650 0.358902
vn -0.360595 -0.001057 0.932722
vn 0.360595 0.001056 0.932722
vn 0.330091 0.316354 0.889359
vn -0.332263 0.314428 0.889234
vn 0.360595 0.001056 0.932722
vn 0.914510 0.002677 0.404554
vn 0.808913 0.465512 0.359108
vn 0.330091 0.316354 0.889359
vn 0.914510 0.002677 0.404554
vn 0.914510 0.002677 -0.404554
vn 0.808913 0.465512 -0.359108
vn 0.808913 0.465512 0.359108
vn 0.914510 0.002677 -0.404554
vn 0.360595 0.001056 -0.932722
vn 0.330091 0.316354 -0.889359
vn 0.808913 0.465512 -0.359108
vn 0.360595 0.001056 -0.932722
vn -0.360595 -0.001057 -0.932722
vn -0.332263 0.314428 -0.889234
vn 0.330091 0.316354 -0.889359
vn -0.360595 -0.001057 -0.932722
vn -0.914510 -0.002682 -0.404554
vn -0.811783 0.460650 -0.358902
vn -0.332263 0.314428 -0.889234
vn -0.914510 -0.002682 -0.404554
vn -0.914510 -0.002682 0.404554
vn -0.811783 0.460650 0.358902
vn -0.811783 0.460650 -0.358902
vn -0.811783 0.460650 0.358902
vn -0.332263 0.314428 0.889234
vn -0.372666 0.322333 0.870185
vn -0.832805 0.454401 0.316157
vn -0.332263 0.314428 0.889234
vn 0.330091 0.316354 0.889359
vn 0.370368 0.324971 0.870184
vn -0.372666 0.322333 0.870185
vn 0.330091 0.316354 0.889359
vn 0.808913 0.465512 0.359108
vn 0.829531 0.460316 0.316206
vn 0.370368 0.324971 0.870184
vn 0.808913 0.465512 0.359108
vn 0.808913 0.465512 -0.359108
vn 0.829531 0.460316 -0.316206
vn 0.829531 0.460316 0.316206
vn 0.808913 0.465512 -0.359108
vn 0.330091 0.316354 -0.889359
vn 0.370368 0.324971 -0.870184
vn 0.829531 0.460316 -0.316206
vn 0.330091 0.316354 -0.889359
vn -0.332263 0.314428 -0.889234
vn -0.372666 0.322333 -0.870185
vn 0.370368 0.324971 -0.870184
vn -0.332263 0.314428 -0.889234
vn -0.811783 0.460650 -0.358902
vn -0.832805 0.454401 -0.316157
vn -0.372666 0.322333 -0.870185
vn -0.811783 0.460650 -0.358902
vn -0.811783 0.460650 0.358902
vn -0.832805 0.454401 0.316157
vn -0.832805 0.454401 -0.316157
vn -0.832805 0.454401 0.316157
vn -0.372666 0.322333 0.870185
vn -0.439606 0.001644 0.898189
vn -0.945960 -0.001594 0.324279
vn -0.372666 0.322333 0.870185
vn 0.370368 0.324971 0.870184
vn 0.439562 0.006320 0.898190
vn -0.439606 0.001644 0.898189
vn 0.370368 0.324971 0.870184
vn 0.829531 0.460316 0.316206
vn 0.945924 0.008470 0.324279
vn 0.439562 0.006320 0.898190
vn 0.829531 0.460316 0.316206
vn 0.829531 0.460316 -0.316206
vn 0.945924 0.008470 -0.324279
vn 0.945924 0.008470 0.324279
vn 0.829531 0.460316 -0.316206
vn 0.370368 0.324971 -0.870184
vn 0.439562 0.006320 -0.898190
vn 0.945924 0.008470 -0.324279
vn 0.370368 0.324971 -0.870184
vn -0.372666 0.322333 -0.870185
vn -0.439606 0.001644 -0.898189
vn 0.439562 0.006320 -0.898190
vn -0.372666 0.322333 -0.870185
vn -0.832805 0.454401 -0.316157
vn -0.945960 -0.001594 -0.324279
vn -0.439606 0.001644 -0.898189
vn -0.832805 0.454401 -0.316157
vn -0.832805 0.454401 0.316157
vn -0.945960 -0.001594 0.324279
vn -0.945960 -0.001594 -0.324279
vn -0.945960 -0.001594 0.324279
vn -0.439606 0.001644 0.898189
vn -0.439671 0.000785 0.898159
vn -0.945978 -0.003443 0.324213
vn -0.439606 0.001644 0.898189
vn 0.439562 0.006320 0.898190
vn 0.439612 0.007180 0.898159
vn -0.439671 0.000785 0.898159
vn 0.439562 0.006320 0.898190
vn 0.945924 0.008470 0.324279
vn 0.945928 0.010317 0.324213
vn 0.439612 0.007180 0.898159
vn 0.945924 0.008470 0.324279
vn 0.945924 0.008470 -0.324279
vn 0.945928 0.010317 -0.324213
vn 0.945928 0.010317 0.324213
vn 0.945924 0.008470 -0.324279
vn 0.439562 0.006320 -0.898190
vn 0.439612 0.007180 -0.898159
vn 0.945928 0.010317 -0.324213
vn 0.439562 0.006320 -0.898190
vn -0.439606 0.001644 -0.898189
vn -0.439671 0.000785 -0.898159
vn 0.439612 0.007180 -0.898159
vn -0.439606 0.001644 -0.898189
vn -0.945960 -0.001594 -0.324279
vn -0.945978 -0.003443 -0.324213
vn -0.439671 0.000785 -0.898159
vn -0.945960 -0.001594 -0.324279
vn -0.945960 -0.001594 0.324279
vn -0.945978 -0.003443 0.324213
vn -0.945978 -0.003443 -0.324213
vn -0.945978 -0.003443 0.324213
vn -0.439671 0.000785 0.898159
vn -0.439738 -0.000206 0.898126
vn -0.945992 -0.005573 0.324142
vn -0.439671 0.000785 0.898159
vn 0.439612 0.007180 0.898159
vn 0.439662 0.008170 0.898126
vn -0.439738 -0.000206 0.898126
vn 0.439612 0.007180 0.898159
vn 0.945928 0.010317 0.324213
vn 0.945927 0.012447 0.324142
vn 0.439662 0.008170 0.898126
vn 0.945928 0.010317 0.324213
vn 0.945928 0.010317 -0.324213
vn 0.945927 0.012447 -0.324142
vn 0.945927 0.012447 0.324142
vn 0.945928 0.010317 -0.324213
vn 0.439612 0.007180 -0.898159
vn 0.439662 0.008170 -0.898126
vn 0.945927 0.012447 -0.324142
vn 0.439612 0.007180 -0.898159
vn -0.439671 0.000785 -0.898159
vn -0.439738 -0.000206 -0.898126
vn 0.439662 0.008170 -0.898126
vn -0.439671 0.000785 -0.898159
vn -0.945978 -0.003443 -0.324213
vn -0.945992 -0.005573 -0.324142
vn -0.439738 -0.000206 -0.898126
vn -0.945978 -0.003443 -0.324213
vn -0.945978 -0.003443 0.324213
vn -0.945992 -0.005573 0.324142
vn -0.945992 -0.005573 -0.324142
vn -0.945992 -0.005573 0.324142
vn -0.439738 -0.000206 0.898126
vn -0.439805 -0.001269 0.898093
vn -0.946000 -0.007859 0.324070
vn -0.439738 -0.000206 0.898126
vn 0.439662 0.008170 0.898126
vn 0.439709 0.009233 0.898093
vn -0.439805 -0.001269 0.898093
vn 0.439662 0.008170 0.898126
vn 0.945927 0.012447 0.324142
vn 0.945918 0.014733 0.324070
vn 0.439709 0.009233 0.898093
vn 0.945927 0.012447 0.324142
vn 0.945927 0.012447 -0.324142
vn 0.945918 0.014733 -0.324070
vn 0.945918 0.014733 0.324070
vn 0.945927 0.012447 -0.324142
vn 0.439662 0.008170 -0.898126
vn 0.439709 0.009233 -0.898093
vn 0.945918 0.014733 -0.324070
vn 0.439662 0.008170 -0.898126
vn -0.439738 -0.000206 -0.898126
vn -0.439805 -0.001269 -0.898093
vn 0.439709 0.009233 -0.898093
vn -0.439738 -0.000206 -0.898126
vn -0.945992 -0.005573 -0.324142
vn -0.946000 -0.007859 -0.324070
vn -0.439805 -0.001269 -0.898093
vn -0.945992 -0.005573 -0.324142
vn -0.945992 -0.005573 0.324142
vn -0.946000 -0.007859 0.324070
vn -0.946000 -0.007859 -0.324070
vn -0.946000 -0.007859 0.324070
vn -0.439805 -0.001269 0.898093
vn -0.439869 -0.002399 0.898059
vn -0.946002 -0.010288 0.323998
vn -0.439805 -0.001269 0.898093
vn 0.439709 0.009233 0.898093
vn 0.439753 0.010363 0.898059
vn -0.439869 -0.002399 0.898059
vn 0.439709 0.009233 0.898093
vn 0.945918 0.014733 0.324070
vn 0.945902 0.017161 0.323998
vn 0.439753 0.010363 0.898059
vn 0.945918 0.014733 0.324070
vn 0.945918 0.014733 -0.324070
vn 0.945902 0.017161 -0.323998
vn 0.945902 0.017161 0.323998
vn 0.945918 0.014733 -0.324070
vn 0.439709 0.009233 -0.898093
vn 0.439753 0.010363 -0.898059
vn 0.945902 0.017161 -0.323998
vn 0.439709 0.009233 -0.898093
vn -0.439805 -0.001269 -0.898093
vn -0.439869 -0.002399 -0.898059
vn 0.439753 0.010363 -0.898059
vn -0.439805 -0.001269 -0.898093
vn -0.946000 -0.007859 -0.324070
vn -0.946002 -0.010288 -0.323998
vn -0.439869 -0.002399 -0.898059
vn -0.946000 -0.007859 -0.324070
vn -0.946000 -0.007859 0.324070
vn -0.946002 -0.010288 0.323998
vn -0.946002 -0.010288 -0.323998
vn -0.946002 -0.010288 0.323998
vn -0.439869 -0.002399 0.898059
vn -0.439930 -0.003590 0.898025
vn -0.945996 -0.012848 0.323924
vn -0.439869 -0.002399 0.898059
vn 0.439753 0.010363 0.898059
vn 0.439793 0.011553 0.898025
vn -0.439930 -0.003590 0.898025
vn 0.439753 0.010363 0.898059
vn 0.945902 0.017161 0.323998
vn 0.945877 0.019720 0.323924
vn 0.439793 0.011553 0.898025
vn 0.945902 0.017161 0.323998
vn 0.945902 0.017161 -0.323998
vn 0.945877 0.019720 -0.323924
vn 0.945877 0.019720 0.323924
vn 0.945902 0.017161 -0.323998
vn 0.439753 0.010363 -0.898059
vn 0.439793 0.011553 -0.898025
vn 0.945877 0.019720 -0.323924
vn 0.439753 0.010363 -0.898059
vn -0.439869 -0.002399 -0.898059
vn -0.439930 -0.003590 -0.898025
vn 0.439793 0.011553 -0.898025
vn -0.439869 -0.002399 -0.898059
vn -0.946002 -0.010288 -0.323998
vn -0.945996 -0.012848 -0.323924
vn -0.439930 -0.003590 -0.898025
vn -0.946002 -0.010288 -0.323998
vn -0.946002 -0.010288 0.323998
vn -0.945996 -0.012848 0.323924
vn -0.945996 -0.012848 -0.323924
vn -0.945996 -0.012848 0.323924
vn -0.439930 -0.003590 0.898025
vn -0.439989 -0.004838 0.897990
vn -0.945981 -0.015528 0.323850
vn -0.439930 -0.003590 0.898025
vn 0.439793 0.011553 0.898025
vn 0.439829 0.012800 0.897990
vn -0.439989 -0.004838 0.897990
vn 0.439793 0.011553 0.898025
vn 0.945877 0.019720 0.323924
vn 0.945843 0.022399 0.323850
vn 0.439829 0.012800 0.897990
vn 0.945877 0.019720 0.323924
vn 0.945877 0.019720 -0.323924
vn 0.945843 0.022399 -0.323850
vn 0.945843 0.022399 0.323850
vn 0.945877 0.019720 -0.323924
vn 0.439793 0.011553 -0.898025
vn 0.439829 0.012800 -0.897990
vn 0.945843 0.022399 -0.323850
vn 0.439793 0.011553 -0.898025
vn -0.439930 -0.003590 -0.898025
vn -0.439989 -0.004838 -0.897990
vn 0.439829 0.012800 -0.897990
vn -0.439930 -0.003590 -0.898025
vn -0.945996 -0.012848 -0.323924
vn -0.945981 -0.015528 -0.323850
vn -0.439989 -0.004838 -0.897990
vn -0.945996 -0.012848 -0.323924
vn -0.945996 -0.012848 0.323924
vn -0.945981 -0.015528 0.323850
vn -0.945981 -0.015528 -0.323850
vn -0.945981 -0.015528 0.323850
vn -0.439989 -0.004838 0.897990
vn -0.440044 -0.006139 0.897955
vn -0.945957 -0.018322 0.323775
vn -0.439989 -0.004838 0.897990
vn 0.439829 0.012800 0.897990
vn 0.439861 0.014100 0.897955
vn -0.440044 -0.006139 0.897955
vn 0.439829 0.012800 0.897990
vn 0.945843 0.022399 0.323850
vn 0.945799 0.025191 0.323775
vn 0.439861 0.014100 0.897955
vn 0.945843 0.022399 0.323850
vn 0.945843 0.022399 -0.323850
vn 0.945799 0.025191 -0.323775
vn 0.945799 0.025191 0.323775
vn 0.945843 0.022399 -0.323850
vn 0.439829 0.012800 -0.897990
vn 0.439861 0.014100 -0.897955
vn 0.945799 0.025191 -0.323775
vn 0.439829 0.012800 -0.897990
vn -0.439989 -0.004838 -0.897990
vn -0.440044 -0.006139 -0.897955
vn 0.439861 0.014100 -0.897955
vn -0.439989 -0.004838 -0.897990
vn -0.945981 -0.015528 -0.323850
vn -0.945957 -0.018322 -0.323775
vn -0.440044 -0.006139 -0.897955
vn -0.945981 -0.015528 -0.323850
vn -0.945981 -0.015528 0.323850
vn -0.945957 -0.018322 0.323775
vn -0.945957 -0.018322 -0.323775
vn -0.945957 -0.018322 0.323775
vn -0.440044 -0.006139 0.897955
vn -0.440096 -0.007489 0.897920
vn -0.945922 -0.021222 0.323698
vn -0.440044 -0.006139 0.897955
vn 0.439861 0.014100 0.897955
vn 0.439888 0.015450 0.897920
vn -0.440096 -0.007489 0.897920
vn 0.439861 0.014100 0.897955
vn 0.945799 0.025191 0.323775
vn 0.945743 0.028090 0.323699
vn 0.439888 0.015450 0.897920
vn 0.945799 0.025191 0.323775
vn 0.945799 0.025191 -0.323775
vn 0.945743 0.028090 -0.323699
vn 0.945743 0.028090 0.323699
vn 0.945799 0.025191 -0.323775
vn 0.439861 0.014100 -0.897955
vn 0.439888 0.015450 -0.897920
vn 0.945743 0.028090 -0.323699
vn 0.439861 0.014100 -0.897955
vn -0.440044 -0.006139 -0.897955
vn -0.440096 -0.007489 -0.897920
vn 0.439888 0.015450 -0.897920
vn -0.440044 -0.006139 -0.897955
vn -0.945957 -0.018322 -0.323775
vn -0.945922 -0.021222 -0.323698
vn -0.440096 -0.007489 -0.897920
vn -0.945957 -0.018322 -0.323775
vn -0.945957 -0.018322 0.323775
vn -0.945922 -0.021222 0.323698
vn -0.945922 -0.021222 -0.323698
vn -0.945922 -0.021222 0.323698
vn -0.440096 -0.007489 0.897920
vn -0.440143 -0.008887 0.897884
vn -0.945877 -0.024223 0.323621
vn -0.440096 -0.007489 0.897920
vn 0.439888 0.015450 0.897920
vn 0.439910 0.016847 0.897884
vn -0.440143 -0.008887 0.897884
vn 0.439888 0.015450 0.897920
vn 0.945743 0.028090 0.323699
vn 0.945676 0.031090 0.323621
vn 0.439910 0.016847 0.897884
vn 0.945743 0.028090 0.323699
vn 0.945743 0.028090 -0.323699
vn 0.945676 0.031090 -0.323621
vn 0.945676 0.031090 0.323621
vn 0.945743 0.028090 -0.323699
vn 0.439888 0.015450 -0.897920
vn 0.439910 0.016847 -0.897884
vn 0.945676 0.031090 -0.323621
vn 0.439888 0.015450 -0.897920
vn -0.440096 -0.007489 -0.897920
vn -0.440143 -0.008887 -0.897884
vn 0.439910 0.016847 -0.897884
vn -0.440096 -0.007489 -0.897920
vn -0.945922 -0.021222 -0.323698
vn -0.945877 -0.024223 -0.323621
vn -0.440143 -0.008887 -0.897884
vn -0.945922 -0.021222 -0.323698
vn -0.945922 -0.021222 0.323698
vn -0.945877 -0.024223 0.323621
vn -0.945877 -0.024223 -0.323621
vn -0.945877 -0.024223 0.323621
vn -0.440143 -0.008887 0.897884
vn -0.440185 -0.010330 0.897848
vn -0.945819 -0.027320 0.323543
vn -0.440143 -0.008887 0.897884
vn 0.439910 0.016847 0.897884
vn 0.439926 0.018288 0.897848
vn -0.440185 -0.010330 0.897848
vn 0.439910 0.016847 0.897884
vn 0.945676 0.031090 0.323621
vn 0.945596 0.034184 0.323543
vn 0.439926 0.018288 0.897848
vn 0.945676 0.031090 0.323621
vn 0.945676 0.031090 -0.323621
vn 0.945596 0.034184 -0.323543
vn 0.945596 0.034184 0.323543
vn 0.945676 0.031090 -0.323621
vn 0.439910 0.016847 -0.897884
vn 0.439926 0.018288 -0.897848
vn 0.945596 0.034184 -0.323543
vn 0.439910 0.016847 -0.897884
vn -0.440143 -0.008887 -0.897884
vn -0.440185 -0.010330 -0.897848
vn 0.439926 0.018288 -0.897848
vn -0.440143 -0.008887 -0.897884
vn -0.945877 -0.024223 -0.323621
vn -0.945819 -0.027320 -0.323543
vn -0.440185 -0.010330 -0.897848
vn -0.945877 -0.024223 -0.323621
vn -0.945877 -0.024223 0.323621
vn -0.945819 -0.027320 0.323543
vn -0.945819 -0.027320 -0.323543
vn -0.945819 -0.027320 0.323543
vn -0.440185 -0.010330 0.897848
vn -0.440223 -0.011817 0.897811
vn -0.945748 -0.030508 0.323464
vn -0.440185 -0.010330 0.897848
vn 0.439926 0.018288 0.897848
vn 0.439937 0.019773 0.897811
vn -0.440223 -0.011817 0.897811
vn 0.439926 0.018288 0.897848
vn 0.945596 0.034184 0.323543
vn 0.945502 0.037371 0.323464
vn 0.439937 0.019773 0.897811
vn 0.945596 0.034184 0.323543
vn 0.945596 0.034184 -0.323543
vn 0.945502 0.037371 -0.323464
vn 0.945502 0.037371 0.323464
vn 0.945596 0.034184 -0.323543
vn 0.439926 0.018288 -0.897848
vn 0.439937 0.019773 -0.897811
vn 0.945502 0.037371 -0.323464
vn 0.439926 0.018288 -0.897848
vn -0.440185 -0.010330 -0.897848
vn -0.440223 -0.011817 -0.897811
vn 0.439937 0.019773 -0.897811
vn -0.440185 -0.010330 -0.897848
vn -0.945819 -0.027320 -0.323543
vn -0.945748 -0.030508 -0.323464
vn -0.440223 -0.011817 -0.897811
vn -0.945819 -0.027320 -0.323543
vn -0.945819 -0.027320 0.323543
vn -0.945748 -0.030508 0.323464
vn -0.945748 -0.030508 -0.323464
vn -0.945748 -0.030508 0.323464
vn -0.440223 -0.011817 0.897811
vn -0.440255 -0.013344 0.897773
vn -0.945665 -0.033783 0.323384
vn -0.440223 -0.011817 0.897811
vn 0.439937 0.019773 0.897811
vn 0.439942 0.021298 0.897774
vn -0.440255 -0.013344 0.897773
vn 0.439937 0.019773 0.897811
vn 0.945502 0.037371 0.323464
vn 0.945394 0.040644 0.323384
vn 0.439942 0.021298 0.897774
vn 0.945502 0.037371 0.323464
vn 0.945502 0.037371 -0.323464
vn 0.945394 0.040644 -0.323384
vn 0.945394 0.040644 0.323384
vn 0.945502 0.037371 -0.323464
vn 0.439937 0.019773 -0.897811
vn 0.439942 0.021298 -0.897774
vn 0.945394 0.040644 -0.323384
vn 0.439937 0.019773 -0.897811
vn -0.440223 -0.011817 -0.897811
vn -0.440255 -0.013344 -0.897773
vn 0.439942 0.021298 -0.897774
vn -0.440223 -0.011817 -0.897811
vn -0.945748 -0.030508 -0.323464
vn -0.945665 -0.033783 -0.323384
vn -0.440255 -0.013344 -0.897773
vn -0.945748 -0.030508 -0.323464
vn -0.945748 -0.030508 0.323464
vn -0.945665 -0.033783 0.323384
vn -0.945665 -0.033783 -0.323384
vn -0.945665 -0.033783 0.323384
vn -0.440255 -0.013344 0.897773
vn -0.440282 -0.014910 0.897736
vn -0.945566 -0.037141 0.323303
vn -0.440255 -0.013344 0.897773
vn 0.439942 0.021298 0.897774
vn 0.439941 0.022862 0.897736
vn -0.440282 -0.014910 0.897736
vn 0.439942 0.021298 0.897774
vn 0.945394 0.040644 0.323384
vn 0.945272 0.044000 0.323303
vn 0.439941 0.022862 0.897736
vn 0.945394 0.040644 0.323384
vn 0.945394 0.040644 -0.323384
vn 0.945272 0.044000 -0.323303
vn 0.945272 0.044000 0.323303
vn 0.945394 0.040644 -0.323384
vn 0.439942 0.021298 -0.897774
vn 0.439941 0.022862 -0.897736
vn 0.945272 0.044000 -0.323303
vn 0.439942 0.021298 -0.897774
vn -0.440255 -0.013344 -0.897773
vn -0.440282 -0.014910 -0.897736
vn 0.439941 0.022862 -0.897736
vn -0.440255 -0.013344 -0.897773
vn -0.945665 -0.033783 -0.323384
vn -0.945566 -0.037141 -0.323303
vn -0.440282 -0.014910 -0.897736
vn -0.945665 -0.033783 -0.323384
vn -0.945665 -0.033783 0.323384
vn -0.945566 -0.037141 0.323303
vn -0.945566 -0.037141 -0.323303
vn -0.945566 -0.037141 0.323303
vn -0.440282 -0.014910 0.897736
vn -0.440303 -0.016515 0.897698
vn -0.945453 -0.040581 0.323221
vn -0.440282 -0.014910 0.897736
vn 0.439941 0.022862 0.897736
vn 0.439932 0.024465 0.897698
vn -0.440303 -0.016515 0.897698
vn 0.439941 0.022862 0.897736
vn 0.945272 0.044000 0.323303
vn 0.945134 0.047437 0.323221
vn 0.439932 0.024465 0.897698
vn 0.945272 0.044000 0.323303
vn 0.945272 0.044000 -0.323303
vn 0.945134 0.047437 -0.323221
vn 0.945134 0.047437 0.323221
vn 0.945272 0.044000 -0.323303
vn 0.439941 0.022862 -0.897736
vn 0.439932 0.024465 -0.897698
vn 0.945134 0.047437 -0.323221
vn 0.439941 0.022862 -0.897736
vn -0.440282 -0.014910 -0.897736
vn -0.440303 -0.016515 -0.897698
vn 0.439932 0.024465 -0.897698
vn -0.440282 -0.014910 -0.897736
vn -0.945566 -0.037141 -0.323303
vn -0.945453 -0.040581 -0.323221
vn -0.440303 -0.016515 -0.897698
vn -0.945566 -0.037141 -0.323303
vn -0.945566 -0.037141 0.323303
vn -0.945453 -0.040581 0.323221
vn -0.945453 -0.040581 -0.323221
vn -0.945453 -0.040581 0.323221
vn -0.440303 -0.016515 0.897698
vn -0.440317 -0.018156 0.897659
vn -0.945324 -0.044097 0.323138
vn -0.440303 -0.016515 0.897698
vn 0.439932 0.024465 0.897698
vn 0.439917 0.026103 0.897659
vn -0.440317 -0.018156 0.897659
vn 0.439932 0.024465 0.897698
vn 0.945134 0.047437 0.323221
vn 0.944979 0.050950 0.323138
vn 0.439917 0.026103 0.897659
vn 0.945134 0.047437 0.323221
vn 0.945134 0.047437 -0.323221
vn 0.944979 0.050950 -0.323138
vn 0.944979 0.050950 0.323138
vn 0.945134 0.047437 -0.323221
vn 0.439932 0.024465 -0.897698
vn 0.439917 0.026103 -0.897659
vn 0.944979 0.050950 -0.323138
vn 0.439932 0.024465 -0.897698
vn -0.440303 -0.016515 -0.897698
vn -0.440317 -0.018156 -0.897659
vn 0.439917 0.026103 -0.897659
vn -0.440303 -0.016515 -0.897698
vn -0.945453 -0.040581 -0.323221
vn -0.945324 -0.044097 -0.323138
vn -0.440317 -0.018156 -0.897659
vn -0.945453 -0.040581 -0.323221
vn -0.945453 -0.040581 0.323221
vn -0.945324 -0.044097 0.323138
vn -0.945324 -0.044097 -0.323138
vn -0.945324 -0.044097 0.323138
vn -0.440317 -0.018156 0.897659
vn -0.440325 -0.019833 0.897620
vn -0.945178 -0.047688 0.323054
vn -0.440317 -0.018156 0.897659
vn 0.439917 0.026103 0.897659
vn 0.439895 0.027777 0.897620
vn -0.440325 -0.019833 0.897620
vn 0.439917 0.026103 0.897659
vn 0.944979 0.050950 0.323138
vn 0.944808 0.054538 0.323054
vn 0.439895 0.027777 0.897620
vn 0.944979 0.050950 0.323138
vn 0.944979 0.050950 -0.323138
vn 0.944808 0.054538 -0.323054
vn 0.944808 0.054538 0.323054
vn 0.944979 0.050950 -0.323138
vn 0.439917 0.026103 -0.897659
vn 0.439895 0.027777 -0.897620
vn 0.944808 0.054538 -0.323054
vn 0.439917 0.026103 -0.897659
vn -0.440317 -0.018156 -0.897659
vn -0.440325 -0.019833 -0.897620
vn 0.439895 0.027777 -0.897620
vn -0.440317 -0.018156 -0.897659
vn -0.945324 -0.044097 -0.323138
vn -0.945178 -0.047688 -0.323054
vn -0.440325 -0.019833 -0.897620
vn -0.945324 -0.044097 -0.323138
vn -0.945324 -0.044097 0.323138
vn -0.945178 -0.047688 0.323054
vn -0.945178 -0.047688 -0.323054
vn -0.945178 -0.047688 0.323054
vn -0.440325 -0.019833 0.897620
vn -0.440325 -0.021543 0.897580
vn -0.945016 -0.051351 0.322968
vn -0.440325 -0.019833 0.897620
vn 0.439895 0.027777 0.897620
vn 0.439865 0.029484 0.897580
vn -0.440325 -0.021543 0.897580
vn 0.439895 0.027777 0.897620
vn 0.944808 0.054538 0.323054
vn 0.944619 0.058197 0.322968
vn 0.439865 0.029484 0.897580
vn 0.944808 0.054538 0.323054
vn 0.944808 0.054538 -0.323054
vn 0.944619 0.058197 -0.322968
vn 0.944619 0.058197 0.322968
vn 0.944808 0.054538 -0.323054
vn 0.439895 0.027777 -0.897620
vn 0.439865 0.029484 -0.897580
vn 0.944619 0.058197 -0.322968
vn 0.439895 0.027777 -0.897620
vn -0.440325 -0.019833 -0.897620
vn -0.440325 -0.021543 -0.897580
vn 0.439865 0.029484 -0.897580
vn -0.440325 -0.019833 -0.897620
vn -0.945178 -0.047688 -0.323054
vn -0.945016 -0.051351 -0.322968
vn -0.440325 -0.021543 -0.897580
vn -0.945178 -0.047688 -0.323054
vn -0.945178 -0.047688 0.323054
vn -0.945016 -0.051351 0.322968
vn -0.945016 -0.051351 -0.322968
vn -0.945016 -0.051351 0.322968
vn -0.440325 -0.021543 0.897580
vn -0.440318 -0.023286 0.897540
vn -0.944835 -0.055082 0.322882
vn -0.440325 -0.021543 0.897580
vn 0.439865 0.029484 0.897580
vn 0.439827 0.031224 0.897540
vn -0.440318 -0.023286 0.897540
vn 0.439865 0.029484 0.897580
vn 0.944619 0.058197 0.322968
vn 0.944411 0.061926 0.322882
vn 0.439827 0.031224 0.897540
vn 0.944619 0.058197 0.322968
vn 0.944619 0.058197 -0.322968
vn 0.944411 0.061926 -0.322882
vn 0.944411 0.061926 0.322882
vn 0.944619 0.058197 -0.322968
vn 0.439865 0.029484 -0.897580
vn 0.439827 0.031224 -0.897540
vn 0.944411 0.061926 -0.322882
vn 0.439865 0.029484 -0.897580
vn -0.440325 -0.021543 -0.897580
vn -0.440318 -0.023286 -0.897540
vn 0.439827 0.031224 -0.897540
vn -0.440325 -0.021543 -0.897580
vn -0.945016 -0.051351 -0.322968
vn -0.944835 -0.055082 -0.322882
vn -0.440318 -0.023286 -0.897540
vn -0.945016 -0.051351 -0.322968
vn -0.945016 -0.051351 0.322968
vn -0.944835 -0.055082 0.322882
vn -0.944835 -0.055082 -0.322882
vn -0.944835 -0.055082 0.322882
vn -0.440318 -0.023286 0.897540
vn -0.440304 -0.025062 0.897499
vn -0.944636 -0.058882 0.322794
vn -0.440318 -0.023286 0.897540
vn 0.439827 0.031224 0.897540
vn 0.439781 0.032995 0.897499
vn -0.440304 -0.025062 0.897499
vn 0.439827 0.031224 0.897540
vn 0.944411 0.061926 0.322882
vn 0.944185 0.065721 0.322794
vn 0.439781 0.032995 0.897499
vn 0.944411 0.061926 0.322882
vn 0.944411 0.061926 -0.322882
vn 0.944185 0.065721 -0.322794
vn 0.944185 0.065721 0.322794
vn 0.944411 0.061926 -0.322882
vn 0.439827 0.031224 -0.897540
vn 0.439781 0.032995 -0.897499
vn 0.944185 0.065721 -0.322794
vn 0.439827 0.031224 -0.897540
vn -0.440318 -0.023286 -0.897540
vn -0.440304 -0.025062 -0.897499
vn 0.439781 0.032995 -0.897499
vn -0.440318 -0.023286 -0.897540
vn -0.944835 -0.055082 -0.322882
vn -0.944636 -0.058882 -0.322794
vn -0.440304 -0.025062 -0.897499
vn -0.944835 -0.055082 -0.322882
vn -0.944835 -0.055082 0.322882
vn -0.944636 -0.058882 0.322794
vn -0.944636 -0.058882 -0.322794
vn -0.944636 -0.058882 0.322794
vn -0.440304 -0.025062 0.897499
vn -0.440282 -0.026868 0.897457
vn -0.944417 -0.062745 0.322706
vn -0.440304 -0.025062 0.897499
vn 0.439781 0.032995 0.897499
vn 0.439726 0.034797 0.897458
vn -0.440282 -0.026868 0.897457
vn 0.439781 0.032995 0.897499
vn 0.944185 0.065721 0.322794
vn 0.943938 0.069580 0.322706
vn 0.439726 0.034797 0.897458
vn 0.944185 0.065721 0.322794
vn 0.944185 0.065721 -0.322794
vn 0.943938 0.069580 -0.322706
vn 0.943938 0.069580 0.322706
vn 0.944185 0.065721 -0.322794
vn 0.439781 0.032995 -0.897499
vn 0.439726 0.034797 -0.897458
vn 0.943938 0.069580 -0.322706
vn 0.439781 0.032995 -0.897499
vn -0.440304 -0.025062 -0.897499
vn -0.440282 -0.026868 -0.897457
vn 0.439726 0.034797 -0.897458
vn -0.440304 -0.025062 -0.897499
vn -0.944636 -0.058882 -0.322794
vn -0.944417 -0.062745 -0.322706
vn -0.440282 -0.026868 -0.897457
vn -0.944636 -0.058882 -0.322794
vn -0.944636 -0.058882 0.322794
vn -0.944417 -0.062745 0.322706
vn -0.944417 -0.062745 -0.322706
vn -0.944417 -0.062745 0.322706
vn -0.440282 -0.026868 0.897457
vn -0.440251 -0.028705 0.897416
vn -0.944179 -0.066672 0.322616
vn -0.440282 -0.026868 0.897457
vn 0.439726 0.034797 0.897458
vn 0.439663 0.036629 0.897416
vn -0.440251 -0.028705 0.897416
vn 0.439726 0.034797 0.897458
vn 0.943938 0.069580 0.322706
vn 0.943672 0.073502 0.322616
vn 0.439663 0.036629 0.897416
vn 0.943938 0.069580 0.322706
vn 0.943938 0.069580 -0.322706
vn 0.943672 0.073502 -0.322616
vn 0.943672 0.073502 0.322616
vn 0.943938 0.069580 -0.322706
vn 0.439726 0.034797 -0.897458
vn 0.439663 0.036629 -0.897416
vn 0.943672 0.073502 -0.322616
vn 0.439726 0.034797 -0.897458
vn -0.440282 -0.026868 -0.897457
vn -0.440251 -0.028705 -0.897416
vn 0.439663 0.036629 -0.897416
vn -0.440282 -0.026868 -0.897457
vn -0.944417 -0.062745 -0.322706
vn -0.944179 -0.066672 -0.322616
vn -0.440251 -0.028705 -0.897416
vn -0.944417 -0.062745 -0.322706
vn -0.944417 -0.062745 0.322706
vn -0.944179 -0.066672 0.322616
vn -0.944179 -0.066672 -0.322616
vn -0.944179 -0.066672 0.322616
vn -0.440251 -0.028705 0.897416
vn -0.440212 -0.030570 0.897373
vn -0.943920 -0.070660 0.322525
vn -0.440251 -0.028705 0.897416
vn 0.439663 0.036629 0.897416
vn 0.439591 0.038490 0.897373
vn -0.440212 -0.030570 0.897373
vn 0.439663 0.036629 0.897416
vn 0.943672 0.073502 0.322616
vn 0.943384 0.077486 0.322525
vn 0.439591 0.038490 0.897373
vn 0.943672 0.073502 0.322616
vn 0.943672 0.073502 -0.322616
vn 0.943384 0.077486 -0.322525
vn 0.943384 0.077486 0.322525
vn 0.943672 0.073502 -0.322616
vn 0.439663 0.036629 -0.897416
vn 0.439591 0.038490 -0.897373
vn 0.943384 0.077486 -0.322525
vn 0.439663 0.036629 -0.897416
vn -0.440251 -0.028705 -0.897416
vn -0.440212 -0.030570 -0.897373
vn 0.439591 0.038490 -0.897373
vn -0.440251 -0.028705 -0.897416
vn -0.944179 -0.066672 -0.322616
vn -0.943920 -0.070660 -0.322525
vn -0.440212 -0.030570 -0.897373
vn -0.944179 -0.066672 -0.322616
vn -0.944179 -0.066672 0.322616
vn -0.943920 -0.070660 0.322525
vn -0.943920 -0.070660 -0.322525
vn -0.943920 -0.070660 0.322525
vn -0.440212 -0.030570 0.897373
vn -0.440165 -0.032464 0.897330
vn -0.943640 -0.074706 0.322432
vn -0.440212 -0.030570 0.897373
vn 0.439591 0.038490 0.897373
vn 0.439509 0.040378 0.897330
vn -0.440165 -0.032464 0.897330
vn 0.439591 0.038490 0.897373
vn 0.943384 0.077486 0.322525
vn 0.943075 0.081527 0.322432
vn 0.439509 0.040378 0.897330
vn 0.943384 0.077486 0.322525
vn 0.943384 0.077486 -0.322525
vn 0.943075 0.081527 -0.322432
vn 0.943075 0.081527 0.322432
vn 0.943384 0.077486 -0.322525
vn 0.439591 0.038490 -0.897373
vn 0.439509 0.040378 -0.897330
vn 0.943075 0.081527 -0.322432
vn 0.439591 0.038490 -0.897373
vn -0.440212 -0.030570 -0.897373
vn -0.440165 -0.032464 -0.897330
vn 0.439509 0.040378 -0.897330
vn -0.440212 -0.030570 -0.897373
vn -0.943920 -0.070660 -0.322525
vn -0.943640 -0.074706 -0.322432
vn -0.440165 -0.032464 -0.897330
vn -0.943920 -0.070660 -0.322525
vn -0.943920 -0.070660 0.322525
vn -0.943640 -0.074706 0.322432
vn -0.943640 -0.074706 -0.322432
vn -0.943640 -0.074706 0.322432
vn -0.440165 -0.032464 0.897330
vn -0.440108 -0.034385 0.897286
vn -0.943338 -0.078810 0.322339
vn -0.440165 -0.032464 0.897330
vn 0.439509 0.040378 0.897330
vn 0.439418 0.042294 0.897286
vn -0.440108 -0.034385 0.897286
vn 0.439509 0.040378 0.897330
vn 0.943075 0.081527 0.322432
vn 0.942744 0.085625 0.322339
vn 0.439418 0.042294 0.897286
vn 0.943075 0.081527 0.322432
vn 0.943075 0.081527 -0.322432
vn 0.942744 0.085625 -0.322339
vn 0.942744 0.085625 0.322339
vn 0.943075 0.081527 -0.322432
vn 0.439509 0.040378 -0.897330
vn 0.439418 0.042294 -0.897286
vn 0.942744 0.085625 -0.322339
vn 0.439509 0.040378 -0.897330
vn -0.440165 -0.032464 -0.897330
vn -0.440108 -0.034385 -0.897286
vn 0.439418 0.042294 -0.897286
vn -0.440165 -0.032464 -0.897330
vn -0.943640 -0.074706 -0.322432
vn -0.943338 -0.078810 -0.322339
vn -0.440108 -0.034385 -0.897286
vn -0.943640 -0.074706 -0.322432
vn -0.943640 -0.074706 0.322432
vn -0.943338 -0.078810 0.322339
vn -0.943338 -0.078810 -0.322339
vn -0.943338 -0.078810 0.322339
vn -0.440108 -0.034385 0.897286
vn -0.440041 -0.036333 0.897242
vn -0.943014 -0.082969 0.322244
vn -0.440108 -0.034385 0.897286
vn 0.439418 0.042294 0.897286
vn 0.439317 0.044236 0.897242
vn -0.440041 -0.036333 0.897242
vn 0.439418 0.042294 0.897286
vn 0.942744 0.085625 0.322339
vn 0.942390 0.089778 0.322244
vn 0.439317 0.044236 0.897242
vn 0.942744 0.085625 0.322339
vn 0.942744 0.085625 -0.322339
vn 0.942390 0.089778 -0.322244
vn 0.942390 0.089778 0.322244
vn 0.942744 0.085625 -0.322339
vn 0.439418 0.042294 -0.897286
vn 0.439317 0.044236 -0.897242
vn 0.942390 0.089778 -0.322244
vn 0.439418 0.042294 -0.897286
vn -0.440108 -0.034385 -0.897286
vn -0.440041 -0.036333 -0.897242
vn 0.439317 0.044236 -0.897242
vn -0.440108 -0.034385 -0.897286
vn -0.943338 -0.078810 -0.322339
vn -0.943014 -0.082969 -0.322244
vn -0.440041 -0.036333 -0.897242
vn -0.943338 -0.078810 -0.322339
vn -0.943338 -0.078810 0.322339
vn -0.943014 -0.082969 0.322244
vn -0.943014 -0.082969 -0.322244
vn -0.943014 -0.082969 0.322244
vn -0.440041 -0.036333 0.897242
vn -0.439965 -0.038307 0.897197
vn -0.942667 -0.087182 0.322148
vn -0.440041 -0.036333 0.897242
vn 0.439317 0.044236 0.897242
vn 0.439206 0.046203 0.897197
vn -0.439965 -0.038307 0.897197
vn 0.439317 0.044236 0.897242
vn 0.942390 0.089778 0.322244
vn 0.942013 0.093985 0.322148
vn 0.439206 0.046203 0.897197
vn 0.942390 0.089778 0.322244
vn 0.942390 0.089778 -0.322244
vn 0.942013 0.093985 -0.322148
vn 0.942013 0.093985 0.322148
vn 0.942390 0.089778 -0.322244
vn 0.439317 0.044236 -0.897242
vn 0.439206 0.046203 -0.897197
vn 0.942013 0.093985 -0.322148
vn 0.439317 0.044236 -0.897242
vn -0.440041 -0.036333 -0.897242
vn -0.439965 -0.038307 -0.897197
vn 0.439206 0.046203 -0.897197
vn -0.440041 -0.036333 -0.897242
vn -0.943014 -0.082969 -0.322244
vn -0.942667 -0.087182 -0.322148
vn -0.439965 -0.038307 -0.897197
vn -0.943014 -0.082969 -0.322244
vn -0.943014 -0.082969 0.322244
vn -0.942667 -0.087182 0.322148
vn -0.942667 -0.087182 -0.322148
vn -0.942667 -0.087182 0.322148
vn -0.439965 -0.038307 0.897197
vn -0.439880 -0.040306 0.897152
vn -0.942296 -0.091446 0.322050
vn -0.439965 -0.038307 0.897197
vn 0.439206 0.046203 0.897197
vn 0.439085 0.048196 0.897152
vn -0.439880 -0.040306 0.897152
vn 0.439206 0.046203 0.897197
vn 0.942013 0.093985 0.322148
vn 0.941611 0.098243 0.322050
vn 0.439085 0.048196 0.897152
vn 0.942013 0.093985 0.322148
vn 0.942013 0.093985 -0.322148
vn 0.941611 0.098243 -0.322050
vn 0.941611 0.098243 0.322050
vn 0.942013 0.093985 -0.322148
vn 0.439206 0.046203 -0.897197
vn 0.439085 0.048196 -0.897152
vn 0.941611 0.098243 -0.322050
vn 0.439206 0.046203 -0.897197
vn -0.439965 -0.038307 -0.897197
vn -0.439880 -0.040306 -0.897152
vn 0.439085 0.048196 -0.897152
vn -0.439965 -0.038307 -0.897197
vn -0.942667 -0.087182 -0.322148
vn -0.942296 -0.091446 -0.322050
vn -0.439880 -0.040306 -0.897152
vn -0.942667 -0.087182 -0.322148
vn -0.942667 -0.087182 0.322148
vn -0.942296 -0.091446 0.322050
vn -0.942296 -0.091446 -0.322050
vn -0.942296 -0.091446 0.322050
vn -0.439880 -0.040306 0.897152
vn -0.439784 -0.042330 0.897106
vn -0.941901 -0.095762 0.321951
vn -0.439880 -0.040306 0.897152
vn 0.439085 0.048196 0.897152
vn 0.438953 0.050212 0.897106
vn -0.439784 -0.042330 0.897106
vn 0.439085 0.048196 0.897152
vn 0.941611 0.098243 0.322050
vn 0.941186 0.102552 0.321951
vn 0.438953 0.050212 0.897106
vn 0.941611 0.098243 0.322050
vn 0.941611 0.098243 -0.322050
vn 0.941186 0.102552 -0.321951
vn 0.941186 0.102552 0.321951
vn 0.941611 0.098243 -0.322050
vn 0.439085 0.048196 -0.897152
vn 0.438953 0.050212 -0.897106
vn 0.941186 0.102552 -0.321951
vn 0.439085 0.048196 -0.897152
vn -0.439880 -0.040306 -0.897152
vn -0.439784 -0.042330 -0.897106
vn 0.438953 0.050212 -0.897106
vn -0.439880 -0.040306 -0.897152
vn -0.942296 -0.091446 -0.322050
vn -0.941901 -0.095762 -0.321951
vn -0.439784 -0.042330 -0.897106
vn -0.942296 -0.091446 -0.322050
vn -0.942296 -0.091446 0.322050
vn -0.941901 -0.095762 0.321951
vn -0.941901 -0.095762 -0.321951
vn -0.941901 -0.095762 0.321951
vn -0.439784 -0.042330 0.897106
vn -0.439677 -0.044377 0.897059
vn -0.941481 -0.100126 0.321851
vn -0.439784 -0.042330 0.897106
vn 0.438953 0.050212 0.897106
vn 0.438811 0.052252 0.897059
vn -0.439677 -0.044377 0.897059
vn 0.438953 0.050212 0.897106
vn 0.941186 0.102552 0.321951
vn 0.940735 0.106909 0.321851
vn 0.438811 0.052252 0.897059
vn 0.941186 0.102552 0.321951
vn 0.941186 0.102552 -0.321951
vn 0.940735 0.106909 -0.321851
vn 0.940735 0.106909 0.321851
vn 0.941186 0.102552 -0.321951
vn 0.438953 0.050212 -0.897106
vn 0.438811 0.052252 -0.897059
vn 0.940735 0.106909 -0.321851
vn 0.438953 0.050212 -0.897106
vn -0.439784 -0.042330 -0.897106
vn -0.439677 -0.044377 -0.897059
vn 0.438811 0.052252 -0.897059
vn -0.439784 -0.042330 -0.897106
vn -0.941901 -0.095762 -0.321951
vn -0.941481 -0.100126 -0.321851
vn -0.439677 -0.044377 -0.897059
vn -0.941901 -0.095762 -0.321951
vn -0.941901 -0.095762 0.321951
vn -0.941481 -0.100126 0.321851
vn -0.941481 -0.100126 -0.321851
vn -0.941481 -0.100126 0.321851
vn -0.439677 -0.044377 0.897059
vn -0.439560 -0.046448 0.897011
vn -0.941036 -0.104538 0.321749
vn -0.439677 -0.044377 0.897059
vn 0.438811 0.052252 0.897059
vn 0.438658 0.054314 0.897011
vn -0.439560 -0.046448 0.897011
vn 0.438811 0.052252 0.897059
vn 0.940735 0.106909 0.321851
vn 0.940259 0.111313 0.321749
vn 0.438658 0.054314 0.897011
vn 0.940735 0.106909 0.321851
vn 0.940735 0.106909 -0.321851
vn 0.940259 0.111313 -0.321749
vn 0.940259 0.111313 0.321749
vn 0.940735 0.106909 -0.321851
vn 0.438811 0.052252 -0.897059
vn 0.438658 0.054314 -0.897011
vn 0.940259 0.111313 -0.321749
vn 0.438811 0.052252 -0.897059
vn -0.439677 -0.044377 -0.897059
vn -0.439560 -0.046448 -0.897011
vn 0.438658 0.054314 -0.897011
vn -0.439677 -0.044377 -0.897059
vn -0.941481 -0.100126 -0.321851
vn -0.941036 -0.104538 -0.321749
vn -0.439560 -0.046448 -0.897011
vn -0.941481 -0.100126 -0.321851
vn -0.941481 -0.100126 0.321851
vn -0.941036 -0.104538 0.321749
vn -0.941036 -0.104538 -0.321749
vn -0.941036 -0.104538 0.321749
vn -0.439560 -0.046448 0.897011
vn -0.439432 -0.048541 0.896963
vn -0.940566 -0.108996 0.321646
vn -0.439560 -0.046448 0.897011
vn 0.438658 0.054314 0.897011
vn 0.438493 0.056399 0.896963
vn -0.439432 -0.048541 0.896963
vn 0.438658 0.054314 0.897011
vn 0.940259 0.111313 0.321749
vn 0.939757 0.115763 0.321646
vn 0.438493 0.056399 0.896963
vn 0.940259 0.111313 0.321749
vn 0.940259 0.111313 -0.321749
vn 0.939757 0.115763 -0.321646
vn 0.939757 0.115763 0.321646
vn 0.940259 0.111313 -0.321749
vn 0.438658 0.054314 -0.897011
vn 0.438493 0.056399 -0.896963
vn 0.939757 0.115763 -0.321646
vn 0.438658 0.054314 -0.897011
vn -0.439560 -0.046448 -0.897011
vn -0.439432 -0.048541 -0.896963
vn 0.438493 0.056399 -0.896963
vn -0.439560 -0.046448 -0.897011
vn -0.941036 -0.104538 -0.321749
vn -0.940566 -0.108996 -0.321646
vn -0.439432 -0.048541 -0.896963
vn -0.941036 -0.104538 -0.321749
vn -0.941036 -0.104538 0.321749
vn -0.940566 -0.108996 0.321646
vn -0.940566 -0.108996 -0.321646
vn -0.940566 -0.108996 0.321646
vn -0.439432 -0.048541 0.896963
vn -0.439293 -0.050656 0.896914
vn -0.940069 -0.113498 0.321541
vn -0.439432 -0.048541 0.896963
vn 0.438493 0.056399 0.896963
vn 0.438317 0.058505 0.896914
vn -0.439293 -0.050656 0.896914
vn 0.438493 0.056399 0.896963
vn 0.939757 0.115763 0.321646
vn 0.939228 0.120257 0.321541
vn 0.438317 0.058505 0.896914
vn 0.939757 0.115763 0.321646
vn 0.939757 0.115763 -0.321646
vn 0.939228 0.120257 -0.321541
vn 0.939228 0.120257 0.321541
vn 0.939757 0.115763 -0.321646
vn 0.438493 0.056399 -0.896963
vn 0.438317 0.058505 -0.896914
vn 0.939228 0.120257 -0.321541
vn 0.438493 0.056399 -0.896963
vn -0.439432 -0.048541 -0.896963
vn -0.439293 -0.050656 -0.896914
vn 0.438317 0.058505 -0.896914
vn -0.439432 -0.048541 -0.896963
vn -0.940566 -0.108996 -0.321646
vn -0.940069 -0.113498 -0.321541
vn -0.439293 -0.050656 -0.896914
vn -0.940566 -0.108996 -0.321646
vn -0.940566 -0.108996 0.321646
vn -0.940069 -0.113498 0.321541
vn -0.940069 -0.113498 -0.321541
vn -0.940069 -0.113498 0.321541
vn -0.439293 -0.050656 0.896914
vn -0.439143 -0.052792 0.896865
vn -0.939545 -0.118043 0.321435
vn -0.439293 -0.050656 0.896914
vn 0.438317 0.058505 0.896914
vn 0.438129 0.060631 0.896865
vn -0.439143 -0.052792 0.896865
vn 0.438317 0.058505 0.896914
vn 0.939228 0.120257 0.321541
vn 0.938673 0.124793 0.321435
vn 0.438129 0.060631 0.896865
vn 0.939228 0.120257 0.321541
vn 0.939228 0.120257 -0.321541
vn 0.938673 0.124793 -0.321435
vn 0.938673 0.124793 0.321435
vn 0.939228 0.120257 -0.321541
vn 0.438317 0.058505 -0.896914
vn 0.438129 0.060631 -0.896865
vn 0.938673 0.124793 -0.321435
vn 0.438317 0.058505 -0.896914
vn -0.439293 -0.050656 -0.896914
vn -0.439143 -0.052792 -0.896865
vn 0.438129 0.060631 -0.896865
vn -0.439293 -0.050656 -0.896914
vn -0.940069 -0.113498 -0.321541
vn -0.939545 -0.118043 -0.321435
vn -0.439143 -0.052792 -0.896865
vn -0.940069 -0.113498 -0.321541
vn -0.940069 -0.113498 0.321541
vn -0.939545 -0.118043 0.321435
vn -0.939545 -0.118043 -0.321435
vn -0.939545 -0.118043 0.321435
vn -0.439143 -0.052792 0.896865
vn -0.438981 -0.054948 0.896814
vn -0.938994 -0.122631 0.321327
vn -0.439143 -0.052792 0.896865
vn 0.438129 0.060631 0.896865
vn 0.437930 0.062778 0.896815
vn -0.438981 -0.054948 0.896814
vn 0.438129 0.060631 0.896865
vn 0.938673 0.124793 0.321435
vn 0.938089 0.129372 0.321327
vn 0.437930 0.062778 0.896815
vn 0.938673 0.124793 0.321435
vn 0.938673 0.124793 -0.321435
vn 0.938089 0.129372 -0.321327
vn 0.938089 0.129372 0.321327
vn 0.938673 0.124793 -0.321435
vn 0.438129 0.060631 -0.896865
vn 0.437930 0.062778 -0.896815
vn 0.938089 0.129372 -0.321327
vn 0.438129 0.060631 -0.896865
vn -0.439143 -0.052792 -0.896865
vn -0.438981 -0.054948 -0.896814
vn 0.437930 0.062778 -0.896815
vn -0.439143 -0.052792 -0.896865
vn -0.939545 -0.118043 -0.321435
vn -0.938994 -0.122631 -0.321327
vn -0.438981 -0.054948 -0.896814
vn -0.939545 -0.118043 -0.321435
vn -0.939545 -0.118043 0.321435
vn -0.938994 -0.122631 0.321327
vn -0.938994 -0.122631 -0.321327
vn -0.938994 -0.122631 0.321327
vn -0.438981 -0.054948 0.896814
vn -0.438808 -0.057125 0.896763
vn -0.938416 -0.127258 0.321218
vn -0.438981 -0.054948 0.896814
vn 0.437930 0.062778 0.896815
vn 0.437719 0.064945 0.896763
vn -0.438808 -0.057125 0.896763
vn 0.437930 0.062778 0.896815
vn 0.938089 0.129372 0.321327
vn 0.937478 0.133990 0.321218
vn 0.437719 0.064945 0.896763
vn 0.938089 0.129372 0.321327
vn 0.938089 0.129372 -0.321327
vn 0.937478 0.133990 -0.321218
vn 0.937478 0.133990 0.321218
vn 0.938089 0.129372 -0.321327
vn 0.437930 0.062778 -0.896815
vn 0.437719 0.064945 -0.896763
vn 0.937478 0.133990 -0.321218
vn 0.437930 0.062778 -0.896815
vn -0.438981 -0.054948 -0.896814
vn -0.438808 -0.057125 -0.896763
vn 0.437719 0.064945 -0.896763
vn -0.438981 -0.054948 -0.896814
vn -0.938994 -0.122631 -0.321327
vn -0.938416 -0.127258 -0.321218
vn -0.438808 -0.057125 -0.896763
vn -0.938994 -0.122631 -0.321327
vn -0.938994 -0.122631 0.321327
vn -0.938416 -0.127258 0.321218
vn -0.938416 -0.127258 -0.321218
vn -0.938416 -0.127258 0.321218
vn -0.438808 -0.057125 0.896763
vn -0.438622 -0.059321 0.896712
vn -0.937809 -0.131924 0.321107
vn -0.438808 -0.057125 0.896763
vn 0.437719 0.064945 0.896763
vn 0.437495 0.067130 0.896712
vn -0.438622 -0.059321 0.896712
vn 0.437719 0.064945 0.896763
vn 0.937478 0.133990 0.321218
vn 0.936839 0.138646 0.321107
vn 0.437495 0.067130 0.896712
vn 0.937478 0.133990 0.321218
vn 0.937478 0.133990 -0.321218
vn 0.936839 0.138646 -0.321107
vn 0.936839 0.138646 0.321107
vn 0.937478 0.133990 -0.321218
vn 0.437719 0.064945 -0.896763
vn 0.437495 0.067130 -0.896712
vn 0.936839 0.138646 -0.321107
vn 0.437719 0.064945 -0.896763
vn -0.438808 -0.057125 -0.896763
vn -0.438622 -0.059321 -0.896712
vn 0.437495 0.067130 -0.896712
vn -0.438808 -0.057125 -0.896763
vn -0.938416 -0.127258 -0.321218
vn -0.937809 -0.131924 -0.321107
vn -0.438622 -0.059321 -0.896712
vn -0.938416 -0.127258 -0.321218
vn -0.938416 -0.127258 0.321218
vn -0.937809 -0.131924 0.321107
vn -0.937809 -0.131924 -0.321107
vn -0.937809 -0.131924 0.321107
vn -0.438622 -0.059321 0.896712
vn -0.438424 -0.061536 0.896659
vn -0.937174 -0.136629 0.320994
vn -0.438622 -0.059321 0.896712
vn 0.437495 0.067130 0.896712
vn 0.437259 0.069334 0.896659
vn -0.438424 -0.061536 0.896659
vn 0.437495 0.067130 0.896712
vn 0.936839 0.138646 0.321107
vn 0.936171 0.143340 0.320994
vn 0.437259 0.069334 0.896659
vn 0.936839 0.138646 0.321107
vn 0.936839 0.138646 -0.321107
vn 0.936171 0.143340 -0.320994
vn 0.936171 0.143340 0.320994
vn 0.936839 0.138646 -0.321107
vn 0.437495 0.067130 -0.896712
vn 0.437259 0.069334 -0.896659
vn 0.936171 0.143340 -0.320994
vn 0.437495 0.067130 -0.896712
vn -0.438622 -0.059321 -0.896712
vn -0.438424 -0.061536 -0.896659
vn 0.437259 0.069334 -0.896659
vn -0.438622 -0.059321 -0.896712
vn -0.937809 -0.131924 -0.321107
vn -0.937174 -0.136629 -0.320994
vn -0.438424 -0.061536 -0.896659
vn -0.937809 -0.131924 -0.321107
vn -0.937809 -0.131924 0.321107
vn -0.937174 -0.136629 0.320994
vn -0.937174 -0.136629 -0.320994
vn -0.937174 -0.136629 0.320994
vn -0.438424 -0.061536 0.896659
vn -0.438214 -0.063769 0.896606
vn -0.936510 -0.141370 0.320880
vn -0.438424 -0.061536 0.896659
vn 0.437259 0.069334 0.896659
vn 0.437011 0.071555 0.896606
vn -0.438214 -0.063769 0.896606
vn 0.437259 0.069334 0.896659
vn 0.936171 0.143340 0.320994
vn 0.935474 0.148071 0.320880
vn 0.437011 0.071555 0.896606
vn 0.936171 0.143340 0.320994
vn 0.936171 0.143340 -0.320994
vn 0.935474 0.148071 -0.320880
vn 0.935474 0.148071 0.320880
vn 0.936171 0.143340 -0.320994
vn 0.437259 0.069334 -0.896659
vn 0.437011 0.071555 -0.896606
vn 0.935474 0.148071 -0.320880
vn 0.437259 0.069334 -0.896659
vn -0.438424 -0.061536 -0.896659
vn -0.438214 -0.063769 -0.896606
vn 0.437011 0.071555 -0.896606
vn -0.438424 -0.061536 -0.896659
vn -0.937174 -0.136629 -0.320994
vn -0.936510 -0.141370 -0.320880
vn -0.438214 -0.063769 -0.896606
vn -0.937174 -0.136629 -0.320994
vn -0.937174 -0.136629 0.320994
vn -0.936510 -0.141370 0.320880
vn -0.936510 -0.141370 -0.320880
vn -0.936510 -0.141370 0.320880
vn -0.438214 -0.063769 0.896606
vn -0.437992 -0.066020 0.896551
vn -0.935816 -0.146146 0.320764
vn -0.438214 -0.063769 0.896606
vn 0.437011 0.071555 0.896606
vn 0.436750 0.073794 0.896551
vn -0.437992 -0.066020 0.896551
vn 0.437011 0.071555 0.896606
vn 0.935474 0.148071 0.320880
vn 0.934747 0.152835 0.320764
vn 0.436750 0.073794 0.896551
vn 0.935474 0.148071 0.320880
vn 0.935474 0.148071 -0.320880
vn 0.934747 0.152835 -0.320764
vn 0.934747 0.152835 0.320764
vn 0.935474 0.148071 -0.320880
vn 0.437011 0.071555 -0.896606
vn 0.436750 0.073794 -0.896551
vn 0.934747 0.152835 -0.320764
vn 0.437011 0.071555 -0.896606
vn -0.438214 -0.063769 -0.896606
vn -0.437992 -0.066020 -0.896551
vn 0.436750 0.073794 -0.896551
vn -0.438214 -0.063769 -0.896606
vn -0.936510 -0.141370 -0.320880
vn -0.935816 -0.146146 -0.320764
vn -0.437992 -0.066020 -0.896551
vn -0.936510 -0.141370 -0.320880
vn -0.936510 -0.141370 0.320880
vn -0.935816 -0.146146 0.320764
vn -0.935816 -0.146146 -0.320764
vn -0.935816 -0.146146 0.320764
vn -0.437992 -0.066020 0.896551
vn -0.437757 -0.068288 0.896496
vn -0.935093 -0.150956 0.320646
vn -0.437992 -0.066020 0.896551
vn 0.436750 0.073794 0.896551
vn 0.436476 0.076049 0.896496
vn -0.437757 -0.068288 0.896496
vn 0.436750 0.073794 0.896551
vn 0.934747 0.152835 0.320764
vn 0.933990 0.157633 0.320646
vn 0.436476 0.076049 0.896496
vn 0.934747 0.152835 0.320764
vn 0.934747 0.152835 -0.320764
vn 0.933990 0.157633 -0.320646
vn 0.933990 0.157633 0.320646
vn 0.934747 0.152835 -0.320764
vn 0.436750 0.073794 -0.896551
vn 0.436476 0.076049 -0.896496
vn 0.933990 0.157633 -0.320646
vn 0.436750 0.073794 -0.896551
vn -0.437992 -0.066020 -0.896551
vn -0.437757 -0.068288 -0.896496
vn 0.436476 0.076049 -0.896496
vn -0.437992 -0.066020 -0.896551
vn -0.935816 -0.146146 -0.320764
vn -0.935093 -0.150956 -0.320646
vn -0.437757 -0.068288 -0.896496
vn -0.935816 -0.146146 -0.320764
vn -0.935816 -0.146146 0.320764
vn -0.935093 -0.150956 0.320646
vn -0.935093 -0.150956 -0.320646
vn -0.935093 -0.150956 0.320646
vn -0.437757 -0.068288 0.896496
vn -0.437509 -0.070572 0.896440
vn -0.934339 -0.155798 0.320527
vn -0.437757 -0.068288 0.896496
vn 0.436476 0.076049 0.896496
vn 0.436189 0.078320 0.896440
vn -0.437509 -0.070572 0.896440
vn 0.436476 0.076049 0.896496
vn 0.933990 0.157633 0.320646
vn 0.933203 0.162463 0.320527
vn 0.436189 0.078320 0.896440
vn 0.933990 0.157633 0.320646
vn 0.933990 0.157633 -0.320646
vn 0.933203 0.162463 -0.320527
vn 0.933203 0.162463 0.320527
vn 0.933990 0.157633 -0.320646
vn 0.436476 0.076049 -0.896496
vn 0.436189 0.078320 -0.896440
vn 0.933203 0.162463 -0.320527
vn 0.436476 0.076049 -0.896496
vn -0.437757 -0.068288 -0.896496
vn -0.437509 -0.070572 -0.896440
vn 0.436189 0.078320 -0.896440
vn -0.437757 -0.068288 -0.896496
vn -0.935093 -0.150956 -0.320646
vn -0.934339 -0.155798 -0.320527
vn -0.437509 -0.070572 -0.896440
vn -0.935093 -0.150956 -0.320646
vn -0.935093 -0.150956 0.320646
vn -0.934339 -0.155798 0.320527
vn -0.934339 -0.155798 -0.320527
vn -0.934339 -0.155798 0.320527
vn -0.437509 -0.070572 0.896440
vn -0.437248 -0.072873 0.896384
vn -0.933555 -0.160671 0.320405
vn -0.437509 -0.070572 0.896440
vn 0.436189 0.078320 0.896440
vn 0.435889 0.080607 0.896384
vn -0.437248 -0.072873 0.896384
vn 0.436189 0.078320 0.896440
vn 0.933203 0.162463 0.320527
vn 0.932386 0.167324 0.320405
vn 0.435889 0.080607 0.896384
vn 0.933203 0.162463 0.320527
vn 0.933203 0.162463 -0.320527
vn 0.932386 0.167324 -0.320405
vn 0.932386 0.167324 0.320405
vn 0.933203 0.162463 -0.320527
vn 0.436189 0.078320 -0.896440
vn 0.435889 0.080607 -0.896384
vn 0.932386 0.167324 -0.320405
vn 0.436189 0.078320 -0.896440
vn -0.437509 -0.070572 -0.896440
vn -0.437248 -0.072873 -0.896384
vn 0.435889 0.080607 -0.896384
vn -0.437509 -0.070572 -0.896440
vn -0.934339 -0.155798 -0.320527
vn -0.933555 -0.160671 -0.320405
vn -0.437248 -0.072873 -0.896384
vn -0.934339 -0.155798 -0.320527
vn -0.934339 -0.155798 0.320527
vn -0.933555 -0.160671 0.320405
vn -0.933555 -0.160671 -0.320405
vn -0.933555 -0.160671 0.320405
vn -0.437248 -0.072873 0.896384
vn -0.436975 -0.075189 0.896326
vn -0.932740 -0.165574 0.320282
vn -0.437248 -0.072873 0.896384
vn 0.435889 0.080607 0.896384
vn 0.435576 0.082908 0.896326
vn -0.436975 -0.075189 0.896326
vn 0.435889 0.080607 0.896384
vn 0.932386 0.167324 0.320405
vn 0.931537 0.172214 0.320282
vn 0.435576 0.082908 0.896326
vn 0.932386 0.167324 0.320405
vn 0.932386 0.167324 -0.320405
vn 0.931537 0.172214 -0.320282
vn 0.931537 0.172214 0.320282
vn 0.932386 0.167324 -0.320405
vn 0.435889 0.080607 -0.896384
vn 0.435576 0.082908 -0.896326
vn 0.931537 0.172214 -0.320282
vn 0.435889 0.080607 -0.896384
vn -0.437248 -0.072873 -0.896384
vn -0.436975 -0.075189 -0.896326
vn 0.435576 0.082908 -0.896326
vn -0.437248 -0.072873 -0.896384
vn -0.933555 -0.160671 -0.320405
vn -0.932740 -0.165574 -0.320282
vn -0.436975 -0.075189 -0.896326
vn -0.933555 -0.160671 -0.320405
vn -0.933555 -0.160671 0.320405
vn -0.932740 -0.165574 0.320282
vn -0.932740 -0.165574 -0.320282
vn -0.932740 -0.165574 0.320282
vn -0.436975 -0.075189 0.896326
vn -0.436687 -0.077519 0.896267
vn -0.931894 -0.170506 0.320157
vn -0.436975 -0.075189 0.896326
vn 0.435576 0.082908 0.896326
vn 0.435249 0.085224 0.896267
vn -0.436687 -0.077519 0.896267
vn 0.435576 0.082908 0.896326
vn 0.931537 0.172214 0.320282
vn 0.930658 0.177133 0.320157
vn 0.435249 0.085224 0.896267
vn 0.931537 0.172214 0.320282
vn 0.931537 0.172214 -0.320282
vn 0.930658 0.177133 -0.320157
vn 0.930658 0.177133 0.320157
vn 0.931537 0.172214 -0.320282
vn 0.435576 0.082908 -0.896326
vn 0.435249 0.085224 -0.896267
vn 0.930658 0.177133 -0.320157
vn 0.435576 0.082908 -0.896326
vn -0.436975 -0.075189 -0.896326
vn -0.436687 -0.077519 -0.896267
vn 0.435249 0.085224 -0.896267
vn -0.436975 -0.075189 -0.896326
vn -0.932740 -0.165574 -0.320282
vn -0.931894 -0.170506 -0.320157
vn -0.436687 -0.077519 -0.896267
vn -0.932740 -0.165574 -0.320282
vn -0.932740 -0.165574 0.320282
vn -0.931894 -0.170506 0.320157
vn -0.931894 -0.170506 -0.320157
vn -0.931894 -0.170506 0.320157
vn -0.436687 -0.077519 0.896267
vn -0.436387 -0.079865 0.896208
vn -0.931017 -0.175466 0.320029
vn -0.436687 -0.077519 0.896267
vn 0.435249 0.085224 0.896267
vn 0.434909 0.087554 0.896208
vn -0.436387 -0.079865 0.896208
vn 0.435249 0.085224 0.896267
vn 0.930658 0.177133 0.320157
vn 0.929746 0.182079 0.320029
vn 0.434909 0.087554 0.896208
vn 0.930658 0.177133 0.320157
vn 0.930658 0.177133 -0.320157
vn 0.929746 0.182079 -0.320029
vn 0.929746 0.182079 0.320029
vn 0.930658 0.177133 -0.320157
vn 0.435249 0.085224 -0.896267
vn 0.434909 0.087554 -0.896208
vn 0.929746 0.182079 -0.320029
vn 0.435249 0.085224 -0.896267
vn -0.436687 -0.077519 -0.896267
vn -0.436387 -0.079865 -0.896208
vn 0.434909 0.087554 -0.896208
vn -0.436687 -0.077519 -0.896267
vn -0.931894 -0.170506 -0.320157
vn -0.931017 -0.175466 -0.320029
vn -0.436387 -0.079865 -0.896208
vn -0.931894 -0.170506 -0.320157
vn -0.931894 -0.170506 0.320157
vn -0.931017 -0.175466 0.320029
vn -0.931017 -0.175466 -0.320029
vn -0.931017 -0.175466 0.320029
vn -0.436387 -0.079865 0.896208
vn -0.436073 -0.082223 0.896147
vn -0.930108 -0.180452 0.319900
vn -0.436387 -0.079865 0.896208
vn 0.434909 0.087554 0.896208
vn 0.434556 0.089898 0.896147
vn -0.436073 -0.082223 0.896147
vn 0.434909 0.087554 0.896208
vn 0.929746 0.182079 0.320029
vn 0.928804 0.187051 0.319900
vn 0.434556 0.089898 0.896147
vn 0.929746 0.182079 0.320029
vn 0.929746 0.182079 -0.320029
vn 0.928804 0.187051 -0.319900
vn 0.928804 0.187051 0.319900
vn 0.929746 0.182079 -0.320029
vn 0.434909 0.087554 -0.896208
vn 0.434556 0.089898 -0.896147
vn 0.928804 0.187051 -0.319900
vn 0.434909 0.087554 -0.896208
vn -0.436387 -0.079865 -0.896208
vn -0.436073 -0.082223 -0.896147
vn 0.434556 0.089898 -0.896147
vn -0.436387 -0.079865 -0.896208
vn -0.931017 -0.175466 -0.320029
vn -0.930108 -0.180452 -0.319900
vn -0.436073 -0.082223 -0.896147
vn -0.931017 -0.175466 -0.320029
vn -0.931017 -0.175466 0.320029
vn -0.930108 -0.180452 0.319900
vn -0.930108 -0.180452 -0.319900
vn -0.930108 -0.180452 0.319900
vn -0.436073 -0.082223 0.896147
vn -0.435746 -0.084596 0.896085
vn -0.929167 -0.185463 0.319769
vn -0.436073 -0.082223 0.896147
vn 0.434556 0.089898 0.896147
vn 0.434189 0.092254 0.896085
vn -0.435746 -0.084596 0.896085
vn 0.434556 0.089898 0.896147
vn 0.928804 0.187051 0.319900
vn 0.927829 0.192047 0.319769
vn 0.434189 0.092254 0.896085
vn 0.928804 0.187051 0.319900
vn 0.928804 0.187051 -0.319900
vn 0.927829 0.192047 -0.319769
vn 0.927829 0.192047 0.319769
vn 0.928804 0.187051 -0.319900
vn 0.434556 0.089898 -0.896147
vn 0.434189 0.092254 -0.896085
vn 0.927829 0.192047 -0.319769
vn 0.434556 0.089898 -0.896147
vn -0.436073 -0.082223 -0.896147
vn -0.435746 -0.084596 -0.896085
vn 0.434189 0.092254 -0.896085
vn -0.436073 -0.082223 -0.896147
vn -0.930108 -0.180452 -0.319900
vn -0.929167 -0.185463 -0.319769
vn -0.435746 -0.084596 -0.896085
vn -0.930108 -0.180452 -0.319900
vn -0.930108 -0.180452 0.319900
vn -0.929167 -0.185463 0.319769
vn -0.929167 -0.185463 -0.319769
vn -0.929167 -0.185463 0.319769
vn -0.435746 -0.084596 0.896085
vn -0.435405 -0.086981 0.896023
vn -0.928194 -0.190498 0.319635
vn -0.435746 -0.084596 0.896085
vn 0.434189 0.092254 0.896085
vn 0.433808 0.094622 0.896023
vn -0.435405 -0.086981 0.896023
vn 0.434189 0.092254 0.896085
vn 0.927829 0.192047 0.319769
vn 0.926821 0.197067 0.319635
vn 0.433808 0.094622 0.896023
vn 0.927829 0.192047 0.319769
vn 0.927829 0.192047 -0.319769
vn 0.926821 0.197067 -0.319635
vn 0.926821 0.197067 0.319635
vn 0.927829 0.192047 -0.319769
vn 0.434189 0.092254 -0.896085
vn 0.433808 0.094622 -0.896023
vn 0.926821 0.197067 -0.319635
vn 0.434189 0.092254 -0.896085
vn -0.435746 -0.084596 -0.896085
vn -0.435405 -0.086981 -0.896023
vn 0.433808 0.094622 -0.896023
vn -0.435746 -0.084596 -0.896085
vn -0.929167 -0.185463 -0.319769
vn -0.928194 -0.190498 -0.319635
vn -0.435405 -0.086981 -0.896023
vn -0.929167 -0.185463 -0.319769
vn -0.929167 -0.185463 0.319769
vn -0.928194 -0.190498 0.319635
vn -0.928194 -0.190498 -0.319635
vn -0.928194 -0.190498 0.319635
vn -0.435405 -0.086981 0.896023
vn -0.435050 -0.089378 0.895959
vn -0.927188 -0.195556 0.319499
vn -0.435405 -0.086981 0.896023
vn 0.433808 0.094622 0.896023
vn 0.433414 0.097002 0.895959
vn -0.435050 -0.089378 0.895959
vn 0.433808 0.094622 0.896023
vn 0.926821 0.197067 0.319635
vn 0.925782 0.202109 0.319499
vn 0.433414 0.097002 0.895959
vn 0.926821 0.197067 0.319635
vn 0.926821 0.197067 -0.319635
vn 0.925782 0.202109 -0.319499
vn 0.925782 0.202109 0.319499
vn 0.926821 0.197067 -0.319635
vn 0.433808 0.094622 -0.896023
vn 0.433414 0.097002 -0.895959
vn 0.925782 0.202109 -0.319499
vn 0.433808 0.094622 -0.896023
vn -0.435405 -0.086981 -0.896023
vn -0.435050 -0.089378 -0.895959
vn 0.433414 0.097002 -0.895959
vn -0.435405 -0.086981 -0.896023
vn -0.928194 -0.190498 -0.319635
vn -0.927188 -0.195556 -0.319499
vn -0.435050 -0.089378 -0.895959
vn -0.928194 -0.190498 -0.319635
vn -0.928194 -0.190498 0.319635
vn -0.927188 -0.195556 0.319499
vn -0.927188 -0.195556 -0.319499
vn -0.927188 -0.195556 0.319499
vn -0.435050 -0.089378 0.895959
vn -0.434681 -0.091787 0.895895
vn -0.926150 -0.200635 0.319361
vn -0.435050 -0.089378 0.895959
vn 0.433414 0.097002 0.895959
vn 0.433005 0.099393 0.895895
vn -0.434681 -0.091787 0.895895
vn 0.433414 0.097002 0.895959
vn 0.925782 0.202109 0.319499
vn 0.924710 0.207171 0.319361
vn 0.433005 0.099393 0.895895
vn 0.925782 0.202109 0.319499
vn 0.925782 0.202109 -0.319499
vn 0.924710 0.207171 -0.319361
vn 0.924710 0.207171 0.319361
vn 0.925782 0.202109 -0.319499
vn 0.433414 0.097002 -0.895959
vn 0.433005 0.099393 -0.895895
vn 0.924710 0.207171 -0.319361
vn 0.433414 0.097002 -0.895959
vn -0.435050 -0.089378 -0.895959
vn -0.434681 -0.091787 -0.895895
vn 0.433005 0.099393 -0.895895
vn -0.435050 -0.089378 -0.895959
vn -0.927188 -0.195556 -0.319499
vn -0.926150 -0.200635 -0.319361
vn -0.434681 -0.091787 -0.895895
vn -0.927188 -0.195556 -0.319499
vn -0.927188 -0.195556 0.319499
vn -0.926150 -0.200635 0.319361
vn -0.926150 -0.200635 -0.319361
vn -0.926150 -0.200635 0.319361
vn -0.434681 -0.091787 0.895895
vn -0.434299 -0.094207 0.895829
vn -0.925079 -0.205735 0.319221
vn -0.434681 -0.091787 0.895895
vn 0.433005 0.099393 0.895895
vn 0.432583 0.101795 0.895829
vn -0.434299 -0.094207 0.895829
vn 0.433005 0.099393 0.895895
vn 0.924710 0.207171 0.319361
vn 0.923605 0.212255 0.319221
vn 0.432583 0.101795 0.895829
vn 0.924710 0.207171 0.319361
vn 0.924710 0.207171 -0.319361
vn 0.923605 0.212255 -0.319221
vn 0.923605 0.212255 0.319221
vn 0.924710 0.207171 -0.319361
vn 0.433005 0.099393 -0.895895
vn 0.432583 0.101795 -0.895829
vn 0.923605 0.212255 -0.319221
vn 0.433005 0.099393 -0.895895
vn -0.434681 -0.091787 -0.895895
vn -0.434299 -0.094207 -0.895829
vn 0.432583 0.101795 -0.895829
vn -0.434681 -0.091787 -0.895895
vn -0.926150 -0.200635 -0.319361
vn -0.925079 -0.205735 -0.319221
vn -0.434299 -0.094207 -0.895829
vn -0.926150 -0.200635 -0.319361
vn -0.926150 -0.200635 0.319361
vn -0.925079 -0.205735 0.319221
vn -0.925079 -0.205735 -0.319221
vn -0.925079 -0.205735 0.319221
vn -0.434299 -0.094207 0.895829
vn -0.433903 -0.096638 0.895762
vn -0.923975 -0.210853 0.319078
vn -0.434299 -0.094207 0.895829
vn 0.432583 0.101795 0.895829
vn 0.432147 0.104207 0.895762
vn -0.433903 -0.096638 0.895762
vn 0.432583 0.101795 0.895829
vn 0.923605 0.212255 0.319221
vn 0.922467 0.217356 0.319078
vn 0.432147 0.104207 0.895762
vn 0.923605 0.212255 0.319221
vn 0.923605 0.212255 -0.319221
vn 0.922467 0.217356 -0.319078
vn 0.922467 0.217356 0.319078
vn 0.923605 0.212255 -0.319221
vn 0.432583 0.101795 -0.895829
vn 0.432147 0.104207 -0.895762
vn 0.922467 0.217356 -0.319078
vn 0.432583 0.101795 -0.895829
vn -0.434299 -0.094207 -0.895829
vn -0.433903 -0.096638 -0.895762
vn 0.432147 0.104207 -0.895762
vn -0.434299 -0.094207 -0.895829
vn -0.925079 -0.205735 -0.319221
vn -0.923975 -0.210853 -0.319078
vn -0.433903 -0.096638 -0.895762
vn -0.925079 -0.205735 -0.319221
vn -0.925079 -0.205735 0.319221
vn -0.923975 -0.210853 0.319078
vn -0.923975 -0.210853 -0.319078
vn -0.923975 -0.210853 0.319078
vn -0.433903 -0.096638 0.895762
vn -0.433492 -0.099080 0.895694
vn -0.922838 -0.215990 0.318933
vn -0.433903 -0.096638 0.895762
vn 0.432147 0.104207 0.895762
vn 0.431697 0.106629 0.895694
vn -0.433492 -0.099080 0.895694
vn 0.432147 0.104207 0.895762
vn 0.922467 0.217356 0.319078
vn 0.921296 0.222475 0.318933
vn 0.431697 0.106629 0.895694
vn 0.922467 0.217356 0.319078
vn 0.922467 0.217356 -0.319078
vn 0.921296 0.222475 -0.318933
vn 0.921296 0.222475 0.318933
vn 0.922467 0.217356 -0.319078
vn 0.432147 0.104207 -0.895762
vn 0.431697 0.106629 -0.895694
vn 0.921296 0.222475 -0.318933
vn 0.432147 0.104207 -0.895762
vn -0.433903 -0.096638 -0.895762
vn -0.433492 -0.099080 -0.895694
vn 0.431697 0.106629 -0.895694
vn -0.433903 -0.096638 -0.895762
vn -0.923975 -0.210853 -0.319078
vn -0.922838 -0.215990 -0.318933
vn -0.433492 -0.099080 -0.895694
vn -0.923975 -0.210853 -0.319078
vn -0.923975 -0.210853 0.319078
vn -0.922838 -0.215990 0.318933
vn -0.922838 -0.215990 -0.318933
vn -0.922838 -0.215990 0.318933
vn -0.433492 -0.099080 0.895694
vn -0.433068 -0.101531 0.895625
vn -0.921668 -0.221143 0.318786
vn -0.433492 -0.099080 0.895694
vn 0.431697 0.106629 0.895694
vn 0.431233 0.109060 0.895625
vn -0.433068 -0.101531 0.895625
vn 0.431697 0.106629 0.895694
vn 0.921296 0.222475 0.318933
vn 0.920092 0.227611 0.318786
vn 0.431233 0.109060 0.895625
vn 0.921296 0.222475 0.318933
vn 0.921296 0.222475 -0.318933
vn 0.920092 0.227611 -0.318786
vn 0.920092 0.227611 0.318786
vn 0.921296 0.222475 -0.318933
vn 0.431697 0.106629 -0.895694
vn 0.431233 0.109060 -0.895625
vn 0.920092 0.227611 -0.318786
vn 0.431697 0.106629 -0.895694
vn -0.433492 -0.099080 -0.895694
vn -0.433068 -0.101531 -0.895625
vn 0.431233 0.109060 -0.895625
vn -0.433492 -0.099080 -0.895694
vn -0.922838 -0.215990 -0.318933
vn -0.921668 -0.221143 -0.318786
vn -0.433068 -0.101531 -0.895625
vn -0.922838 -0.215990 -0.318933
vn -0.922838 -0.215990 0.318933
vn -0.921668 -0.221143 0.318786
vn -0.921668 -0.221143 -0.318786
vn -0.921668 -0.221143 0.318786
vn -0.433068 -0.101531 0.895625
vn -0.432629 -0.103991 0.895554
vn -0.920464 -0.226312 0.318636
vn -0.433068 -0.101531 0.895625
vn 0.431233 0.109060 0.895625
vn 0.430755 0.111500 0.895554
vn -0.432629 -0.103991 0.895554
vn 0.431233 0.109060 0.895625
vn 0.920092 0.227611 0.318786
vn 0.918854 0.232761 0.318636
vn 0.430755 0.111500 0.895554
vn 0.920092 0.227611 0.318786
vn 0.920092 0.227611 -0.318786
vn 0.918854 0.232761 -0.318636
vn 0.918854 0.232761 0.318636
vn 0.920092 0.227611 -0.318786
vn 0.431233 0.109060 -0.895625
vn 0.430755 0.111500 -0.895554
vn 0.918854 0.232761 -0.318636
vn 0.431233 0.109060 -0.895625
vn -0.433068 -0.101531 -0.895625
vn -0.432629 -0.103991 -0.895554
vn 0.430755 0.111500 -0.895554
vn -0.433068 -0.101531 -0.895625
vn -0.921668 -0.221143 -0.318786
vn -0.920464 -0.226312 -0.318636
vn -0.432629 -0.103991 -0.895554
vn -0.921668 -0.221143 -0.318786
vn -0.921668 -0.221143 0.318786
vn -0.920464 -0.226312 0.318636
vn -0.920464 -0.226312 -0.318636
vn -0.920464 -0.226312 0.318636
vn -0.432629 -0.103991 0.895554
vn -0.432177 -0.106460 0.895483
vn -0.919227 -0.231495 0.318483
vn -0.432629 -0.103991 0.895554
vn 0.430755 0.111500 0.895554
vn 0.430263 0.113948 0.895483
vn -0.432177 -0.106460 0.895483
vn 0.430755 0.111500 0.895554
vn 0.918854 0.232761 0.318636
vn 0.917584 0.237926 0.318483
vn 0.430263 0.113948 0.895483
vn 0.918854 0.232761 0.318636
vn 0.918854 0.232761 -0.318636
vn 0.917584 0.237926 -0.318483
vn 0.917584 0.237926 0.318483
vn 0.918854 0.232761 -0.318636
vn 0.430755 0.111500 -0.895554
vn 0.430263 0.113948 -0.895483
vn 0.917584 0.237926 -0.318483
vn 0.430755 0.111500 -0.895554
vn -0.432629 -0.103991 -0.895554
vn -0.432177 -0.106460 -0.895483
vn 0.430263 0.113948 -0.895483
vn -0.432629 -0.103991 -0.895554
vn -0.920464 -0.226312 -0.318636
vn -0.919227 -0.231495 -0.318483
vn -0.432177 -0.106460 -0.895483
vn -0.920464 -0.226312 -0.318636
vn -0.920464 -0.226312 0.318636
vn -0.919227 -0.231495 0.318483
vn -0.919227 -0.231495 -0.318483
vn -0.919227 -0.231495 0.318483
vn -0.432177 -0.106460 0.895483
vn -0.431711 -0.108937 0.895410
vn -0.917956 -0.236693 0.318328
vn -0.432177 -0.106460 0.895483
vn 0.430263 0.113948 0.895483
vn 0.429758 0.116404 0.895410
vn -0.431711 -0.108937 0.895410
vn 0.430263 0.113948 0.895483
vn 0.917584 0.237926 0.318483
vn 0.916279 0.243104 0.318328
vn 0.429758 0.116404 0.895410
vn 0.917584 0.237926 0.318483
vn 0.917584 0.237926 -0.318483
vn 0.916279 0.243104 -0.318328
vn 0.916279 0.243104 0.318328
vn 0.917584 0.237926 -0.318483
vn 0.430263 0.113948 -0.895483
vn 0.429758 0.116404 -0.895410
vn 0.916279 0.243104 -0.318328
vn 0.430263 0.113948 -0.895483
vn -0.432177 -0.106460 -0.895483
vn -0.431711 -0.108937 -0.895410
vn 0.429758 0.116404 -0.895410
vn -0.432177 -0.106460 -0.895483
vn -0.919227 -0.231495 -0.318483
vn -0.917956 -0.236693 -0.318328
vn -0.431711 -0.108937 -0.895410
vn -0.919227 -0.231495 -0.318483
vn -0.919227 -0.231495 0.318483
vn -0.917956 -0.236693 0.318328
vn -0.917956 -0.236693 -0.318328
vn -0.917956 -0.236693 0.318328
vn -0.431711 -0.108937 0.895410
vn -0.431230 -0.111422 0.895336
vn -0.916652 -0.241902 0.318170
vn -0.431711 -0.108937 0.895410
vn 0.429758 0.116404 0.895410
vn 0.429238 0.118867 0.895335
vn -0.431230 -0.111422 0.895336
vn 0.429758 0.116404 0.895410
vn 0.916279 0.243104 0.318328
vn 0.914942 0.248293 0.318170
vn 0.429238 0.118867 0.895335
vn 0.916279 0.243104 0.318328
vn 0.916279 0.243104 -0.318328
vn 0.914942 0.248293 -0.318170
vn 0.914942 0.248293 0.318170
vn 0.916279 0.243104 -0.318328
vn 0.429758 0.116404 -0.895410
vn 0.429238 0.118867 -0.895335
vn 0.914942 0.248293 -0.318170
vn 0.429758 0.116404 -0.895410
vn -0.431711 -0.108937 -0.895410
vn -0.431230 -0.111422 -0.895336
vn 0.429238 0.118867 -0.895335
vn -0.431711 -0.108937 -0.895410
vn -0.917956 -0.236693 -0.318328
vn -0.916652 -0.241902 -0.318170
vn -0.431230 -0.111422 -0.895336
vn -0.917956 -0.236693 -0.318328
vn -0.917956 -0.236693 0.318328
vn -0.916652 -0.241902 0.318170
vn -0.916652 -0.241902 -0.318170
vn -0.916652 -0.241902 0.318170
vn -0.431230 -0.111422 0.895336
vn -0.430736 -0.113915 0.895260
vn -0.915315 -0.247123 0.318009
vn -0.431230 -0.111422 0.895336
vn 0.429238 0.118867 0.895335
vn 0.428704 0.121337 0.895260
vn -0.430736 -0.113915 0.895260
vn 0.429238 0.118867 0.895335
vn 0.914942 0.248293 0.318170
vn 0.913571 0.253494 0.318009
vn 0.428704 0.121337 0.895260
vn 0.914942 0.248293 0.318170
vn 0.914942 0.248293 -0.318170
vn 0.913571 0.253494 -0.318009
vn 0.913571 0.253494 0.318009
vn 0.914942 0.248293 -0.318170
vn 0.429238 0.118867 -0.895335
vn 0.428704 0.121337 -0.895260
vn 0.913571 0.253494 -0.318009
vn 0.429238 0.118867 -0.895335
vn -0.431230 -0.111422 -0.895336
vn -0.430736 -0.113915 -0.895260
vn 0.428704 0.121337 -0.895260
vn -0.431230 -0.111422 -0.895336
vn -0.916652 -0.241902 -0.318170
vn -0.915315 -0.247123 -0.318009
vn -0.430736 -0.113915 -0.895260
vn -0.916652 -0.241902 -0.318170
vn -0.916652 -0.241902 0.318170
vn -0.915315 -0.247123 0.318009
vn -0.915315 -0.247123 -0.318009
vn -0.915315 -0.247123 0.318009
vn -0.430736 -0.113915 0.895260
vn -0.430227 -0.116414 0.895183
vn -0.913944 -0.252353 0.317845
vn -0.430736 -0.113915 0.895260
vn 0.428704 0.121337 0.895260
vn 0.428156 0.123813 0.895183
vn -0.430227 -0.116414 0.895183
vn 0.428704 0.121337 0.895260
vn 0.913571 0.253494 0.318009
vn 0.912166 0.258703 0.317845
vn 0.428156 0.123813 0.895183
vn 0.913571 0.253494 0.318009
vn 0.913571 0.253494 -0.318009
vn 0.912166 0.258703 -0.317845
vn 0.912166 0.258703 0.317845
vn 0.913571 0.253494 -0.318009
vn 0.428704 0.121337 -0.895260
vn 0.428156 0.123813 -0.895183
vn 0.912166 0.258703 -0.317845
vn 0.428704 0.121337 -0.895260
vn -0.430736 -0.113915 -0.895260
vn -0.430227 -0.116414 -0.895183
vn 0.428156 0.123813 -0.895183
vn -0.430736 -0.113915 -0.895260
vn -0.915315 -0.247123 -0.318009
vn -0.913944 -0.252353 -0.317845
vn -0.430227 -0.116414 -0.895183
vn -0.915315 -0.247123 -0.318009
vn -0.915315 -0.247123 0.318009
vn -0.913944 -0.252353 0.317845
vn -0.913944 -0.252353 -0.317845
vn -0.913944 -0.252353 0.317845
vn -0.430227 -0.116414 0.895183
vn -0.429705 -0.118920 0.895105
vn -0.912539 -0.257592 0.317678
vn -0.430227 -0.116414 0.895183
vn 0.428156 0.123813 0.895183
vn 0.427595 0.126295 0.895104
vn -0.429705 -0.118920 0.895105
vn 0.428156 0.123813 0.895183
vn 0.912166 0.258703 0.317845
vn 0.910729 0.263921 0.317678
vn 0.427595 0.126295 0.895104
vn 0.912166 0.258703 0.317845
vn 0.912166 0.258703 -0.317845
vn 0.910729 0.263921 -0.317678
vn 0.910729 0.263921 0.317678
vn 0.912166 0.258703 -0.317845
vn 0.428156 0.123813 -0.895183
vn 0.427595 0.126295 -0.895104
vn 0.910729 0.263921 -0.317678
vn 0.428156 0.123813 -0.895183
vn -0.430227 -0.116414 -0.895183
vn -0.429705 -0.118920 -0.895105
vn 0.427595 0.126295 -0.895104
vn -0.430227 -0.116414 -0.895183
vn -0.913944 -0.252353 -0.317845
vn -0.912539 -0.257592 -0.317678
vn -0.429705 -0.118920 -0.895105
vn -0.913944 -0.252353 -0.317845
vn -0.913944 -0.252353 0.317845
vn -0.912539 -0.257592 0.317678
vn -0.912539 -0.257592 -0.317678
vn -0.912539 -0.257592 0.317678
vn -0.429705 -0.118920 0.895105
vn -0.429168 -0.121431 0.895025
vn -0.911101 -0.262839 0.317508
vn -0.429705 -0.118920 0.895105
vn 0.427595 0.126295 0.895104
vn 0.427020 0.128783 0.895025
vn -0.429168 -0.121431 0.895025
vn 0.427595 0.126295 0.895104
vn 0.910729 0.263921 0.317678
vn 0.909257 0.269146 0.317508
vn 0.427020 0.128783 0.895025
vn 0.910729 0.263921 0.317678
vn 0.910729 0.263921 -0.317678
vn 0.909257 0.269146 -0.317508
vn 0.909257 0.269146 0.317508
vn 0.910729 0.263921 -0.317678
vn 0.427595 0.126295 -0.895104
vn 0.427020 0.128783 -0.895025
vn 0.909257 0.269146 -0.317508
vn 0.427595 0.126295 -0.895104
vn -0.429705 -0.118920 -0.895105
vn -0.429168 -0.121431 -0.895025
vn 0.427020 0.128783 -0.895025
vn -0.429705 -0.118920 -0.895105
vn -0.912539 -0.257592 -0.317678
vn -0.911101 -0.262839 -0.317508
vn -0.429168 -0.121431 -0.895025
vn -0.912539 -0.257592 -0.317678
vn -0.912539 -0.257592 0.317678
vn -0.911101 -0.262839 0.317508
vn -0.911101 -0.262839 -0.317508
vn -0.911101 -0.262839 0.317508
vn -0.429168 -0.121431 0.895025
vn -0.428618 -0.123948 0.894943
vn -0.909629 -0.268092 0.317335
vn -0.429168 -0.121431 0.895025
vn 0.427020 0.128783 0.895025
vn 0.426431 0.131275 0.894943
vn -0.428618 -0.123948 0.894943
vn 0.427020 0.128783 0.895025
vn 0.909257 0.269146 0.317508
vn 0.907753 0.274377 0.317335
vn 0.426431 0.131275 0.894943
vn 0.909257 0.269146 0.317508
vn 0.909257 0.269146 -0.317508
vn 0.907753 0.274377 -0.317335
vn 0.907753 0.274377 0.317335
vn 0.909257 0.269146 -0.317508
vn 0.427020 0.128783 -0.895025
vn 0.426431 0.131275 -0.894943
vn 0.907753 0.274377 -0.317335
vn 0.427020 0.128783 -0.895025
vn -0.429168 -0.121431 -0.895025
vn -0.428618 -0.123948 -0.894943
vn 0.426431 0.131275 -0.894943
vn -0.429168 -0.121431 -0.895025
vn -0.911101 -0.262839 -0.317508
vn -0.909629 -0.268092 -0.317335
vn -0.428618 -0.123948 -0.894943
vn -0.911101 -0.262839 -0.317508
vn -0.911101 -0.262839 0.317508
vn -0.909629 -0.268092 0.317335
vn -0.909629 -0.268092 -0.317335
vn -0.909629 -0.268092 0.317335
vn -0.428618 -0.123948 0.894943
vn -0.428396 -0.126268 0.894725
vn -0.908438 -0.272695 0.316826
vn -0.428618 -0.123948 0.894943
vn 0.426431 0.131275 0.894943
vn 0.426132 0.134240 0.894646
vn -0.428396 -0.126268 0.894725
vn 0.426431 0.131275 0.894943
vn 0.907753 0.274377 0.317335
vn 0.906091 0.280476 0.316751
vn 0.426132 0.134240 0.894646
vn 0.907753 0.274377 0.317335
vn 0.907753 0.274377 -0.317335
vn 0.906091 0.280476 -0.316751
vn 0.906091 0.280476 0.316751
vn 0.907753 0.274377 -0.317335
vn 0.426431 0.131275 -0.894943
vn 0.426132 0.134240 -0.894646
vn 0.906091 0.280476 -0.316751
vn 0.426431 0.131275 -0.894943
vn -0.428618 -0.123948 -0.894943
vn -0.428396 -0.126268 -0.894725
vn 0.426132 0.134240 -0.894646
vn -0.428618 -0.123948 -0.894943
vn -0.909629 -0.268092 -0.317335
vn -0.908438 -0.272695 -0.316826
vn -0.428396 -0.126268 -0.894725
vn -0.909629 -0.268092 -0.317335
vn -0.909629 -0.268092 0.317335
vn -0.908438 -0.272695 0.316826
vn -0.908438 -0.272695 -0.316826
vn -0.908438 -0.272695 0.316826
vn -0.428396 -0.126268 0.894725
vn -0.438512 -0.076530 0.895461
vn -0.933203 -0.167822 0.317753
vn -0.428396 -0.126268 0.894725
vn 0.426132 0.134240 0.894646
vn 0.437097 0.084828 0.895405
vn -0.438512 -0.076530 0.895461
vn 0.426132 0.134240 0.894646
vn 0.906091 0.280476 0.316751
vn 0.931717 0.175932 0.317729
vn 0.437097 0.084828 0.895405
vn 0.906091 0.280476 0.316751
vn 0.906091 0.280476 -0.316751
vn 0.931717 0.175932 -0.317729
vn 0.931717 0.175932 0.317729
vn 0.906091 0.280476 -0.316751
vn 0.426132 0.134240 -0.894646
vn 0.437097 0.084828 -0.895405
vn 0.931717 0.175932 -0.317729
vn 0.426132 0.134240 -0.894646
vn -0.428396 -0.126268 -0.894725
vn -0.438512 -0.076530 -0.895461
vn 0.437097 0.084828 -0.895405
vn -0.428396 -0.126268 -0.894725
vn -0.908438 -0.272695 -0.316826
vn -0.933203 -0.167822 -0.317753
vn -0.438512 -0.076530 -0.895461
vn -0.908438 -0.272695 -0.316826
vn -0.908438 -0.272695 0.316826
vn -0.933203 -0.167822 0.317753
vn -0.933203 -0.167822 -0.317753
vn -0.933203 -0.167822 0.317753
vn -0.438512 -0.076530 0.895461
vn -0.444626 0.026875 0.895313
vn -0.946821 0.052173 0.317502
vn -0.438512 -0.076530 0.895461
vn 0.437097 0.084828 0.895405
vn 0.444854 -0.019620 0.895388
vn -0.444626 0.026875 0.895313
vn 0.437097 0.084828 0.895405
vn 0.931717 0.175932 0.317729
vn 0.947068 -0.046932 0.317585
vn 0.444854 -0.019620 0.895388
vn 0.931717 0.175932 0.317729
vn 0.931717 0.175932 -0.317729
vn 0.947068 -0.046932 -0.317585
vn 0.947068 -0.046932 0.317585
vn 0.931717 0.175932 -0.317729
vn 0.437097 0.084828 -0.895405
vn 0.444854 -0.019620 -0.895388
vn 0.947068 -0.046932 -0.317585
vn 0.437097 0.084828 -0.895405
vn -0.438512 -0.076530 -0.895461
vn -0.444626 0.026875 -0.895313
vn 0.444854 -0.019620 -0.895388
vn -0.438512 -0.076530 -0.895461
vn -0.933203 -0.167822 -0.317753
vn -0.946821 0.052173 -0.317502
vn -0.444626 0.026875 -0.895313
vn -0.933203 -0.167822 -0.317753
vn -0.933203 -0.167822 0.317753
vn -0.946821 0.052173 0.317502
vn -0.946821 0.052173 -0.317502
vn -0.946821 0.052173 0.317502
vn -0.444626 0.026875 0.895313
vn -0.436623 0.096279 0.894478
vn -0.927464 0.199393 0.316311
vn -0.444626 0.026875 0.895313
vn 0.444854 -0.019620 0.895388
vn 0.438027 -0.089274 0.894518
vn -0.436623 0.096279 0.894478
vn 0.444854 -0.019620 0.895388
vn 0.947068 -0.046932 0.317585
vn 0.928519 -0.194398 0.316325
vn 0.438027 -0.089274 0.894518
vn 0.947068 -0.046932 0.317585
vn 0.947068 -0.046932 -0.317585
vn 0.928519 -0.194398 -0.316325
vn 0.928519 -0.194398 0.316325
vn 0.947068 -0.046932 -0.317585
vn 0.444854 -0.019620 -0.895388
vn 0.438027 -0.089274 -0.894518
vn 0.928519 -0.194398 -0.316325
vn 0.444854 -0.019620 -0.895388
vn -0.444626 0.026875 -0.895313
vn -0.436623 0.096279 -0.894478
vn 0.438027 -0.089274 -0.894518
vn -0.444626 0.026875 -0.895313
vn -0.946821 0.052173 -0.317502
vn -0.927464 0.199393 -0.316311
vn -0.436623 0.096279 -0.894478
vn -0.946821 0.052173 -0.317502
vn -0.946821 0.052173 0.317502
vn -0.927464 0.199393 0.316311
vn -0.927464 0.199393 -0.316311
vn -0.927464 0.199393 0.316311
vn -0.436623 0.096279 0.894478
vn -0.428736 0.126439 0.894538
vn -0.911230 0.263667 0.316447
vn -0.436623 0.096279 0.894478
vn 0.438027 -0.089274 0.894518
vn 0.430777 -0.119119 0.894562
vn -0.428736 0.126439 0.894538
vn 0.438027 -0.089274 0.894518
vn 0.928519 -0.194398 0.316325
vn 0.912983 -0.257509 0.316466
vn 0.430777 -0.119119 0.894562
vn 0.928519 -0.194398 0.316325
vn 0.928519 -0.194398 -0.316325
vn 0.912983 -0.257509 -0.316466
vn 0.912983 -0.257509 0.316466
vn 0.928519 -0.194398 -0.316325
vn 0.438027 -0.089274 -0.894518
vn 0.430777 -0.119119 -0.894562
vn 0.912983 -0.257509 -0.316466
vn 0.438027 -0.089274 -0.894518
vn -0.436623 0.096279 -0.894478
vn -0.428736 0.126439 -0.894538
vn 0.430777 -0.119119 -0.894562
vn -0.436623 0.096279 -0.894478
vn -0.927464 0.199393 -0.316311
vn -0.911230 0.263667 -0.316447
vn -0.428736 0.126439 -0.894538
vn -0.927464 0.199393 -0.316311
vn -0.927464 0.199393 0.316311
vn -0.911230 0.263667 0.316447
vn -0.911230 0.263667 -0.316447
vn -0.911230 0.263667 0.316447
vn -0.428736 0.126439 0.894538
vn -0.424910 0.139491 0.894424
vn -0.902838 0.291317 0.316257
vn -0.428736 0.126439 0.894538
vn 0.430777 -0.119119 0.894562
vn 0.427124 -0.132309 0.894460
vn -0.424910 0.139491 0.894424
vn 0.430777 -0.119119 0.894562
vn 0.912983 -0.257509 0.316466
vn 0.904744 -0.285310 0.316285
vn 0.427124 -0.132309 0.894460
vn 0.912983 -0.257509 0.316466
vn 0.912983 -0.257509 -0.316466
vn 0.904744 -0.285310 -0.316285
vn 0.904744 -0.285310 0.316285
vn 0.912983 -0.257509 -0.316466
vn 0.430777 -0.119119 -0.894562
vn 0.427124 -0.132309 -0.894460
vn 0.904744 -0.285310 -0.316285
vn 0.430777 -0.119119 -0.894562
vn -0.428736 0.126439 -0.894538
vn -0.424910 0.139491 -0.894424
vn 0.427124 -0.132309 -0.894460
vn -0.428736 0.126439 -0.894538
vn -0.911230 0.263667 -0.316447
vn -0.902838 0.291317 -0.316257
vn -0.424910 0.139491 -0.894424
vn -0.911230 0.263667 -0.316447
vn -0.911230 0.263667 0.316447
vn -0.902838 0.291317 0.316257
vn -0.902838 0.291317 -0.316257
vn -0.000000 -1.000000 0.000000
vn -0.000000 -1.000000 0.000000
vn -0.000000 -1.000000 0.000000
vn -0.000000 -1.000000 0.000000
vn -0.000000 -1.000000 0.000000
vn -0.000000 -1.000000 0.000000
vn -0.000000 -1.000000 0.000000
vn -0.000000 -1.000000 0.000000
vn -0.000000 -1.000000 0.000000
vn -0.000000 -1.000000 0.000000
vn -0.000000 -1.000000 0.000000
vn -0.000000 -1.000000 0.000000
vn -0.000000 -1.000000 0.000000
vn -0.000000 -1.000000 0.000000
vn -0.000000 -1.000000 0.000000
vn -0.000000 -1.000000 0.000000
vn -0.000000 -1.000000 0.000000
vn -0.000000 -1.000000 0.000000
vn -0.000000 -1.000000 0.000000
vn -0.000000 -1.000000 0.000000
vn -0.000000 -1.000000 0.000000
vn -0.000000 -1.000000 0.000000
vn -0.000000 -1.000000 0.000000
vn -0.000000 -1.000000 0.000000
vn -0.000000 1.000000 0.000000
vn -0.000000 1.000000 0.000000
vn -0.000000 1.000000 0.000000
vn -0.000000 1.000000 0.000000
vn -0.000000 1.000000 0.000000
vn -0.000000 1.000000 0.000000
vn -0.000000 1.000000 0.000000
vn -0.000000 1.000000 0.000000
vn -0.000000 1.000000 0.000000
vn -0.000000 1.000000 0.000000
vn -0.000000 1.000000 0.000000
vn -0.000000 1.000000 0.000000
vn -0.000000 1.000000 0.000000
vn -0.000000 1.000000 0.000000
vn -0.000000 1.000000 0.000000
vn -0.000000 1.000000 0.000000
vn -0.000000 1.000000 0.000000
vn -0.000000 1.000000 0.000000
vn -0.000000 1.000000 0.000000
vn -0.000000 1.000000 0.000000
vn -0.000000 1.000000 0.000000
vn -0.000000 1.000000 0.000000
vn -0.000000 1.000000 0.000000
vn -0.000000 1.000000 0.000000
vn 0.997465 -0.071162 0.000000
vn 0.498732 -0.035581 -0.866025
vn 0.498732 -0.035581 -0.866025
vn 0.997465 -0.071162 0.000000
vn 0.498732 -0.035581 -0.866025
vn -0.498732 0.035581 -0.866025
vn -0.498732 0.035581 -0.866025
vn 0.498732 -0.035581 -0.866025
vn -0.498732 0.035581 -0.866025
vn -0.997465 0.071162 -0.000000
vn -0.997465 0.071162 -0.000000
vn -0.498732 0.035581 -0.866025
vn -0.997465 0.071162 -0.000000
vn -0.498732 0.035581 0.866025
vn -0.498732 0.035581 0.866025
vn -0.997465 0.071162 -0.000000
vn -0.498732 0.035581 0.866025
vn 0.498732 -0.035581 0.866025
vn 0.498732 -0.035581 0.866025
vn -0.498732 0.035581 0.866025
vn 0.498732 -0.035581 0.866025
vn 0.997465 -0.071162 0.000000
vn 0.997465 -0.071162 0.000000
vn 0.498732 -0.035581 0.866025
vn 0.992754 0.120164 0.000000
vn 0.496377 0.060082 -0.866025
vn 0.496377 0.060082 -0.866025
vn 0.992754 0.120164 0.000000
vn 0.496377 0.060082 -0.866025
vn -0.496377 -0.060082 -0.866025
vn -0.496377 -0.060082 -0.866025
vn 0.496377 0.060082 -0.866025
vn -0.496377 -0.060082 -0.866025
vn -0.992754 -0.120164 0.000000
vn -0.992754 -0.120164 0.000000
vn -0.496377 -0.060082 -0.866025
vn -0.992754 -0.120164 0.000000
vn -0.496377 -0.060082 0.866025
vn -0.496377 -0.060082 0.866025
vn -0.992754 -0.120164 0.000000
vn -0.496377 -0.060082 0.866025
vn 0.496377 0.060082 0.866025
vn 0.496377 0.060082 0.866025
vn -0.496377 -0.060082 0.866025
vn 0.496377 0.060082 0.866025
vn 0.992754 0.120164 0.000000
vn 0.992754 0.120164 0.000000
vn 0.496377 0.060082 0.866025
vn 0.119852 0.957710 -0.261586
vn 0.119852 0.957710 -0.261586
vn 0.183794 0.944499 -0.272288
vn 0.183794 0.944499 -0.272288
vn 0.119852 0.957710 0.261586
vn 0.119852 0.957710 0.261586
vn 0.183794 0.944499 0.272288
vn 0.183794 0.944499 0.272288
vn 0.119852 -0.957710 0.261586
vn 0.119852 -0.957710 0.261586
vn 0.183794 -0.944499 0.272288
vn 0.183794 -0.944499 0.272288
vn 0.119852 -0.957710 -0.261586
vn 0.119852 -0.957710 -0.261586
vn 0.183794 -0.944499 -0.272288
vn 0.183794 -0.944499 -0.272288
vn -0.020954 0.963283 -0.267670
vn -0.020954 0.963283 -0.267670
vn 0.119852 0.957710 -0.261586
vn 0.119852 0.957710 -0.261586
vn -0.020954 0.963283 0.267670
vn -0.020954 0.963283 0.267670
vn 0.119852 0.957710 0.261586
vn 0.119852 0.957710 0.261586
vn -0.020954 -0.963283 0.267670
vn -0.020954 -0.963283 0.267670
vn 0.119852 -0.957710 0.261586
vn 0.119852 -0.957710 0.261586
vn -0.020954 -0.963283 -0.267670
vn -0.020954 -0.963283 -0.267670
vn 0.119852 -0.957710 -0.261586
vn 0.119852 -0.957710 -0.261586
vn -0.077184 0.913814 -0.398730
vn -0.077184 0.913814 -0.398730
vn -0.020954 0.963283 -0.267670
vn -0.020954 0.963283 -0.267670
vn -0.077184 0.913814 0.398730
vn -0.077184 0.913814 0.398730
vn -0.020954 0.963283 0.267670
vn -0.020954 0.963283 0.267670
vn -0.077184 -0.913814 0.398730
vn -0.077184 -0.913814 0.398730
vn -0.020954 -0.963283 0.267670
vn -0.020954 -0.963283 0.267670
vn -0.077184 -0.913814 -0.398730
vn -0.077184 -0.913814 -0.398730
vn -0.020954 -0.963283 -0.267670
vn -0.020954 -0.963283 -0.267670
vn -0.056032 0.859855 -0.507455
vn -0.056032 0.859855 -0.507455
vn -0.077184 0.913814 -0.398730
vn -0.077184 0.913814 -0.398730
vn -0.056032 0.859855 0.507455
vn -0.056032 0.859855 0.507455
vn -0.077184 0.913814 0.398730
vn -0.077184 0.913814 0.398730
vn -0.056032 -0.859855 0.507455
vn -0.056032 -0.859855 0.507455
vn -0.077184 -0.913814 0.398730
vn -0.077184 -0.913814 0.398730
vn -0.056032 -0.859855 -0.507455
vn -0.056032 -0.859855 -0.507455
vn -0.077184 -0.913814 -0.398730
vn -0.077184 -0.913814 -0.398730
vn 1.000000 0.000000 0.000000
vn 1.000000 0.000000 0.000000
vn 1.000000 0.000000 0.000000
vn 1.000000 0.000000 0.000000
vn 1.000000 0.000000 0.000000
vn 1.000000 0.000000 0.000000
vn 1.000000 0.000000 0.000000
vn 1.000000 0.000000 0.000000
vn 1.000000 0.000000 0.000000
vn 1.000000 0.000000 0.000000
vn 1.000000 0.000000 0.000000
vn 1.000000 0.000000 0.000000
vn 0.088540 -0.000000 -0.996073
vn 0.088540 0.704330 -0.704330
vn 0.088540 0.704330 -0.704330
vn 0.088540 -0.000000 -0.996073
vn 0.088540 0.704330 -0.704330
vn 0.088540 0.996073 0.000000
vn 0.088540 0.996073 0.000000
vn 0.088540 0.704330 -0.704330
vn 0.088540 0.996073 0.000000
vn 0.088540 0.704330 0.704330
vn 0.088540 0.704330 0.704330
vn 0.088540 0.996073 0.000000
vn 0.088540 0.704330 0.704330
vn 0.088540 0.000000 0.996073
vn 0.088540 0.000000 0.996073
vn 0.088540 0.704330 0.704330
vn 0.088540 0.000000 0.996073
vn 0.088540 -0.704330 0.704330
vn 0.088540 -0.704330 0.704330
vn 0.088540 0.000000 0.996073
vn 0.088540 -0.704330 0.704330
vn 0.088540 -0.996073 0.000000
vn 0.088540 -0.996073 0.000000
vn 0.088540 -0.704330 0.704330
vn 0.088540 -0.996073 0.000000
vn 0.088540 -0.704330 -0.704330
vn 0.088540 -0.704330 -0.704330
vn 0.088540 -0.996073 0.000000
vn 0.088540 -0.704330 -0.704330
vn 0.088540 -0.000000 -0.996073
vn 0.088540 -0.000000 -0.996073
vn 0.088540 -0.704330 -0.704330
vn -0.000000 -0.000000 -1.000000
vn -0.000000 0.707107 -0.707107
vn -0.000000 0.707107 -0.707107
vn -0.000000 -0.000000 -1.000000
vn -0.000000 0.707107 -0.707107
vn -0.000000 1.000000 -0.000000
vn -0.000000 1.000000 0.000000
vn -0.000000 0.707107 -0.707107
vn -0.000000 1.000000 -0.000000
vn -0.000000 0.707107 0.707107
vn -0.000000 0.707107 0.707107
vn -0.000000 1.000000 0.000000
vn -0.000000 0.707107 0.707107
vn -0.000000 0.000000 1.000000
vn -0.000000 0.000000 1.000000
vn -0.000000 0.707107 0.707107
vn -0.000000 0.000000 1.000000
vn -0.000000 -0.707107 0.707107
vn -0.000000 -0.707107 0.707107
vn -0.000000 0.000000 1.000000
vn -0.000000 -0.707107 0.707107
vn -0.000000 -1.000000 0.000000
vn -0.000000 -1.000000 0.000000
vn -0.000000 -0.707107 0.707107
vn -0.000000 -1.000000 0.000000
vn -0.000000 -0.707107 -0.707107
vn -0.000000 -0.707107 -0.707107
vn -0.000000 -1.000000 0.000000
vn -0.000000 -0.707107 -0.707107
vn -0.000000 -0.000000 -1.000000
vn -0.000000 -0.000000 -1.000000
vn -0.000000 -0.707107 -0.707107
vn -0.000000 -0.000000 -1.000000
vn -0.000000 0.707107 -0.707107
vn -0.000000 0.707107 -0.707107
vn -0.000000 -0.000000 -1.000000
vn -0.000000 0.707107 -0.707107
vn -0.000000 1.000000 -0.000000
vn -0.000000 1.000000 -0.000000
vn -0.000000 0.707107 -0.707107
vn -0.000000 1.000000 -0.000000
vn -0.000000 0.707107 0.707107
vn -0.000000 0.707107 0.707107
vn -0.000000 1.000000 -0.000000
vn -0.000000 0.707107 0.707107
vn -0.000000 0.000000 1.000000
vn -0.000000 0.000000 1.000000
vn -0.000000 0.707107 0.707107
vn -0.000000 0.000000 1.000000
vn -0.000000 -0.707107 0.707107
vn -0.000000 -0.707107 0.707107
vn -0.000000 0.000000 1.000000
vn -0.000000 -0.707107 0.707107
vn -0.000000 -1.000000 0.000000
vn -0.000000 -1.000000 0.000000
vn -0.000000 -0.707107 0.707107
vn -0.000000 -1.000000 0.000000
vn -0.000000 -0.707107 -0.707107
vn -0.000000 -0.707107 -0.707107
vn -0.000000 -1.000000 0.000000
vn -0.000000 -0.707107 -0.707107
vn -0.000000 -0.000000 -1.000000
vn -0.000000 -0.000000 -1.000000
vn -0.000000 -0.707107 -0.707107
vn -0.000000 -0.000000 -1.000000
vn -0.000000 0.707107 -0.707107
vn -0.000000 0.707107 -0.707107
vn -0.000000 -0.000000 -1.000000
vn -0.000000 0.707107 -0.707107
vn -0.000000 1.000000 -0.000000
vn -0.000000 1.000000 -0.000000
vn -0.000000 0.707107 -0.707107
vn -0.000000 1.000000 -0.000000
vn -0.000000 0.707107 0.707107
vn -0.000000 0.707107 0.707107
vn -0.000000 1.000000 -0.000000
vn -0.000000 0.707107 0.707107
vn -0.000000 0.000000 1.000000
vn -0.000000 0.000000 1.000000
vn -0.000000 0.707107 0.707107
vn -0.000000 0.000000 1.000000
vn -0.000000 -0.707107 0.707107
vn -0.000000 -0.707107 0.707107
vn -0.000000 0.000000 1.000000
vn -0.000000 -0.707107 0.707107
vn -0.000000 -1.000000 0.000000
vn -0.000000 -1.000000 0.000000
vn -0.000000 -0.707107 0.707107
vn -0.000000 -1.000000 0.000000
vn -0.000000 -0.707107 -0.707107
vn -0.000000 -0.707107 -0.707107
vn -0.000000 -1.000000 0.000000
vn -0.000000 -0.707107 -0.707107
vn -0.000000 -0.000000 -1.000000
vn -0.000000 -0.000000 -1.000000
vn -0.000000 -0.707107 -0.707107
vn -0.000000 -0.000000 -1.000000
vn -0.000000 0.707107 -0.707107
vn -0.000000 0.707107 -0.707107
vn -0.000000 -0.000000 -1.000000
vn -0.000000 0.707107 -0.707107
vn -0.000000 1.000000 -0.000000
vn -0.000000 1.000000 -0.000000
vn -0.000000 0.707107 -0.707107
vn -0.000000 1.000000 -0.000000
vn -0.000000 0.707107 0.707107
vn -0.000000 0.707107 0.707107
vn -0.000000 1.000000 -0.000000
vn -0.000000 0.707107 0.707107
vn -0.000000 0.000000 1.000000
vn -0.000000 0.000000 1.000000
vn -0.000000 0.707107 0.707107
vn -0.000000 0.000000 1.000000
vn -0.000000 -0.707107 0.707107
vn -0.000000 -0.707107 0.707107
vn -0.000000 0.000000 1.000000
vn -0.000000 -0.707107 0.707107
vn -0.000000 -1.000000 0.000000
vn -0.000000 -1.000000 0.000000
vn -0.000000 -0.707107 0.707107
vn -0.000000 -1.000000 0.000000
vn -0.000000 -0.707107 -0.707107
vn -0.000000 -0.707107 -0.707107
vn -0.000000 -1.000000 0.000000
vn -0.000000 -0.707107 -0.707107
vn -0.000000 -0.000000 -1.000000
vn -0.000000 -0.000000 -1.000000
vn -0.000000 -0.707107 -0.707107
vn -0.000000 -0.000000 -1.000000
vn -0.000000 0.707107 -0.707107
vn -0.000000 0.707107 -0.707107
vn -0.000000 -0.000000 -1.000000
vn -0.000000 0.707107 -0.707107
vn -0.000000 1.000000 -0.000000
vn -0.000000 1.000000 -0.000000
vn -0.000000 0.707107 -0.707107
vn -0.000000 1.000000 -0.000000
vn -0.000000 0.707107 0.707107
vn -0.000000 0.707107 0.707107
vn -0.000000 1.000000 -0.000000
vn -0.000000 0.707107 0.707107
vn -0.000000 0.000000 1.000000
vn -0.000000 0.000000 1.000000
vn -0.000000 0.707107 0.707107
vn -0.000000 0.000000 1.000000
vn -0.000000 -0.707107 0.707107
vn -0.000000 -0.707107 0.707107
vn -0.000000 0.000000 1.000000
vn -0.000000 -0.707107 0.707107
vn -0.000000 -1.000000 0.000000
vn -0.000000 -1.000000 0.000000
vn -0.000000 -0.707107 0.707107
vn -0.000000 -1.000000 0.000000
vn -0.000000 -0.707107 -0.707107
vn -0.000000 -0.707107 -0.707107
vn -0.000000 -1.000000 0.000000
vn -0.000000 -0.707107 -0.707107
vn -0.000000 -0.000000 -1.000000
vn -0.000000 -0.000000 -1.000000
vn -0.000000 -0.707107 -0.707107
vn -0.000000 -0.000000 -1.000000
vn -0.000000 0.707107 -0.707107
vn -0.000000 0.707107 -0.707107
vn -0.000000 -0.000000 -1.000000
vn -0.000000 0.707107 -0.707107
vn -0.000000 1.000000 -0.000000
vn -0.000000 1.000000 -0.000000
vn -0.000000 0.707107 -0.707107
vn -0.000000 1.000000 -0.000000
vn -0.000000 0.707107 0.707107
vn -0.000000 0.707107 0.707107
vn -0.000000 1.000000 -0.000000
vn -0.000000 0.707107 0.707107
vn -0.000000 0.000000 1.000000
vn -0.000000 0.000000 1.000000
vn -0.000000 0.707107 0.707107
vn -0.000000 0.000000 1.000000
vn -0.000000 -0.707107 0.707107
vn -0.000000 -0.707107 0.707107
vn -0.000000 0.000000 1.000000
vn -0.000000 -0.707107 0.707107
vn -0.000000 -1.000000 0.000000
vn -0.000000 -1.000000 0.000000
vn -0.000000 -0.707107 0.707107
vn -0.000000 -1.000000 0.000000
vn -0.000000 -0.707107 -0.707107
vn -0.000000 -0.707107 -0.707107
vn -0.000000 -1.000000 0.000000
vn -0.000000 -0.707107 -0.707107
vn -0.000000 -0.000000 -1.000000
vn -0.000000 -0.000000 -1.000000
vn -0.000000 -0.707107 -0.707107
vn -0.000000 -0.000000 -1.000000
vn -0.000000 0.707107 -0.707107
vn -0.000000 0.707107 -0.707107
vn -0.000000 -0.000000 -1.000000
vn -0.000000 0.707107 -0.707107
vn -0.000000 1.000000 -0.000000
vn -0.000000 1.000000 -0.000000
vn -0.000000 0.707107 -0.707107
vn -0.000000 1.000000 -0.000000
vn -0.000000 0.707107 0.707107
vn -0.000000 0.707107 0.707107
vn -0.000000 1.000000 -0.000000
vn -0.000000 0.707107 0.707107
vn -0.000000 0.000000 1.000000
vn -0.000000 0.000000 1.000000
vn -0.000000 0.707107 0.707107
vn -0.000000 0.000000 1.000000
vn -0.000000 -0.707107 0.707107
vn -0.000000 -0.707107 0.707107
vn -0.000000 0.000000 1.000000
vn -0.000000 -0.707107 0.707107
vn -0.000000 -1.000000 0.000000
vn -0.000000 -1.000000 0.000000
vn -0.000000 -0.707107 0.707107
vn -0.000000 -1.000000 0.000000
vn -0.000000 -0.707107 -0.707107
vn -0.000000 -0.707107 -0.707107
vn -0.000000 -1.000000 0.000000
vn -0.000000 -0.707107 -0.707107
vn -0.000000 -0.000000 -1.000000
vn -0.000000 -0.000000 -1.000000
vn -0.000000 -0.707107 -0.707107
vn -0.000000 -0.000000 -1.000000
vn -0.000000 0.707107 -0.707107
vn -0.000000 0.707107 -0.707107
vn -0.000000 -0.000000 -1.000000
vn -0.000000 0.707107 -0.707107
vn -0.000000 1.000000 -0.000000
vn -0.000000 1.000000 -0.000000
vn -0.000000 0.707107 -0.707107
vn -0.000000 1.000000 -0.000000
vn -0.000000 0.707107 0.707107
vn -0.000000 0.707107 0.707107
vn -0.000000 1.000000 -0.000000
vn -0.000000 0.707107 0.707107
vn -0.000000 0.000000 1.000000
vn -0.000000 0.000000 1.000000
vn -0.000000 0.707107 0.707107
vn -0.000000 0.000000 1.000000
vn -0.000000 -0.707107 0.707107
vn -0.000000 -0.707107 0.707107
vn -0.000000 0.000000 1.000000
vn -0.000000 -0.707107 0.707107
vn -0.000000 -1.000000 0.000000
vn -0.000000 -1.000000 0.000000
vn -0.000000 -0.707107 0.707107
vn -0.000000 -1.000000 0.000000
vn -0.000000 -0.707107 -0.707107
vn -0.000000 -0.707107 -0.707107
vn -0.000000 -1.000000 0.000000
vn -0.000000 -0.707107 -0.707107
vn -0.000000 -0.000000 -1.000000
vn -0.000000 -0.000000 -1.000000
vn -0.000000 -0.707107 -0.707107
vn -0.000000 -0.000000 -1.000000
vn -0.000000 0.707107 -0.707107
vn -0.000000 0.707107 -0.707107
vn -0.000000 -0.000000 -1.000000
vn -0.000000 0.707107 -0.707107
vn -0.000000 1.000000 -0.000000
vn -0.000000 1.000000 -0.000000
vn -0.000000 0.707107 -0.707107
vn -0.000000 1.000000 -0.000000
vn -0.000000 0.707107 0.707107
vn -0.000000 0.707107 0.707107
vn -0.000000 1.000000 -0.000000
vn -0.000000 0.707107 0.707107
vn -0.000000 0.000000 1.000000
vn -0.000000 0.000000 1.000000
vn -0.000000 0.707107 0.707107
vn -0.000000 0.000000 1.000000
vn -0.000000 -0.707107 0.707107
vn -0.000000 -0.707107 0.707107
vn -0.000000 0.000000 1.000000
vn -0.000000 -0.707107 0.707107
vn -0.000000 -1.000000 0.000000
vn -0.000000 -1.000000 0.000000
vn -0.000000 -0.707107 0.707107
vn -0.000000 -1.000000 0.000000
vn -0.000000 -0.707107 -0.707107
vn -0.000000 -0.707107 -0.707107
vn -0.000000 -1.000000 0.000000
vn -0.000000 -0.707107 -0.707107
vn -0.000000 -0.000000 -1.000000
vn -0.000000 -0.000000 -1.000000
vn -0.000000 -0.707107 -0.707107
vn -0.129195 -0.000000 -0.991619
vn -0.129195 0.701181 -0.701181
vn -0.013635 0.707041 -0.707041
vn -0.013635 -0.000000 -0.999907
vn -0.129195 0.701181 -0.701181
vn -0.129195 0.991619 -0.000000
vn -0.013635 0.999907 0.000000
vn -0.013635 0.707041 -0.707041
vn -0.129195 0.991619 -0.000000
vn -0.129195 0.701181 0.701181
vn -0.013635 0.707041 0.707041
vn -0.013635 0.999907 0.000000
vn -0.129195 0.701181 0.701181
vn -0.129195 0.000000 0.991619
vn -0.013635 0.000000 0.999907
vn -0.013635 0.707041 0.707041
vn -0.129195 0.000000 0.991619
vn -0.129195 -0.701181 0.701181
vn -0.013635 -0.707041 0.707041
vn -0.013635 0.000000 0.999907
vn -0.129195 -0.701181 0.701181
vn -0.129195 -0.991619 0.000000
vn -0.013635 -0.999907 0.000000
vn -0.013635 -0.707041 0.707041
vn -0.129195 -0.991619 0.000000
vn -0.129195 -0.701181 -0.701181
vn -0.013635 -0.707041 -0.707041
vn -0.013635 -0.999907 0.000000
vn -0.129195 -0.701181 -0.701181
vn -0.129195 -0.000000 -0.991619
vn -0.013635 -0.000000 -0.999907
vn -0.013635 -0.707041 -0.707041
vn -0.242536 -0.000000 -0.970143
vn -0.242536 0.685994 -0.685994
vn -0.129195 0.701181 -0.701181
vn -0.129195 -0.000000 -0.991619
vn -0.242536 0.685994 -0.685994
vn -0.242536 0.970143 -0.000000
vn -0.129195 0.991619 -0.000000
vn -0.129195 0.701181 -0.701181
vn -0.242536 0.970143 -0.000000
vn -0.242536 0.685994 0.685994
vn -0.129195 0.701181 0.701181
vn -0.129195 0.991619 -0.000000
vn -0.242536 0.685994 0.685994
vn -0.242536 0.000000 0.970143
vn -0.129195 0.000000 0.991619
vn -0.129195 0.701181 0.701181
vn -0.242536 0.000000 0.970143
vn -0.242536 -0.685994 0.685994
vn -0.129195 -0.701181 0.701181
vn -0.129195 0.000000 0.991619
vn -0.242536 -0.685994 0.685994
vn -0.242536 -0.970143 0.000000
vn -0.129195 -0.991619 0.000000
vn -0.129195 -0.701181 0.701181
vn -0.242536 -0.970143 0.000000
vn -0.242536 -0.685994 -0.685994
vn -0.129195 -0.701181 -0.701181
vn -0.129195 -0.991619 0.000000
vn -0.242536 -0.685994 -0.685994
vn -0.242536 -0.000000 -0.970143
vn -0.129195 -0.000000 -0.991619
vn -0.129195 -0.701181 -0.701181
vn -1.000000 0.000000 0.000000
vn -1.000000 0.000000 0.000000
vn -1.000000 0.000000 0.000000
vn -1.000000 0.000000 0.000000
vn -1.000000 0.000000 0.000000
vn -1.000000 0.000000 0.000000
vn -1.000000 0.000000 0.000000
vn -1.000000 0.000000 0.000000
vn -1.000000 0.000000 0.000000
vn -1.000000 0.000000 0.000000
vn -1.000000 0.000000 0.000000
vn -1.000000 0.000000 0.000000
vn -1.000000 0.000000 0.000000
vn -1.000000 0.000000 0.000000
vn -1.000000 0.000000 0.000000
vn -1.000000 0.000000 0.000000
vn -1.000000 0.000000 0.000000
vn -1.000000 0.000000 0.000000
vn -1.000000 0.000000 0.000000
vn -1.000000 0.000000 0.000000
vn -1.000000 0.000000 0.000000
vn -1.000000 0.000000 0.000000
vn -1.000000 0.000000 0.000000
vn -1.000000 0.000000 0.000000
vn 0.000000 0.000000 1.000000
vn 0.000000 0.000000 1.000000
vn 0.000000 0.000000 1.000000
vn 0.000000 0.000000 1.000000
vn -0.000000 -0.000000 -1.000000
vn -0.000000 -0.000000 -1.000000
vn -0.000000 -0.000000 -1.000000
vn -0.000000 -0.000000 -1.000000
vn -0.000000 0.000000 1.000000
vn -0.000000 0.000000 1.000000
vn -0.000000 0.000000 1.000000
vn -0.000000 0.000000 1.000000
vn 0.000000 -0.000000 -1.000000
vn 0.000000 -0.000000 -1.000000
vn 0.000000 -0.000000 -1.000000
vn 0.000000 -0.000000 -1.000000
vn -0.000000 0.000000 1.000000
vn -0.000000 0.000000 1.000000
vn -0.000000 0.000000 1.000000
vn -0.000000 0.000000 1.000000
vn -0.000000 -0.000000 -1.000000
vn -0.000000 -0.000000 -1.000000
vn -0.000000 -0.000000 -1.000000
vn -0.000000 -0.000000 -1.000000
vn -0.000000 0.000000 1.000000
vn -0.000000 0.000000 1.000000
vn -0.000000 0.000000 1.000000
vn -0.000000 0.000000 1.000000
vn 0.000000 -0.000000 -1.000000
vn 0.000000 -0.000000 -1.000000
vn 0.000000 -0.000000 -1.000000
vn 0.000000 -0.000000 -1.000000
vn 0.000000 0.000000 1.000000
vn 0.000000 0.000000 1.000000
vn 0.000000 0.000000 1.000000
vn 0.000000 0.000000 1.000000
vn -0.000000 -0.000000 -1.000000
vn -0.000000 -0.000000 -1.000000
vn -0.000000 -0.000000 -1.000000
vn -0.000000 -0.000000 -1.000000
vn -0.000000 0.000000 1.000000
vn -0.000000 0.000000 1.000000
vn -0.000000 0.000000 1.000000
vn -0.000000 0.000000 1.000000
vn 0.000000 -0.000000 -1.000000
vn 0.000000 -0.000000 -1.000000
vn 0.000000 -0.000000 -1.000000
vn 0.000000 -0.000000 -1.000000
vn -0.000000 -0.866025 -0.500000
vn -0.000000 -0.866025 -0.500000
vn -0.000000 -0.866025 -0.500000
vn -0.000000 -0.866025 -0.500000
vn 0.000000 0.866025 0.500000
vn 0.000000 0.866025 0.500000
vn 0.000000 0.866025 0.500000
vn 0.000000 0.866025 0.500000
vn -0.000000 -0.866025 -0.500000
vn -0.000000 -0.866025 -0.500000
vn -0.000000 -0.866025 -0.500000
vn -0.000000 -0.866025 -0.500000
vn -0.000000 0.866025 0.500000
vn -0.000000 0.866025 0.500000
vn -0.000000 0.866025 0.500000
vn -0.000000 0.866025 0.500000
vn -0.000000 -0.866025 -0.500000
vn -0.000000 -0.866025 -0.500000
vn -0.000000 -0.866025 -0.500000
vn -0.000000 -0.866025 -0.500000
vn -0.000000 0.866025 0.500000
vn -0.000000 0.866025 0.500000
vn -0.000000 0.866025 0.500000
vn -0.000000 0.866025 0.500000
vn 0.000000 -0.866025 -0.500000
vn 0.000000 -0.866025 -0.500000
vn 0.000000 -0.866025 -0.500000
vn 0.000000 -0.866025 -0.500000
vn -0.000000 0.866025 0.500000
vn -0.000000 0.866025 0.500000
vn -0.000000 0.866025 0.500000
vn -0.000000 0.866025 0.500000
vn -0.000000 -0.866025 -0.500000
vn -0.000000 -0.866025 -0.500000
vn -0.000000 -0.866025 -0.500000
vn -0.000000 -0.866025 -0.500000
vn 0.000000 0.866025 0.500000
vn 0.000000 0.866025 0.500000
vn 0.000000 0.866025 0.500000
vn 0.000000 0.866025 0.500000
vn 0.000000 -0.866025 -0.500000
vn 0.000000 -0.866025 -0.500000
vn 0.000000 -0.866025 -0.500000
vn 0.000000 -0.866025 -0.500000
vn -0.000000 0.866025 0.500000
vn -0.000000 0.866025 0.500000
vn -0.000000 0.866025 0.500000
vn -0.000000 0.866025 0.500000
vn -0.000000 0.866025 -0.500000
vn -0.000000 0.866025 -0.500000
vn -0.000000 0.866025 -0.500000
vn -0.000000 0.866025 -0.500000
vn 0.000000 -0.866025 0.500000
vn 0.000000 -0.866025 0.500000
vn 0.000000 -0.866025 0.500000
vn 0.000000 -0.866025 0.500000
vn -0.000000 0.866025 -0.500000
vn -0.000000 0.866025 -0.500000
vn -0.000000 0.866025 -0.500000
vn -0.000000 0.866025 -0.500000
vn 0.000000 -0.866025 0.500000
vn 0.000000 -0.866025 0.500000
vn 0.000000 -0.866025 0.500000
vn 0.000000 -0.866025 0.500000
vn -0.000000 0.866025 -0.500000
vn -0.000000 0.866025 -0.500000
vn -0.000000 0.866025 -0.500000
vn -0.000000 0.866025 -0.500000
vn -0.000000 -0.866025 0.500000
vn -0.000000 -0.866025 0.500000
vn -0.000000 -0.866025 0.500000
vn -0.000000 -0.866025 0.500000
vn 0.000000 0.866025 -0.500000
vn 0.000000 0.866025 -0.500000
vn 0.000000 0.866025 -0.500000
vn 0.000000 0.866025 -0.500000
vn -0.000000 -0.866025 0.500000
vn -0.000000 -0.866025 0.500000
vn -0.000000 -0.866025 0.500000
vn -0.000000 -0.866025 0.500000
vn -0.000000 0.866025 -0.500000
vn -0.000000 0.866025 -0.500000
vn -0.000000 0.866025 -0.500000
vn -0.000000 0.866025 -0.500000
vn 0.000000 -0.866025 0.500000
vn 0.000000 -0.866025 0.500000
vn 0.000000 -0.866025 0.500000
vn 0.000000 -0.866025 0.500000
vn 0.000000 0.866025 -0.500000
vn 0.000000 0.866025 -0.500000
vn 0.000000 0.866025 -0.500000
vn 0.000000 0.866025 -0.500000
vn -0.000000 -0.866025 0.500000
vn -0.000000 -0.866025 0.500000
vn -0.000000 -0.866025 0.500000
vn -0.000000 -0.866025 0.500000
usemtl jp_bow__jp_yumi_co
f 1/1/1 2/2/2 10/3/3 9/4/4
f 2/5/5 3/6/6 11/7/7 10/8/8
f 3/9/9 4/10/10 12/11/11 11/12/12
f 4/13/13 5/14/14 13/15/15 12/16/16
f 5/17/17 6/18/18 14/19/19 13/20/20
f 6/21/21 7/22/22 15/23/23 14/24/24
f 7/25/25 8/26/26 16/27/27 15/28/28
f 8/29/29 1/30/30 9/31/31 16/32/32
f 9/33/33 10/34/34 18/35/35 17/36/36
f 10/37/37 11/38/38 19/39/39 18/40/40
f 11/41/41 12/42/42 20/43/43 19/44/44
f 12/45/45 13/46/46 21/47/47 20/48/48
f 13/49/49 14/50/50 22/51/51 21/52/52
f 14/53/53 15/54/54 23/55/55 22/56/56
f 15/57/57 16/58/58 24/59/59 23/60/60
f 16/61/61 9/62/62 17/63/63 24/64/64
f 17/65/65 18/66/66 26/67/67 25/68/68
f 18/69/69 19/70/70 27/71/71 26/72/72
f 19/73/73 20/74/74 28/75/75 27/76/76
f 20/77/77 21/78/78 29/79/79 28/80/80
f 21/81/81 22/82/82 30/83/83 29/84/84
f 22/85/85 23/86/86 31/87/87 30/88/88
f 23/89/89 24/90/90 32/91/91 31/92/92
f 24/93/93 17/94/94 25/95/95 32/96/96
f 25/97/97 26/98/98 34/99/99 33/100/100
f 26/101/101 27/102/102 35/103/103 34/104/104
f 27/105/105 28/106/106 36/107/107 35/108/108
f 28/109/109 29/110/110 37/111/111 36/112/112
f 29/113/113 30/114/114 38/115/115 37/116/116
f 30/117/117 31/118/118 39/119/119 38/120/120
f 31/121/121 32/122/122 40/123/123 39/124/124
f 32/125/125 25/126/126 33/127/127 40/128/128
f 33/129/129 34/130/130 42/131/131 41/132/132
f 34/133/133 35/134/134 43/135/135 42/136/136
f 35/137/137 36/138/138 44/139/139 43/140/140
f 36/141/141 37/142/142 45/143/143 44/144/144
f 37/145/145 38/146/146 46/147/147 45/148/148
f 38/149/149 39/150/150 47/151/151 46/152/152
f 39/153/153 40/154/154 48/155/155 47/156/156
f 40/157/157 33/158/158 41/159/159 48/160/160
f 41/161/161 42/162/162 50/163/163 49/164/164
f 42/165/165 43/166/166 51/167/167 50/168/168
f 43/169/169 44/170/170 52/171/171 51/172/172
f 44/173/173 45/174/174 53/175/175 52/176/176
f 45/177/177 46/178/178 54/179/179 53/180/180
f 46/181/181 47/182/182 55/183/183 54/184/184
f 47/185/185 48/186/186 56/187/187 55/188/188
f 48/189/189 41/190/190 49/191/191 56/192/192
f 49/193/193 50/194/194 58/195/195 57/196/196
f 50/197/197 51/198/198 59/199/199 58/200/200
f 51/201/201 52/202/202 60/203/203 59/204/204
f 52/205/205 53/206/206 61/207/207 60/208/208
f 53/209/209 54/210/210 62/211/211 61/212/212
f 54/213/213 55/214/214 63/215/215 62/216/216
f 55/217/217 56/218/218 64/219/219 63/220/220
f 56/221/221 49/222/222 57/223/223 64/224/224
f 57/225/225 58/226/226 66/227/227 65/228/228
f 58/229/229 59/230/230 67/231/231 66/232/232
f 59/233/233 60/234/234 68/235/235 67/236/236
f 60/237/237 61/238/238 69/239/239 68/240/240
f 61/241/241 62/242/242 70/243/243 69/244/244
f 62/245/245 63/246/246 71/247/247 70/248/248
f 63/249/249 64/250/250 72/251/251 71/252/252
f 64/253/253 57/254/254 65/255/255 72/256/256
f 65/257/257 66/258/258 74/259/259 73/260/260
f 66/261/261 67/262/262 75/263/263 74/264/264
f 67/265/265 68/266/266 76/267/267 75/268/268
f 68/269/269 69/270/270 77/271/271 76/272/272
f 69/273/273 70/274/274 78/275/275 77/276/276
f 70/277/277 71/278/278 79/279/279 78/280/280
f 71/281/281 72/282/282 80/283/283 79/284/284
f 72/285/285 65/286/286 73/287/287 80/288/288
f 73/289/289 74/290/290 82/291/291 81/292/292
f 74/293/293 75/294/294 83/295/295 82/296/296
f 75/297/297 76/298/298 84/299/299 83/300/300
f 76/301/301 77/302/302 85/303/303 84/304/304
f 77/305/305 78/306/306 86/307/307 85/308/308
f 78/309/309 79/310/310 87/311/311 86/312/312
f 79/313/313 80/314/314 88/315/315 87/316/316
f 80/317/317 73/318/318 81/319/319 88/320/320
f 81/321/321 82/322/322 90/323/323 89/324/324
f 82/325/325 83/326/326 91/327/327 90/328/328
f 83/329/329 84/330/330 92/331/331 91/332/332
f 84/333/333 85/334/334 93/335/335 92/336/336
f 85/337/337 86/338/338 94/339/339 93/340/340
f 86/341/341 87/342/342 95/343/343 94/344/344
f 87/345/345 88/346/346 96/347/347 95/348/348
f 88/349/349 81/350/350 89/351/351 96/352/352
f 89/353/353 90/354/354 98/355/355 97/356/356
f 90/357/357 91/358/358 99/359/359 98/360/360
f 91/361/361 92/362/362 100/363/363 99/364/364
f 92/365/365 93/366/366 101/367/367 100/368/368
f 93/369/369 94/370/370 102/371/371 101/372/372
f 94/373/373 95/374/374 103/375/375 102/376/376
f 95/377/377 96/378/378 104/379/379 103/380/380
f 96/381/381 89/382/382 97/383/383 104/384/384
f 97/385/385 98/386/386 106/387/387 105/388/388
f 98/389/389 99/390/390 107/391/391 106/392/392
f 99/393/393 100/394/394 108/395/395 107/396/396
f 100/397/397 101/398/398 109/399/399 108/400/400
f 101/401/401 102/402/402 110/403/403 109/404/404
f 102/405/405 103/406/406 111/407/407 110/408/408
f 103/409/409 104/410/410 112/411/411 111/412/412
f 104/413/413 97/414/414 105/415/415 112/416/416
f 105/417/417 106/418/418 114/419/419 113/420/420
f 106/421/421 107/422/422 115/423/423 114/424/424
f 107/425/425 108/426/426 116/427/427 115/428/428
f 108/429/429 109/430/430 117/431/431 116/432/432
f 109/433/433 110/434/434 118/435/435 117/436/436
f 110/437/437 111/438/438 119/439/439 118/440/440
f 111/441/441 112/442/442 120/443/443 119/444/444
f 112/445/445 105/446/446 113/447/447 120/448/448
f 113/449/449 114/450/450 122/451/451 121/452/452
f 114/453/453 115/454/454 123/455/455 122/456/456
f 115/457/457 116/458/458 124/459/459 123/460/460
f 116/461/461 117/462/462 125/463/463 124/464/464
f 117/465/465 118/466/466 126/467/467 125/468/468
f 118/469/469 119/470/470 127/471/471 126/472/472
f 119/473/473 120/474/474 128/475/475 127/476/476
f 120/477/477 113/478/478 121/479/479 128/480/480
f 121/481/481 122/482/482 130/483/483 129/484/484
f 122/485/485 123/486/486 131/487/487 130/488/488
f 123/489/489 124/490/490 132/491/491 131/492/492
f 124/493/493 125/494/494 133/495/495 132/496/496
f 125/497/497 126/498/498 134/499/499 133/500/500
f 126/501/501 127/502/502 135/503/503 134/504/504
f 127/505/505 128/506/506 136/507/507 135/508/508
f 128/509/509 121/510/510 129/511/511 136/512/512
f 129/513/513 130/514/514 138/515/515 137/516/516
f 130/517/517 131/518/518 139/519/519 138/520/520
f 131/521/521 132/522/522 140/523/523 139/524/524
f 132/525/525 133/526/526 141/527/527 140/528/528
f 133/529/529 134/530/530 142/531/531 141/532/532
f 134/533/533 135/534/534 143/535/535 142/536/536
f 135/537/537 136/538/538 144/539/539 143/540/540
f 136/541/541 129/542/542 137/543/543 144/544/544
f 137/545/545 138/546/546 146/547/547 145/548/548
f 138/549/549 139/550/550 147/551/551 146/552/552
f 139/553/553 140/554/554 148/555/555 147/556/556
f 140/557/557 141/558/558 149/559/559 148/560/560
f 141/561/561 142/562/562 150/563/563 149/564/564
f 142/565/565 143/566/566 151/567/567 150/568/568
f 143/569/569 144/570/570 152/571/571 151/572/572
f 144/573/573 137/574/574 145/575/575 152/576/576
f 145/577/577 146/578/578 154/579/579 153/580/580
f 146/581/581 147/582/582 155/583/583 154/584/584
f 147/585/585 148/586/586 156/587/587 155/588/588
f 148/589/589 149/590/590 157/591/591 156/592/592
f 149/593/593 150/594/594 158/595/595 157/596/596
f 150/597/597 151/598/598 159/599/599 158/600/600
f 151/601/601 152/602/602 160/603/603 159/604/604
f 152/605/605 145/606/606 153/607/607 160/608/608
f 153/609/609 154/610/610 162/611/611 161/612/612
f 154/613/613 155/614/614 163/615/615 162/616/616
f 155/617/617 156/618/618 164/619/619 163/620/620
f 156/621/621 157/622/622 165/623/623 164/624/624
f 157/625/625 158/626/626 166/627/627 165/628/628
f 158/629/629 159/630/630 167/631/631 166/632/632
f 159/633/633 160/634/634 168/635/635 167/636/636
f 160/637/637 153/638/638 161/639/639 168/640/640
f 161/641/641 162/642/642 170/643/643 169/644/644
f 162/645/645 163/646/646 171/647/647 170/648/648
f 163/649/649 164/650/650 172/651/651 171/652/652
f 164/653/653 165/654/654 173/655/655 172/656/656
f 165/657/657 166/658/658 174/659/659 173/660/660
f 166/661/661 167/662/662 175/663/663 174/664/664
f 167/665/665 168/666/666 176/667/667 175/668/668
f 168/669/669 161/670/670 169/671/671 176/672/672
f 169/673/673 170/674/674 178/675/675 177/676/676
f 170/677/677 171/678/678 179/679/679 178/680/680
f 171/681/681 172/682/682 180/683/683 179/684/684
f 172/685/685 173/686/686 181/687/687 180/688/688
f 173/689/689 174/690/690 182/691/691 181/692/692
f 174/693/693 175/694/694 183/695/695 182/696/696
f 175/697/697 176/698/698 184/699/699 183/700/700
f 176/701/701 169/702/702 177/703/703 184/704/704
f 177/705/705 178/706/706 186/707/707 185/708/708
f 178/709/709 179/710/710 187/711/711 186/712/712
f 179/713/713 180/714/714 188/715/715 187/716/716
f 180/717/717 181/718/718 189/719/719 188/720/720
f 181/721/721 182/722/722 190/723/723 189/724/724
f 182/725/725 183/726/726 191/727/727 190/728/728
f 183/729/729 184/730/730 192/731/731 191/732/732
f 184/733/733 177/734/734 185/735/735 192/736/736
f 185/737/737 186/738/738 194/739/739 193/740/740
f 186/741/741 187/742/742 195/743/743 194/744/744
f 187/745/745 188/746/746 196/747/747 195/748/748
f 188/749/749 189/750/750 197/751/751 196/752/752
f 189/753/753 190/754/754 198/755/755 197/756/756
f 190/757/757 191/758/758 199/759/759 198/760/760
f 191/761/761 192/762/762 200/763/763 199/764/764
f 192/765/765 185/766/766 193/767/767 200/768/768
f 193/769/769 194/770/770 202/771/771 201/772/772
f 194/773/773 195/774/774 203/775/775 202/776/776
f 195/777/777 196/778/778 204/779/779 203/780/780
f 196/781/781 197/782/782 205/783/783 204/784/784
f 197/785/785 198/786/786 206/787/787 205/788/788
f 198/789/789 199/790/790 207/791/791 206/792/792
f 199/793/793 200/794/794 208/795/795 207/796/796
f 200/797/797 193/798/798 201/799/799 208/800/800
f 201/801/801 202/802/802 210/803/803 209/804/804
f 202/805/805 203/806/806 211/807/807 210/808/808
f 203/809/809 204/810/810 212/811/811 211/812/812
f 204/813/813 205/814/814 213/815/815 212/816/816
f 205/817/817 206/818/818 214/819/819 213/820/820
f 206/821/821 207/822/822 215/823/823 214/824/824
f 207/825/825 208/826/826 216/827/827 215/828/828
f 208/829/829 201/830/830 209/831/831 216/832/832
f 209/833/833 210/834/834 218/835/835 217/836/836
f 210/837/837 211/838/838 219/839/839 218/840/840
f 211/841/841 212/842/842 220/843/843 219/844/844
f 212/845/845 213/846/846 221/847/847 220/848/848
f 213/849/849 214/850/850 222/851/851 221/852/852
f 214/853/853 215/854/854 223/855/855 222/856/856
f 215/857/857 216/858/858 224/859/859 223/860/860
f 216/861/861 209/862/862 217/863/863 224/864/864
f 217/865/865 218/866/866 226/867/867 225/868/868
f 218/869/869 219/870/870 227/871/871 226/872/872
f 219/873/873 220/874/874 228/875/875 227/876/876
f 220/877/877 221/878/878 229/879/879 228/880/880
f 221/881/881 222/882/882 230/883/883 229/884/884
f 222/885/885 223/886/886 231/887/887 230/888/888
f 223/889/889 224/890/890 232/891/891 231/892/892
f 224/893/893 217/894/894 225/895/895 232/896/896
f 225/897/897 226/898/898 234/899/899 233/900/900
f 226/901/901 227/902/902 235/903/903 234/904/904
f 227/905/905 228/906/906 236/907/907 235/908/908
f 228/909/909 229/910/910 237/911/911 236/912/912
f 229/913/913 230/914/914 238/915/915 237/916/916
f 230/917/917 231/918/918 239/919/919 238/920/920
f 231/921/921 232/922/922 240/923/923 239/924/924
f 232/925/925 225/926/926 233/927/927 240/928/928
f 233/929/929 234/930/930 242/931/931 241/932/932
f 234/933/933 235/934/934 243/935/935 242/936/936
f 235/937/937 236/938/938 244/939/939 243/940/940
f 236/941/941 237/942/942 245/943/943 244/944/944
f 237/945/945 238/946/946 246/947/947 245/948/948
f 238/949/949 239/950/950 247/951/951 246/952/952
f 239/953/953 240/954/954 248/955/955 247/956/956
f 240/957/957 233/958/958 241/959/959 248/960/960
f 241/961/961 242/962/962 250/963/963 249/964/964
f 242/965/965 243/966/966 251/967/967 250/968/968
f 243/969/969 244/970/970 252/971/971 251/972/972
f 244/973/973 245/974/974 253/975/975 252/976/976
f 245/977/977 246/978/978 254/979/979 253/980/980
f 246/981/981 247/982/982 255/983/983 254/984/984
f 247/985/985 248/986/986 256/987/987 255/988/988
f 248/989/989 241/990/990 249/991/991 256/992/992
f 249/993/993 250/994/994 258/995/995 257/996/996
f 250/997/997 251/998/998 259/999/999 258/1000/1000
f 251/1001/1001 252/1002/1002 260/1003/1003 259/1004/1004
f 252/1005/1005 253/1006/1006 261/1007/1007 260/1008/1008
f 253/1009/1009 254/1010/1010 262/1011/1011 261/1012/1012
f 254/1013/1013 255/1014/1014 263/1015/1015 262/1016/1016
f 255/1017/1017 256/1018/1018 264/1019/1019 263/1020/1020
f 256/1021/1021 249/1022/1022 257/1023/1023 264/1024/1024
f 257/1025/1025 258/1026/1026 266/1027/1027 265/1028/1028
f 258/1029/1029 259/1030/1030 267/1031/1031 266/1032/1032
f 259/1033/1033 260/1034/1034 268/1035/1035 267/1036/1036
f 260/1037/1037 261/1038/1038 269/1039/1039 268/1040/1040
f 261/1041/1041 262/1042/1042 270/1043/1043 269/1044/1044
f 262/1045/1045 263/1046/1046 271/1047/1047 270/1048/1048
f 263/1049/1049 264/1050/1050 272/1051/1051 271/1052/1052
f 264/1053/1053 257/1054/1054 265/1055/1055 272/1056/1056
f 265/1057/1057 266/1058/1058 274/1059/1059 273/1060/1060
f 266/1061/1061 267/1062/1062 275/1063/1063 274/1064/1064
f 267/1065/1065 268/1066/1066 276/1067/1067 275/1068/1068
f 268/1069/1069 269/1070/1070 277/1071/1071 276/1072/1072
f 269/1073/1073 270/1074/1074 278/1075/1075 277/1076/1076
f 270/1077/1077 271/1078/1078 279/1079/1079 278/1080/1080
f 271/1081/1081 272/1082/1082 280/1083/1083 279/1084/1084
f 272/1085/1085 265/1086/1086 273/1087/1087 280/1088/1088
f 273/1089/1089 274/1090/1090 282/1091/1091 281/1092/1092
f 274/1093/1093 275/1094/1094 283/1095/1095 282/1096/1096
f 275/1097/1097 276/1098/1098 284/1099/1099 283/1100/1100
f 276/1101/1101 277/1102/1102 285/1103/1103 284/1104/1104
f 277/1105/1105 278/1106/1106 286/1107/1107 285/1108/1108
f 278/1109/1109 279/1110/1110 287/1111/1111 286/1112/1112
f 279/1113/1113 280/1114/1114 288/1115/1115 287/1116/1116
f 280/1117/1117 273/1118/1118 281/1119/1119 288/1120/1120
f 281/1121/1121 282/1122/1122 290/1123/1123 289/1124/1124
f 282/1125/1125 283/1126/1126 291/1127/1127 290/1128/1128
f 283/1129/1129 284/1130/1130 292/1131/1131 291/1132/1132
f 284/1133/1133 285/1134/1134 293/1135/1135 292/1136/1136
f 285/1137/1137 286/1138/1138 294/1139/1139 293/1140/1140
f 286/1141/1141 287/1142/1142 295/1143/1143 294/1144/1144
f 287/1145/1145 288/1146/1146 296/1147/1147 295/1148/1148
f 288/1149/1149 281/1150/1150 289/1151/1151 296/1152/1152
f 289/1153/1153 290/1154/1154 298/1155/1155 297/1156/1156
f 290/1157/1157 291/1158/1158 299/1159/1159 298/1160/1160
f 291/1161/1161 292/1162/1162 300/1163/1163 299/1164/1164
f 292/1165/1165 293/1166/1166 301/1167/1167 300/1168/1168
f 293/1169/1169 294/1170/1170 302/1171/1171 301/1172/1172
f 294/1173/1173 295/1174/1174 303/1175/1175 302/1176/1176
f 295/1177/1177 296/1178/1178 304/1179/1179 303/1180/1180
f 296/1181/1181 289/1182/1182 297/1183/1183 304/1184/1184
f 297/1185/1185 298/1186/1186 306/1187/1187 305/1188/1188
f 298/1189/1189 299/1190/1190 307/1191/1191 306/1192/1192
f 299/1193/1193 300/1194/1194 308/1195/1195 307/1196/1196
f 300/1197/1197 301/1198/1198 309/1199/1199 308/1200/1200
f 301/1201/1201 302/1202/1202 310/1203/1203 309/1204/1204
f 302/1205/1205 303/1206/1206 311/1207/1207 310/1208/1208
f 303/1209/1209 304/1210/1210 312/1211/1211 311/1212/1212
f 304/1213/1213 297/1214/1214 305/1215/1215 312/1216/1216
f 305/1217/1217 306/1218/1218 314/1219/1219 313/1220/1220
f 306/1221/1221 307/1222/1222 315/1223/1223 314/1224/1224
f 307/1225/1225 308/1226/1226 316/1227/1227 315/1228/1228
f 308/1229/1229 309/1230/1230 317/1231/1231 316/1232/1232
f 309/1233/1233 310/1234/1234 318/1235/1235 317/1236/1236
f 310/1237/1237 311/1238/1238 319/1239/1239 318/1240/1240
f 311/1241/1241 312/1242/1242 320/1243/1243 319/1244/1244
f 312/1245/1245 305/1246/1246 313/1247/1247 320/1248/1248
f 313/1249/1249 314/1250/1250 322/1251/1251 321/1252/1252
f 314/1253/1253 315/1254/1254 323/1255/1255 322/1256/1256
f 315/1257/1257 316/1258/1258 324/1259/1259 323/1260/1260
f 316/1261/1261 317/1262/1262 325/1263/1263 324/1264/1264
f 317/1265/1265 318/1266/1266 326/1267/1267 325/1268/1268
f 318/1269/1269 319/1270/1270 327/1271/1271 326/1272/1272
f 319/1273/1273 320/1274/1274 328/1275/1275 327/1276/1276
f 320/1277/1277 313/1278/1278 321/1279/1279 328/1280/1280
f 321/1281/1281 322/1282/1282 330/1283/1283 329/1284/1284
f 322/1285/1285 323/1286/1286 331/1287/1287 330/1288/1288
f 323/1289/1289 324/1290/1290 332/1291/1291 331/1292/1292
f 324/1293/1293 325/1294/1294 333/1295/1295 332/1296/1296
f 325/1297/1297 326/1298/1298 334/1299/1299 333/1300/1300
f 326/1301/1301 327/1302/1302 335/1303/1303 334/1304/1304
f 327/1305/1305 328/1306/1306 336/1307/1307 335/1308/1308
f 328/1309/1309 321/1310/1310 329/1311/1311 336/1312/1312
f 329/1313/1313 330/1314/1314 338/1315/1315 337/1316/1316
f 330/1317/1317 331/1318/1318 339/1319/1319 338/1320/1320
f 331/1321/1321 332/1322/1322 340/1323/1323 339/1324/1324
f 332/1325/1325 333/1326/1326 341/1327/1327 340/1328/1328
f 333/1329/1329 334/1330/1330 342/1331/1331 341/1332/1332
f 334/1333/1333 335/1334/1334 343/1335/1335 342/1336/1336
f 335/1337/1337 336/1338/1338 344/1339/1339 343/1340/1340
f 336/1341/1341 329/1342/1342 337/1343/1343 344/1344/1344
f 337/1345/1345 338/1346/1346 346/1347/1347 345/1348/1348
f 338/1349/1349 339/1350/1350 347/1351/1351 346/1352/1352
f 339/1353/1353 340/1354/1354 348/1355/1355 347/1356/1356
f 340/1357/1357 341/1358/1358 349/1359/1359 348/1360/1360
f 341/1361/1361 342/1362/1362 350/1363/1363 349/1364/1364
f 342/1365/1365 343/1366/1366 351/1367/1367 350/1368/1368
f 343/1369/1369 344/1370/1370 352/1371/1371 351/1372/1372
f 344/1373/1373 337/1374/1374 345/1375/1375 352/1376/1376
f 345/1377/1377 346/1378/1378 354/1379/1379 353/1380/1380
f 346/1381/1381 347/1382/1382 355/1383/1383 354/1384/1384
f 347/1385/1385 348/1386/1386 356/1387/1387 355/1388/1388
f 348/1389/1389 349/1390/1390 357/1391/1391 356/1392/1392
f 349/1393/1393 350/1394/1394 358/1395/1395 357/1396/1396
f 350/1397/1397 351/1398/1398 359/1399/1399 358/1400/1400
f 351/1401/1401 352/1402/1402 360/1403/1403 359/1404/1404
f 352/1405/1405 345/1406/1406 353/1407/1407 360/1408/1408
f 353/1409/1409 354/1410/1410 362/1411/1411 361/1412/1412
f 354/1413/1413 355/1414/1414 363/1415/1415 362/1416/1416
f 355/1417/1417 356/1418/1418 364/1419/1419 363/1420/1420
f 356/1421/1421 357/1422/1422 365/1423/1423 364/1424/1424
f 357/1425/1425 358/1426/1426 366/1427/1427 365/1428/1428
f 358/1429/1429 359/1430/1430 367/1431/1431 366/1432/1432
f 359/1433/1433 360/1434/1434 368/1435/1435 367/1436/1436
f 360/1437/1437 353/1438/1438 361/1439/1439 368/1440/1440
f 361/1441/1441 362/1442/1442 370/1443/1443 369/1444/1444
f 362/1445/1445 363/1446/1446 371/1447/1447 370/1448/1448
f 363/1449/1449 364/1450/1450 372/1451/1451 371/1452/1452
f 364/1453/1453 365/1454/1454 373/1455/1455 372/1456/1456
f 365/1457/1457 366/1458/1458 374/1459/1459 373/1460/1460
f 366/1461/1461 367/1462/1462 375/1463/1463 374/1464/1464
f 367/1465/1465 368/1466/1466 376/1467/1467 375/1468/1468
f 368/1469/1469 361/1470/1470 369/1471/1471 376/1472/1472
f 369/1473/1473 370/1474/1474 378/1475/1475 377/1476/1476
f 370/1477/1477 371/1478/1478 379/1479/1479 378/1480/1480
f 371/1481/1481 372/1482/1482 380/1483/1483 379/1484/1484
f 372/1485/1485 373/1486/1486 381/1487/1487 380/1488/1488
f 373/1489/1489 374/1490/1490 382/1491/1491 381/1492/1492
f 374/1493/1493 375/1494/1494 383/1495/1495 382/1496/1496
f 375/1497/1497 376/1498/1498 384/1499/1499 383/1500/1500
f 376/1501/1501 369/1502/1502 377/1503/1503 384/1504/1504
f 377/1505/1505 378/1506/1506 386/1507/1507 385/1508/1508
f 378/1509/1509 379/1510/1510 387/1511/1511 386/1512/1512
f 379/1513/1513 380/1514/1514 388/1515/1515 387/1516/1516
f 380/1517/1517 381/1518/1518 389/1519/1519 388/1520/1520
f 381/1521/1521 382/1522/1522 390/1523/1523 389/1524/1524
f 382/1525/1525 383/1526/1526 391/1527/1527 390/1528/1528
f 383/1529/1529 384/1530/1530 392/1531/1531 391/1532/1532
f 384/1533/1533 377/1534/1534 385/1535/1535 392/1536/1536
f 385/1537/1537 386/1538/1538 394/1539/1539 393/1540/1540
f 386/1541/1541 387/1542/1542 395/1543/1543 394/1544/1544
f 387/1545/1545 388/1546/1546 396/1547/1547 395/1548/1548
f 388/1549/1549 389/1550/1550 397/1551/1551 396/1552/1552
f 389/1553/1553 390/1554/1554 398/1555/1555 397/1556/1556
f 390/1557/1557 391/1558/1558 399/1559/1559 398/1560/1560
f 391/1561/1561 392/1562/1562 400/1563/1563 399/1564/1564
f 392/1565/1565 385/1566/1566 393/1567/1567 400/1568/1568
f 393/1569/1569 394/1570/1570 402/1571/1571 401/1572/1572
f 394/1573/1573 395/1574/1574 403/1575/1575 402/1576/1576
f 395/1577/1577 396/1578/1578 404/1579/1579 403/1580/1580
f 396/1581/1581 397/1582/1582 405/1583/1583 404/1584/1584
f 397/1585/1585 398/1586/1586 406/1587/1587 405/1588/1588
f 398/1589/1589 399/1590/1590 407/1591/1591 406/1592/1592
f 399/1593/1593 400/1594/1594 408/1595/1595 407/1596/1596
f 400/1597/1597 393/1598/1598 401/1599/1599 408/1600/1600
f 401/1601/1601 402/1602/1602 410/1603/1603 409/1604/1604
f 402/1605/1605 403/1606/1606 411/1607/1607 410/1608/1608
f 403/1609/1609 404/1610/1610 412/1611/1611 411/1612/1612
f 404/1613/1613 405/1614/1614 413/1615/1615 412/1616/1616
f 405/1617/1617 406/1618/1618 414/1619/1619 413/1620/1620
f 406/1621/1621 407/1622/1622 415/1623/1623 414/1624/1624
f 407/1625/1625 408/1626/1626 416/1627/1627 415/1628/1628
f 408/1629/1629 401/1630/1630 409/1631/1631 416/1632/1632
f 409/1633/1633 410/1634/1634 418/1635/1635 417/1636/1636
f 410/1637/1637 411/1638/1638 419/1639/1639 418/1640/1640
f 411/1641/1641 412/1642/1642 420/1643/1643 419/1644/1644
f 412/1645/1645 413/1646/1646 421/1647/1647 420/1648/1648
f 413/1649/1649 414/1650/1650 422/1651/1651 421/1652/1652
f 414/1653/1653 415/1654/1654 423/1655/1655 422/1656/1656
f 415/1657/1657 416/1658/1658 424/1659/1659 423/1660/1660
f 416/1661/1661 409/1662/1662 417/1663/1663 424/1664/1664
f 417/1665/1665 418/1666/1666 426/1667/1667 425/1668/1668
f 418/1669/1669 419/1670/1670 427/1671/1671 426/1672/1672
f 419/1673/1673 420/1674/1674 428/1675/1675 427/1676/1676
f 420/1677/1677 421/1678/1678 429/1679/1679 428/1680/1680
f 421/1681/1681 422/1682/1682 430/1683/1683 429/1684/1684
f 422/1685/1685 423/1686/1686 431/1687/1687 430/1688/1688
f 423/1689/1689 424/1690/1690 432/1691/1691 431/1692/1692
f 424/1693/1693 417/1694/1694 425/1695/1695 432/1696/1696
f 425/1697/1697 426/1698/1698 434/1699/1699 433/1700/1700
f 426/1701/1701 427/1702/1702 435/1703/1703 434/1704/1704
f 427/1705/1705 428/1706/1706 436/1707/1707 435/1708/1708
f 428/1709/1709 429/1710/1710 437/1711/1711 436/1712/1712
f 429/1713/1713 430/1714/1714 438/1715/1715 437/1716/1716
f 430/1717/1717 431/1718/1718 439/1719/1719 438/1720/1720
f 431/1721/1721 432/1722/1722 440/1723/1723 439/1724/1724
f 432/1725/1725 425/1726/1726 433/1727/1727 440/1728/1728
f 433/1729/1729 434/1730/1730 442/1731/1731 441/1732/1732
f 434/1733/1733 435/1734/1734 443/1735/1735 442/1736/1736
f 435/1737/1737 436/1738/1738 444/1739/1739 443/1740/1740
f 436/1741/1741 437/1742/1742 445/1743/1743 444/1744/1744
f 437/1745/1745 438/1746/1746 446/1747/1747 445/1748/1748
f 438/1749/1749 439/1750/1750 447/1751/1751 446/1752/1752
f 439/1753/1753 440/1754/1754 448/1755/1755 447/1756/1756
f 440/1757/1757 433/1758/1758 441/1759/1759 448/1760/1760
f 441/1761/1761 442/1762/1762 450/1763/1763 449/1764/1764
f 442/1765/1765 443/1766/1766 451/1767/1767 450/1768/1768
f 443/1769/1769 444/1770/1770 452/1771/1771 451/1772/1772
f 444/1773/1773 445/1774/1774 453/1775/1775 452/1776/1776
f 445/1777/1777 446/1778/1778 454/1779/1779 453/1780/1780
f 446/1781/1781 447/1782/1782 455/1783/1783 454/1784/1784
f 447/1785/1785 448/1786/1786 456/1787/1787 455/1788/1788
f 448/1789/1789 441/1790/1790 449/1791/1791 456/1792/1792
f 449/1793/1793 450/1794/1794 458/1795/1795 457/1796/1796
f 450/1797/1797 451/1798/1798 459/1799/1799 458/1800/1800
f 451/1801/1801 452/1802/1802 460/1803/1803 459/1804/1804
f 452/1805/1805 453/1806/1806 461/1807/1807 460/1808/1808
f 453/1809/1809 454/1810/1810 462/1811/1811 461/1812/1812
f 454/1813/1813 455/1814/1814 463/1815/1815 462/1816/1816
f 455/1817/1817 456/1818/1818 464/1819/1819 463/1820/1820
f 456/1821/1821 449/1822/1822 457/1823/1823 464/1824/1824
f 457/1825/1825 458/1826/1826 466/1827/1827 465/1828/1828
f 458/1829/1829 459/1830/1830 467/1831/1831 466/1832/1832
f 459/1833/1833 460/1834/1834 468/1835/1835 467/1836/1836
f 460/1837/1837 461/1838/1838 469/1839/1839 468/1840/1840
f 461/1841/1841 462/1842/1842 470/1843/1843 469/1844/1844
f 462/1845/1845 463/1846/1846 471/1847/1847 470/1848/1848
f 463/1849/1849 464/1850/1850 472/1851/1851 471/1852/1852
f 464/1853/1853 457/1854/1854 465/1855/1855 472/1856/1856
f 465/1857/1857 466/1858/1858 474/1859/1859 473/1860/1860
f 466/1861/1861 467/1862/1862 475/1863/1863 474/1864/1864
f 467/1865/1865 468/1866/1866 476/1867/1867 475/1868/1868
f 468/1869/1869 469/1870/1870 477/1871/1871 476/1872/1872
f 469/1873/1873 470/1874/1874 478/1875/1875 477/1876/1876
f 470/1877/1877 471/1878/1878 479/1879/1879 478/1880/1880
f 471/1881/1881 472/1882/1882 480/1883/1883 479/1884/1884
f 472/1885/1885 465/1886/1886 473/1887/1887 480/1888/1888
f 473/1889/1889 474/1890/1890 482/1891/1891 481/1892/1892
f 474/1893/1893 475/1894/1894 483/1895/1895 482/1896/1896
f 475/1897/1897 476/1898/1898 484/1899/1899 483/1900/1900
f 476/1901/1901 477/1902/1902 485/1903/1903 484/1904/1904
f 477/1905/1905 478/1906/1906 486/1907/1907 485/1908/1908
f 478/1909/1909 479/1910/1910 487/1911/1911 486/1912/1912
f 479/1913/1913 480/1914/1914 488/1915/1915 487/1916/1916
f 480/1917/1917 473/1918/1918 481/1919/1919 488/1920/1920
f 481/1921/1921 482/1922/1922 490/1923/1923 489/1924/1924
f 482/1925/1925 483/1926/1926 491/1927/1927 490/1928/1928
f 483/1929/1929 484/1930/1930 492/1931/1931 491/1932/1932
f 484/1933/1933 485/1934/1934 493/1935/1935 492/1936/1936
f 485/1937/1937 486/1938/1938 494/1939/1939 493/1940/1940
f 486/1941/1941 487/1942/1942 495/1943/1943 494/1944/1944
f 487/1945/1945 488/1946/1946 496/1947/1947 495/1948/1948
f 488/1949/1949 481/1950/1950 489/1951/1951 496/1952/1952
f 489/1953/1953 490/1954/1954 498/1955/1955 497/1956/1956
f 490/1957/1957 491/1958/1958 499/1959/1959 498/1960/1960
f 491/1961/1961 492/1962/1962 500/1963/1963 499/1964/1964
f 492/1965/1965 493/1966/1966 501/1967/1967 500/1968/1968
f 493/1969/1969 494/1970/1970 502/1971/1971 501/1972/1972
f 494/1973/1973 495/1974/1974 503/1975/1975 502/1976/1976
f 495/1977/1977 496/1978/1978 504/1979/1979 503/1980/1980
f 496/1981/1981 489/1982/1982 497/1983/1983 504/1984/1984
f 497/1985/1985 498/1986/1986 506/1987/1987 505/1988/1988
f 498/1989/1989 499/1990/1990 507/1991/1991 506/1992/1992
f 499/1993/1993 500/1994/1994 508/1995/1995 507/1996/1996
f 500/1997/1997 501/1998/1998 509/1999/1999 508/2000/2000
f 501/2001/2001 502/2002/2002 510/2003/2003 509/2004/2004
f 502/2005/2005 503/2006/2006 511/2007/2007 510/2008/2008
f 503/2009/2009 504/2010/2010 512/2011/2011 511/2012/2012
f 504/2013/2013 497/2014/2014 505/2015/2015 512/2016/2016
f 505/2017/2017 506/2018/2018 514/2019/2019 513/2020/2020
f 506/2021/2021 507/2022/2022 515/2023/2023 514/2024/2024
f 507/2025/2025 508/2026/2026 516/2027/2027 515/2028/2028
f 508/2029/2029 509/2030/2030 517/2031/2031 516/2032/2032
f 509/2033/2033 510/2034/2034 518/2035/2035 517/2036/2036
f 510/2037/2037 511/2038/2038 519/2039/2039 518/2040/2040
f 511/2041/2041 512/2042/2042 520/2043/2043 519/2044/2044
f 512/2045/2045 505/2046/2046 513/2047/2047 520/2048/2048
f 513/2049/2049 514/2050/2050 522/2051/2051 521/2052/2052
f 514/2053/2053 515/2054/2054 523/2055/2055 522/2056/2056
f 515/2057/2057 516/2058/2058 524/2059/2059 523/2060/2060
f 516/2061/2061 517/2062/2062 525/2063/2063 524/2064/2064
f 517/2065/2065 518/2066/2066 526/2067/2067 525/2068/2068
f 518/2069/2069 519/2070/2070 527/2071/2071 526/2072/2072
f 519/2073/2073 520/2074/2074 528/2075/2075 527/2076/2076
f 520/2077/2077 513/2078/2078 521/2079/2079 528/2080/2080
f 521/2081/2081 522/2082/2082 530/2083/2083 529/2084/2084
f 522/2085/2085 523/2086/2086 531/2087/2087 530/2088/2088
f 523/2089/2089 524/2090/2090 532/2091/2091 531/2092/2092
f 524/2093/2093 525/2094/2094 533/2095/2095 532/2096/2096
f 525/2097/2097 526/2098/2098 534/2099/2099 533/2100/2100
f 526/2101/2101 527/2102/2102 535/2103/2103 534/2104/2104
f 527/2105/2105 528/2106/2106 536/2107/2107 535/2108/2108
f 528/2109/2109 521/2110/2110 529/2111/2111 536/2112/2112
f 529/2113/2113 530/2114/2114 538/2115/2115 537/2116/2116
f 530/2117/2117 531/2118/2118 539/2119/2119 538/2120/2120
f 531/2121/2121 532/2122/2122 540/2123/2123 539/2124/2124
f 532/2125/2125 533/2126/2126 541/2127/2127 540/2128/2128
f 533/2129/2129 534/2130/2130 542/2131/2131 541/2132/2132
f 534/2133/2133 535/2134/2134 543/2135/2135 542/2136/2136
f 535/2137/2137 536/2138/2138 544/2139/2139 543/2140/2140
f 536/2141/2141 529/2142/2142 537/2143/2143 544/2144/2144
f 537/2145/2145 538/2146/2146 546/2147/2147 545/2148/2148
f 538/2149/2149 539/2150/2150 547/2151/2151 546/2152/2152
f 539/2153/2153 540/2154/2154 548/2155/2155 547/2156/2156
f 540/2157/2157 541/2158/2158 549/2159/2159 548/2160/2160
f 541/2161/2161 542/2162/2162 550/2163/2163 549/2164/2164
f 542/2165/2165 543/2166/2166 551/2167/2167 550/2168/2168
f 543/2169/2169 544/2170/2170 552/2171/2171 551/2172/2172
f 544/2173/2173 537/2174/2174 545/2175/2175 552/2176/2176
f 545/2177/2177 546/2178/2178 554/2179/2179 553/2180/2180
f 546/2181/2181 547/2182/2182 555/2183/2183 554/2184/2184
f 547/2185/2185 548/2186/2186 556/2187/2187 555/2188/2188
f 548/2189/2189 549/2190/2190 557/2191/2191 556/2192/2192
f 549/2193/2193 550/2194/2194 558/2195/2195 557/2196/2196
f 550/2197/2197 551/2198/2198 559/2199/2199 558/2200/2200
f 551/2201/2201 552/2202/2202 560/2203/2203 559/2204/2204
f 552/2205/2205 545/2206/2206 553/2207/2207 560/2208/2208
f 553/2209/2209 554/2210/2210 562/2211/2211 561/2212/2212
f 554/2213/2213 555/2214/2214 563/2215/2215 562/2216/2216
f 555/2217/2217 556/2218/2218 564/2219/2219 563/2220/2220
f 556/2221/2221 557/2222/2222 565/2223/2223 564/2224/2224
f 557/2225/2225 558/2226/2226 566/2227/2227 565/2228/2228
f 558/2229/2229 559/2230/2230 567/2231/2231 566/2232/2232
f 559/2233/2233 560/2234/2234 568/2235/2235 567/2236/2236
f 560/2237/2237 553/2238/2238 561/2239/2239 568/2240/2240
f 561/2241/2241 562/2242/2242 570/2243/2243 569/2244/2244
f 562/2245/2245 563/2246/2246 571/2247/2247 570/2248/2248
f 563/2249/2249 564/2250/2250 572/2251/2251 571/2252/2252
f 564/2253/2253 565/2254/2254 573/2255/2255 572/2256/2256
f 565/2257/2257 566/2258/2258 574/2259/2259 573/2260/2260
f 566/2261/2261 567/2262/2262 575/2263/2263 574/2264/2264
f 567/2265/2265 568/2266/2266 576/2267/2267 575/2268/2268
f 568/2269/2269 561/2270/2270 569/2271/2271 576/2272/2272
f 569/2273/2273 570/2274/2274 578/2275/2275 577/2276/2276
f 570/2277/2277 571/2278/2278 579/2279/2279 578/2280/2280
f 571/2281/2281 572/2282/2282 580/2283/2283 579/2284/2284
f 572/2285/2285 573/2286/2286 581/2287/2287 580/2288/2288
f 573/2289/2289 574/2290/2290 582/2291/2291 581/2292/2292
f 574/2293/2293 575/2294/2294 583/2295/2295 582/2296/2296
f 575/2297/2297 576/2298/2298 584/2299/2299 583/2300/2300
f 576/2301/2301 569/2302/2302 577/2303/2303 584/2304/2304
f 577/2305/2305 578/2306/2306 586/2307/2307 585/2308/2308
f 578/2309/2309 579/2310/2310 587/2311/2311 586/2312/2312
f 579/2313/2313 580/2314/2314 588/2315/2315 587/2316/2316
f 580/2317/2317 581/2318/2318 589/2319/2319 588/2320/2320
f 581/2321/2321 582/2322/2322 590/2323/2323 589/2324/2324
f 582/2325/2325 583/2326/2326 591/2327/2327 590/2328/2328
f 583/2329/2329 584/2330/2330 592/2331/2331 591/2332/2332
f 584/2333/2333 577/2334/2334 585/2335/2335 592/2336/2336
f 585/2337/2337 586/2338/2338 594/2339/2339 593/2340/2340
f 586/2341/2341 587/2342/2342 595/2343/2343 594/2344/2344
f 587/2345/2345 588/2346/2346 596/2347/2347 595/2348/2348
f 588/2349/2349 589/2350/2350 597/2351/2351 596/2352/2352
f 589/2353/2353 590/2354/2354 598/2355/2355 597/2356/2356
f 590/2357/2357 591/2358/2358 599/2359/2359 598/2360/2360
f 591/2361/2361 592/2362/2362 600/2363/2363 599/2364/2364
f 592/2365/2365 585/2366/2366 593/2367/2367 600/2368/2368
f 593/2369/2369 594/2370/2370 602/2371/2371 601/2372/2372
f 594/2373/2373 595/2374/2374 603/2375/2375 602/2376/2376
f 595/2377/2377 596/2378/2378 604/2379/2379 603/2380/2380
f 596/2381/2381 597/2382/2382 605/2383/2383 604/2384/2384
f 597/2385/2385 598/2386/2386 606/2387/2387 605/2388/2388
f 598/2389/2389 599/2390/2390 607/2391/2391 606/2392/2392
f 599/2393/2393 600/2394/2394 608/2395/2395 607/2396/2396
f 600/2397/2397 593/2398/2398 601/2399/2399 608/2400/2400
f 601/2401/2401 602/2402/2402 610/2403/2403 609/2404/2404
f 602/2405/2405 603/2406/2406 611/2407/2407 610/2408/2408
f 603/2409/2409 604/2410/2410 612/2411/2411 611/2412/2412
f 604/2413/2413 605/2414/2414 613/2415/2415 612/2416/2416
f 605/2417/2417 606/2418/2418 614/2419/2419 613/2420/2420
f 606/2421/2421 607/2422/2422 615/2423/2423 614/2424/2424
f 607/2425/2425 608/2426/2426 616/2427/2427 615/2428/2428
f 608/2429/2429 601/2430/2430 609/2431/2431 616/2432/2432
f 609/2433/2433 610/2434/2434 618/2435/2435 617/2436/2436
f 610/2437/2437 611/2438/2438 619/2439/2439 618/2440/2440
f 611/2441/2441 612/2442/2442 620/2443/2443 619/2444/2444
f 612/2445/2445 613/2446/2446 621/2447/2447 620/2448/2448
f 613/2449/2449 614/2450/2450 622/2451/2451 621/2452/2452
f 614/2453/2453 615/2454/2454 623/2455/2455 622/2456/2456
f 615/2457/2457 616/2458/2458 624/2459/2459 623/2460/2460
f 616/2461/2461 609/2462/2462 617/2463/2463 624/2464/2464
f 617/2465/2465 618/2466/2466 626/2467/2467 625/2468/2468
f 618/2469/2469 619/2470/2470 627/2471/2471 626/2472/2472
f 619/2473/2473 620/2474/2474 628/2475/2475 627/2476/2476
f 620/2477/2477 621/2478/2478 629/2479/2479 628/2480/2480
f 621/2481/2481 622/2482/2482 630/2483/2483 629/2484/2484
f 622/2485/2485 623/2486/2486 631/2487/2487 630/2488/2488
f 623/2489/2489 624/2490/2490 632/2491/2491 631/2492/2492
f 624/2493/2493 617/2494/2494 625/2495/2495 632/2496/2496
f 625/2497/2497 626/2498/2498 634/2499/2499 633/2500/2500
f 626/2501/2501 627/2502/2502 635/2503/2503 634/2504/2504
f 627/2505/2505 628/2506/2506 636/2507/2507 635/2508/2508
f 628/2509/2509 629/2510/2510 637/2511/2511 636/2512/2512
f 629/2513/2513 630/2514/2514 638/2515/2515 637/2516/2516
f 630/2517/2517 631/2518/2518 639/2519/2519 638/2520/2520
f 631/2521/2521 632/2522/2522 640/2523/2523 639/2524/2524
f 632/2525/2525 625/2526/2526 633/2527/2527 640/2528/2528
f 633/2529/2529 634/2530/2530 642/2531/2531 641/2532/2532
f 634/2533/2533 635/2534/2534 643/2535/2535 642/2536/2536
f 635/2537/2537 636/2538/2538 644/2539/2539 643/2540/2540
f 636/2541/2541 637/2542/2542 645/2543/2543 644/2544/2544
f 637/2545/2545 638/2546/2546 646/2547/2547 645/2548/2548
f 638/2549/2549 639/2550/2550 647/2551/2551 646/2552/2552
f 639/2553/2553 640/2554/2554 648/2555/2555 647/2556/2556
f 640/2557/2557 633/2558/2558 641/2559/2559 648/2560/2560
f 641/2561/2561 642/2562/2562 650/2563/2563 649/2564/2564
f 642/2565/2565 643/2566/2566 651/2567/2567 650/2568/2568
f 643/2569/2569 644/2570/2570 652/2571/2571 651/2572/2572
f 644/2573/2573 645/2574/2574 653/2575/2575 652/2576/2576
f 645/2577/2577 646/2578/2578 654/2579/2579 653/2580/2580
f 646/2581/2581 647/2582/2582 655/2583/2583 654/2584/2584
f 647/2585/2585 648/2586/2586 656/2587/2587 655/2588/2588
f 648/2589/2589 641/2590/2590 649/2591/2591 656/2592/2592
f 649/2593/2593 650/2594/2594 658/2595/2595 657/2596/2596
f 650/2597/2597 651/2598/2598 659/2599/2599 658/2600/2600
f 651/2601/2601 652/2602/2602 660/2603/2603 659/2604/2604
f 652/2605/2605 653/2606/2606 661/2607/2607 660/2608/2608
f 653/2609/2609 654/2610/2610 662/2611/2611 661/2612/2612
f 654/2613/2613 655/2614/2614 663/2615/2615 662/2616/2616
f 655/2617/2617 656/2618/2618 664/2619/2619 663/2620/2620
f 656/2621/2621 649/2622/2622 657/2623/2623 664/2624/2624
f 657/2625/2625 658/2626/2626 666/2627/2627 665/2628/2628
f 658/2629/2629 659/2630/2630 667/2631/2631 666/2632/2632
f 659/2633/2633 660/2634/2634 668/2635/2635 667/2636/2636
f 660/2637/2637 661/2638/2638 669/2639/2639 668/2640/2640
f 661/2641/2641 662/2642/2642 670/2643/2643 669/2644/2644
f 662/2645/2645 663/2646/2646 671/2647/2647 670/2648/2648
f 663/2649/2649 664/2650/2650 672/2651/2651 671/2652/2652
f 664/2653/2653 657/2654/2654 665/2655/2655 672/2656/2656
f 665/2657/2657 666/2658/2658 674/2659/2659 673/2660/2660
f 666/2661/2661 667/2662/2662 675/2663/2663 674/2664/2664
f 667/2665/2665 668/2666/2666 676/2667/2667 675/2668/2668
f 668/2669/2669 669/2670/2670 677/2671/2671 676/2672/2672
f 669/2673/2673 670/2674/2674 678/2675/2675 677/2676/2676
f 670/2677/2677 671/2678/2678 679/2679/2679 678/2680/2680
f 671/2681/2681 672/2682/2682 680/2683/2683 679/2684/2684
f 672/2685/2685 665/2686/2686 673/2687/2687 680/2688/2688
f 673/2689/2689 674/2690/2690 682/2691/2691 681/2692/2692
f 674/2693/2693 675/2694/2694 683/2695/2695 682/2696/2696
f 675/2697/2697 676/2698/2698 684/2699/2699 683/2700/2700
f 676/2701/2701 677/2702/2702 685/2703/2703 684/2704/2704
f 677/2705/2705 678/2706/2706 686/2707/2707 685/2708/2708
f 678/2709/2709 679/2710/2710 687/2711/2711 686/2712/2712
f 679/2713/2713 680/2714/2714 688/2715/2715 687/2716/2716
f 680/2717/2717 673/2718/2718 681/2719/2719 688/2720/2720
f 681/2721/2721 682/2722/2722 690/2723/2723 689/2724/2724
f 682/2725/2725 683/2726/2726 691/2727/2727 690/2728/2728
f 683/2729/2729 684/2730/2730 692/2731/2731 691/2732/2732
f 684/2733/2733 685/2734/2734 693/2735/2735 692/2736/2736
f 685/2737/2737 686/2738/2738 694/2739/2739 693/2740/2740
f 686/2741/2741 687/2742/2742 695/2743/2743 694/2744/2744
f 687/2745/2745 688/2746/2746 696/2747/2747 695/2748/2748
f 688/2749/2749 681/2750/2750 689/2751/2751 696/2752/2752
f 689/2753/2753 690/2754/2754 698/2755/2755 697/2756/2756
f 690/2757/2757 691/2758/2758 699/2759/2759 698/2760/2760
f 691/2761/2761 692/2762/2762 700/2763/2763 699/2764/2764
f 692/2765/2765 693/2766/2766 701/2767/2767 700/2768/2768
f 693/2769/2769 694/2770/2770 702/2771/2771 701/2772/2772
f 694/2773/2773 695/2774/2774 703/2775/2775 702/2776/2776
f 695/2777/2777 696/2778/2778 704/2779/2779 703/2780/2780
f 696/2781/2781 689/2782/2782 697/2783/2783 704/2784/2784
f 697/2785/2785 698/2786/2786 706/2787/2787 705/2788/2788
f 698/2789/2789 699/2790/2790 707/2791/2791 706/2792/2792
f 699/2793/2793 700/2794/2794 708/2795/2795 707/2796/2796
f 700/2797/2797 701/2798/2798 709/2799/2799 708/2800/2800
f 701/2801/2801 702/2802/2802 710/2803/2803 709/2804/2804
f 702/2805/2805 703/2806/2806 711/2807/2807 710/2808/2808
f 703/2809/2809 704/2810/2810 712/2811/2811 711/2812/2812
f 704/2813/2813 697/2814/2814 705/2815/2815 712/2816/2816
f 705/2817/2817 706/2818/2818 714/2819/2819 713/2820/2820
f 706/2821/2821 707/2822/2822 715/2823/2823 714/2824/2824
f 707/2825/2825 708/2826/2826 716/2827/2827 715/2828/2828
f 708/2829/2829 709/2830/2830 717/2831/2831 716/2832/2832
f 709/2833/2833 710/2834/2834 718/2835/2835 717/2836/2836
f 710/2837/2837 711/2838/2838 719/2839/2839 718/2840/2840
f 711/2841/2841 712/2842/2842 720/2843/2843 719/2844/2844
f 712/2845/2845 705/2846/2846 713/2847/2847 720/2848/2848
f 713/2849/2849 714/2850/2850 722/2851/2851 721/2852/2852
f 714/2853/2853 715/2854/2854 723/2855/2855 722/2856/2856
f 715/2857/2857 716/2858/2858 724/2859/2859 723/2860/2860
f 716/2861/2861 717/2862/2862 725/2863/2863 724/2864/2864
f 717/2865/2865 718/2866/2866 726/2867/2867 725/2868/2868
f 718/2869/2869 719/2870/2870 727/2871/2871 726/2872/2872
f 719/2873/2873 720/2874/2874 728/2875/2875 727/2876/2876
f 720/2877/2877 713/2878/2878 721/2879/2879 728/2880/2880
f 721/2881/2881 722/2882/2882 730/2883/2883 729/2884/2884
f 722/2885/2885 723/2886/2886 731/2887/2887 730/2888/2888
f 723/2889/2889 724/2890/2890 732/2891/2891 731/2892/2892
f 724/2893/2893 725/2894/2894 733/2895/2895 732/2896/2896
f 725/2897/2897 726/2898/2898 734/2899/2899 733/2900/2900
f 726/2901/2901 727/2902/2902 735/2903/2903 734/2904/2904
f 727/2905/2905 728/2906/2906 736/2907/2907 735/2908/2908
f 728/2909/2909 721/2910/2910 729/2911/2911 736/2912/2912
f 729/2913/2913 730/2914/2914 738/2915/2915 737/2916/2916
f 730/2917/2917 731/2918/2918 739/2919/2919 738/2920/2920
f 731/2921/2921 732/2922/2922 740/2923/2923 739/2924/2924
f 732/2925/2925 733/2926/2926 741/2927/2927 740/2928/2928
f 733/2929/2929 734/2930/2930 742/2931/2931 741/2932/2932
f 734/2933/2933 735/2934/2934 743/2935/2935 742/2936/2936
f 735/2937/2937 736/2938/2938 744/2939/2939 743/2940/2940
f 736/2941/2941 729/2942/2942 737/2943/2943 744/2944/2944
f 737/2945/2945 738/2946/2946 746/2947/2947 745/2948/2948
f 738/2949/2949 739/2950/2950 747/2951/2951 746/2952/2952
f 739/2953/2953 740/2954/2954 748/2955/2955 747/2956/2956
f 740/2957/2957 741/2958/2958 749/2959/2959 748/2960/2960
f 741/2961/2961 742/2962/2962 750/2963/2963 749/2964/2964
f 742/2965/2965 743/2966/2966 751/2967/2967 750/2968/2968
f 743/2969/2969 744/2970/2970 752/2971/2971 751/2972/2972
f 744/2973/2973 737/2974/2974 745/2975/2975 752/2976/2976
f 745/2977/2977 746/2978/2978 754/2979/2979 753/2980/2980
f 746/2981/2981 747/2982/2982 755/2983/2983 754/2984/2984
f 747/2985/2985 748/2986/2986 756/2987/2987 755/2988/2988
f 748/2989/2989 749/2990/2990 757/2991/2991 756/2992/2992
f 749/2993/2993 750/2994/2994 758/2995/2995 757/2996/2996
f 750/2997/2997 751/2998/2998 759/2999/2999 758/3000/3000
f 751/3001/3001 752/3002/3002 760/3003/3003 759/3004/3004
f 752/3005/3005 745/3006/3006 753/3007/3007 760/3008/3008
f 753/3009/3009 754/3010/3010 762/3011/3011 761/3012/3012
f 754/3013/3013 755/3014/3014 763/3015/3015 762/3016/3016
f 755/3017/3017 756/3018/3018 764/3019/3019 763/3020/3020
f 756/3021/3021 757/3022/3022 765/3023/3023 764/3024/3024
f 757/3025/3025 758/3026/3026 766/3027/3027 765/3028/3028
f 758/3029/3029 759/3030/3030 767/3031/3031 766/3032/3032
f 759/3033/3033 760/3034/3034 768/3035/3035 767/3036/3036
f 760/3037/3037 753/3038/3038 761/3039/3039 768/3040/3040
f 761/3041/3041 762/3042/3042 770/3043/3043 769/3044/3044
f 762/3045/3045 763/3046/3046 771/3047/3047 770/3048/3048
f 763/3049/3049 764/3050/3050 772/3051/3051 771/3052/3052
f 764/3053/3053 765/3054/3054 773/3055/3055 772/3056/3056
f 765/3057/3057 766/3058/3058 774/3059/3059 773/3060/3060
f 766/3061/3061 767/3062/3062 775/3063/3063 774/3064/3064
f 767/3065/3065 768/3066/3066 776/3067/3067 775/3068/3068
f 768/3069/3069 761/3070/3070 769/3071/3071 776/3072/3072
f 769/3073/3073 770/3074/3074 778/3075/3075 777/3076/3076
f 770/3077/3077 771/3078/3078 779/3079/3079 778/3080/3080
f 771/3081/3081 772/3082/3082 780/3083/3083 779/3084/3084
f 772/3085/3085 773/3086/3086 781/3087/3087 780/3088/3088
f 773/3089/3089 774/3090/3090 782/3091/3091 781/3092/3092
f 774/3093/3093 775/3094/3094 783/3095/3095 782/3096/3096
f 775/3097/3097 776/3098/3098 784/3099/3099 783/3100/3100
f 776/3101/3101 769/3102/3102 777/3103/3103 784/3104/3104
f 777/3105/3105 778/3106/3106 786/3107/3107 785/3108/3108
f 778/3109/3109 779/3110/3110 787/3111/3111 786/3112/3112
f 779/3113/3113 780/3114/3114 788/3115/3115 787/3116/3116
f 780/3117/3117 781/3118/3118 789/3119/3119 788/3120/3120
f 781/3121/3121 782/3122/3122 790/3123/3123 789/3124/3124
f 782/3125/3125 783/3126/3126 791/3127/3127 790/3128/3128
f 783/3129/3129 784/3130/3130 792/3131/3131 791/3132/3132
f 784/3133/3133 777/3134/3134 785/3135/3135 792/3136/3136
f 785/3137/3137 786/3138/3138 794/3139/3139 793/3140/3140
f 786/3141/3141 787/3142/3142 795/3143/3143 794/3144/3144
f 787/3145/3145 788/3146/3146 796/3147/3147 795/3148/3148
f 788/3149/3149 789/3150/3150 797/3151/3151 796/3152/3152
f 789/3153/3153 790/3154/3154 798/3155/3155 797/3156/3156
f 790/3157/3157 791/3158/3158 799/3159/3159 798/3160/3160
f 791/3161/3161 792/3162/3162 800/3163/3163 799/3164/3164
f 792/3165/3165 785/3166/3166 793/3167/3167 800/3168/3168
f 793/3169/3169 794/3170/3170 802/3171/3171 801/3172/3172
f 794/3173/3173 795/3174/3174 803/3175/3175 802/3176/3176
f 795/3177/3177 796/3178/3178 804/3179/3179 803/3180/3180
f 796/3181/3181 797/3182/3182 805/3183/3183 804/3184/3184
f 797/3185/3185 798/3186/3186 806/3187/3187 805/3188/3188
f 798/3189/3189 799/3190/3190 807/3191/3191 806/3192/3192
f 799/3193/3193 800/3194/3194 808/3195/3195 807/3196/3196
f 800/3197/3197 793/3198/3198 801/3199/3199 808/3200/3200
f 801/3201/3201 802/3202/3202 810/3203/3203 809/3204/3204
f 802/3205/3205 803/3206/3206 811/3207/3207 810/3208/3208
f 803/3209/3209 804/3210/3210 812/3211/3211 811/3212/3212
f 804/3213/3213 805/3214/3214 813/3215/3215 812/3216/3216
f 805/3217/3217 806/3218/3218 814/3219/3219 813/3220/3220
f 806/3221/3221 807/3222/3222 815/3223/3223 814/3224/3224
f 807/3225/3225 808/3226/3226 816/3227/3227 815/3228/3228
f 808/3229/3229 801/3230/3230 809/3231/3231 816/3232/3232
f 809/3233/3233 810/3234/3234 818/3235/3235 817/3236/3236
f 810/3237/3237 811/3238/3238 819/3239/3239 818/3240/3240
f 811/3241/3241 812/3242/3242 820/3243/3243 819/3244/3244
f 812/3245/3245 813/3246/3246 821/3247/3247 820/3248/3248
f 813/3249/3249 814/3250/3250 822/3251/3251 821/3252/3252
f 814/3253/3253 815/3254/3254 823/3255/3255 822/3256/3256
f 815/3257/3257 816/3258/3258 824/3259/3259 823/3260/3260
f 816/3261/3261 809/3262/3262 817/3263/3263 824/3264/3264
f 817/3265/3265 818/3266/3266 826/3267/3267 825/3268/3268
f 818/3269/3269 819/3270/3270 827/3271/3271 826/3272/3272
f 819/3273/3273 820/3274/3274 828/3275/3275 827/3276/3276
f 820/3277/3277 821/3278/3278 829/3279/3279 828/3280/3280
f 821/3281/3281 822/3282/3282 830/3283/3283 829/3284/3284
f 822/3285/3285 823/3286/3286 831/3287/3287 830/3288/3288
f 823/3289/3289 824/3290/3290 832/3291/3291 831/3292/3292
f 824/3293/3293 817/3294/3294 825/3295/3295 832/3296/3296
f 825/3297/3297 826/3298/3298 834/3299/3299 833/3300/3300
f 826/3301/3301 827/3302/3302 835/3303/3303 834/3304/3304
f 827/3305/3305 828/3306/3306 836/3307/3307 835/3308/3308
f 828/3309/3309 829/3310/3310 837/3311/3311 836/3312/3312
f 829/3313/3313 830/3314/3314 838/3315/3315 837/3316/3316
f 830/3317/3317 831/3318/3318 839/3319/3319 838/3320/3320
f 831/3321/3321 832/3322/3322 840/3323/3323 839/3324/3324
f 832/3325/3325 825/3326/3326 833/3327/3327 840/3328/3328
f 833/3329/3329 834/3330/3330 842/3331/3331 841/3332/3332
f 834/3333/3333 835/3334/3334 843/3335/3335 842/3336/3336
f 835/3337/3337 836/3338/3338 844/3339/3339 843/3340/3340
f 836/3341/3341 837/3342/3342 845/3343/3343 844/3344/3344
f 837/3345/3345 838/3346/3346 846/3347/3347 845/3348/3348
f 838/3349/3349 839/3350/3350 847/3351/3351 846/3352/3352
f 839/3353/3353 840/3354/3354 848/3355/3355 847/3356/3356
f 840/3357/3357 833/3358/3358 841/3359/3359 848/3360/3360
f 841/3361/3361 842/3362/3362 850/3363/3363 849/3364/3364
f 842/3365/3365 843/3366/3366 851/3367/3367 850/3368/3368
f 843/3369/3369 844/3370/3370 852/3371/3371 851/3372/3372
f 844/3373/3373 845/3374/3374 853/3375/3375 852/3376/3376
f 845/3377/3377 846/3378/3378 854/3379/3379 853/3380/3380
f 846/3381/3381 847/3382/3382 855/3383/3383 854/3384/3384
f 847/3385/3385 848/3386/3386 856/3387/3387 855/3388/3388
f 848/3389/3389 841/3390/3390 849/3391/3391 856/3392/3392
f 849/3393/3393 850/3394/3394 858/3395/3395 857/3396/3396
f 850/3397/3397 851/3398/3398 859/3399/3399 858/3400/3400
f 851/3401/3401 852/3402/3402 860/3403/3403 859/3404/3404
f 852/3405/3405 853/3406/3406 861/3407/3407 860/3408/3408
f 853/3409/3409 854/3410/3410 862/3411/3411 861/3412/3412
f 854/3413/3413 855/3414/3414 863/3415/3415 862/3416/3416
f 855/3417/3417 856/3418/3418 864/3419/3419 863/3420/3420
f 856/3421/3421 849/3422/3422 857/3423/3423 864/3424/3424
f 857/3425/3425 858/3426/3426 866/3427/3427 865/3428/3428
f 858/3429/3429 859/3430/3430 867/3431/3431 866/3432/3432
f 859/3433/3433 860/3434/3434 868/3435/3435 867/3436/3436
f 860/3437/3437 861/3438/3438 869/3439/3439 868/3440/3440
f 861/3441/3441 862/3442/3442 870/3443/3443 869/3444/3444
f 862/3445/3445 863/3446/3446 871/3447/3447 870/3448/3448
f 863/3449/3449 864/3450/3450 872/3451/3451 871/3452/3452
f 864/3453/3453 857/3454/3454 865/3455/3455 872/3456/3456
f 865/3457/3457 866/3458/3458 874/3459/3459 873/3460/3460
f 866/3461/3461 867/3462/3462 875/3463/3463 874/3464/3464
f 867/3465/3465 868/3466/3466 876/3467/3467 875/3468/3468
f 868/3469/3469 869/3470/3470 877/3471/3471 876/3472/3472
f 869/3473/3473 870/3474/3474 878/3475/3475 877/3476/3476
f 870/3477/3477 871/3478/3478 879/3479/3479 878/3480/3480
f 871/3481/3481 872/3482/3482 880/3483/3483 879/3484/3484
f 872/3485/3485 865/3486/3486 873/3487/3487 880/3488/3488
f 873/3489/3489 874/3490/3490 882/3491/3491 881/3492/3492
f 874/3493/3493 875/3494/3494 883/3495/3495 882/3496/3496
f 875/3497/3497 876/3498/3498 884/3499/3499 883/3500/3500
f 876/3501/3501 877/3502/3502 885/3503/3503 884/3504/3504
f 877/3505/3505 878/3506/3506 886/3507/3507 885/3508/3508
f 878/3509/3509 879/3510/3510 887/3511/3511 886/3512/3512
f 879/3513/3513 880/3514/3514 888/3515/3515 887/3516/3516
f 880/3517/3517 873/3518/3518 881/3519/3519 888/3520/3520
f 881/3521/3521 882/3522/3522 890/3523/3523 889/3524/3524
f 882/3525/3525 883/3526/3526 891/3527/3527 890/3528/3528
f 883/3529/3529 884/3530/3530 892/3531/3531 891/3532/3532
f 884/3533/3533 885/3534/3534 893/3535/3535 892/3536/3536
f 885/3537/3537 886/3538/3538 894/3539/3539 893/3540/3540
f 886/3541/3541 887/3542/3542 895/3543/3543 894/3544/3544
f 887/3545/3545 888/3546/3546 896/3547/3547 895/3548/3548
f 888/3549/3549 881/3550/3550 889/3551/3551 896/3552/3552
f 889/3553/3553 890/3554/3554 898/3555/3555 897/3556/3556
f 890/3557/3557 891/3558/3558 899/3559/3559 898/3560/3560
f 891/3561/3561 892/3562/3562 900/3563/3563 899/3564/3564
f 892/3565/3565 893/3566/3566 901/3567/3567 900/3568/3568
f 893/3569/3569 894/3570/3570 902/3571/3571 901/3572/3572
f 894/3573/3573 895/3574/3574 903/3575/3575 902/3576/3576
f 895/3577/3577 896/3578/3578 904/3579/3579 903/3580/3580
f 896/3581/3581 889/3582/3582 897/3583/3583 904/3584/3584
f 897/3585/3585 898/3586/3586 906/3587/3587 905/3588/3588
f 898/3589/3589 899/3590/3590 907/3591/3591 906/3592/3592
f 899/3593/3593 900/3594/3594 908/3595/3595 907/3596/3596
f 900/3597/3597 901/3598/3598 909/3599/3599 908/3600/3600
f 901/3601/3601 902/3602/3602 910/3603/3603 909/3604/3604
f 902/3605/3605 903/3606/3606 911/3607/3607 910/3608/3608
f 903/3609/3609 904/3610/3610 912/3611/3611 911/3612/3612
f 904/3613/3613 897/3614/3614 905/3615/3615 912/3616/3616
usemtl jp_iron__jp_fittings_co
f 915/3617/3617 914/3618/3618 913/3619/3619
f 916/3620/3620 915/3621/3621 913/3622/3622
f 917/3623/3623 916/3624/3624 913/3625/3625
f 918/3626/3626 917/3627/3627 913/3628/3628
f 919/3629/3629 918/3630/3630 913/3631/3631
f 920/3632/3632 919/3633/3633 913/3634/3634
f 921/3635/3635 920/3636/3636 913/3637/3637
f 914/3638/3638 921/3639/3639 913/3640/3640
f 922/3641/3641 923/3642/3642 924/3643/3643
f 922/3644/3644 924/3645/3645 925/3646/3646
f 922/3647/3647 925/3648/3648 926/3649/3649
f 922/3650/3650 926/3651/3651 927/3652/3652
f 922/3653/3653 927/3654/3654 928/3655/3655
f 922/3656/3656 928/3657/3657 929/3658/3658
f 922/3659/3659 929/3660/3660 930/3661/3661
f 922/3662/3662 930/3663/3663 923/3664/3664
usemtl jp_hemp__jp_fittings_co
f 937/3665/3665 938/3666/3666 932/3667/3667 931/3668/3668
f 938/3669/3669 939/3670/3670 933/3671/3671 932/3672/3672
f 939/3673/3673 940/3674/3674 934/3675/3675 933/3676/3676
f 940/3677/3677 941/3678/3678 935/3679/3679 934/3680/3680
f 941/3681/3681 942/3682/3682 936/3683/3683 935/3684/3684
f 942/3685/3685 937/3686/3686 931/3687/3687 936/3688/3688
f 949/3689/3689 950/3690/3690 944/3691/3691 943/3692/3692
f 950/3693/3693 951/3694/3694 945/3695/3695 944/3696/3696
f 951/3697/3697 952/3698/3698 946/3699/3699 945/3700/3700
f 952/3701/3701 953/3702/3702 947/3703/3703 946/3704/3704
f 953/3705/3705 954/3706/3706 948/3707/3707 947/3708/3708
f 954/3709/3709 949/3710/3710 943/3711/3711 948/3712/3712
usemtl jp_iron__jp_fittings_co
f 959/3713/3713 960/3714/3714 956/3715/3715 955/3716/3716
f 960/3717/3717 961/3718/3718 957/3719/3719 956/3720/3720
f 961/3721/3721 962/3722/3722 958/3723/3723 957/3724/3724
f 962/3725/3725 959/3726/3726 955/3727/3727 958/3728/3728
f 963/3729/3729 964/3730/3730 960/3731/3731 959/3732/3732
f 964/3733/3733 965/3734/3734 961/3735/3735 960/3736/3736
f 965/3737/3737 966/3738/3738 962/3739/3739 961/3740/3740
f 966/3741/3741 963/3742/3742 959/3743/3743 962/3744/3744
f 967/3745/3745 968/3746/3746 964/3747/3747 963/3748/3748
f 968/3749/3749 969/3750/3750 965/3751/3751 964/3752/3752
f 969/3753/3753 970/3754/3754 966/3755/3755 965/3756/3756
f 970/3757/3757 967/3758/3758 963/3759/3759 966/3760/3760
f 971/3761/3761 972/3762/3762 968/3763/3763 967/3764/3764
f 972/3765/3765 973/3766/3766 969/3767/3767 968/3768/3768
f 973/3769/3769 974/3770/3770 970/3771/3771 969/3772/3772
f 974/3773/3773 971/3774/3774 967/3775/3775 970/3776/3776
f 975/3777/3777 976/3778/3778 977/3779/3779
f 975/3780/3780 977/3781/3781 978/3782/3782
f 975/3783/3783 978/3784/3784 979/3785/3785
f 975/3786/3786 979/3787/3787 976/3788/3788
f 988/3789/3789 989/3790/3790 981/3791/3791 980/3792/3792
f 989/3793/3793 990/3794/3794 982/3795/3795 981/3796/3796
f 990/3797/3797 991/3798/3798 983/3799/3799 982/3800/3800
f 991/3801/3801 992/3802/3802 984/3803/3803 983/3804/3804
f 992/3805/3805 993/3806/3806 985/3807/3807 984/3808/3808
f 993/3809/3809 994/3810/3810 986/3811/3811 985/3812/3812
f 994/3813/3813 995/3814/3814 987/3815/3815 986/3816/3816
f 995/3817/3817 988/3818/3818 980/3819/3819 987/3820/3820
usemtl jp_bamboo__jp_ya_co
f 1004/3821/3821 1005/3822/3822 997/3823/3823 996/3824/3824
f 1005/3825/3825 1006/3826/3826 998/3827/3827 997/3828/3828
f 1006/3829/3829 1007/3830/3830 999/3831/3831 998/3832/3832
f 1007/3833/3833 1008/3834/3834 1000/3835/3835 999/3836/3836
f 1008/3837/3837 1009/3838/3838 1001/3839/3839 1000/3840/3840
f 1009/3841/3841 1010/3842/3842 1002/3843/3843 1001/3844/3844
f 1010/3845/3845 1011/3846/3846 1003/3847/3847 1002/3848/3848
f 1011/3849/3849 1004/3850/3850 996/3851/3851 1003/3852/3852
f 1012/3853/3853 1013/3854/3854 1005/3855/3855 1004/3856/3856
f 1013/3857/3857 1014/3858/3858 1006/3859/3859 1005/3860/3860
f 1014/3861/3861 1015/3862/3862 1007/3863/3863 1006/3864/3864
f 1015/3865/3865 1016/3866/3866 1008/3867/3867 1007/3868/3868
f 1016/3869/3869 1017/3870/3870 1009/3871/3871 1008/3872/3872
f 1017/3873/3873 1018/3874/3874 1010/3875/3875 1009/3876/3876
f 1018/3877/3877 1019/3878/3878 1011/3879/3879 1010/3880/3880
f 1019/3881/3881 1012/3882/3882 1004/3883/3883 1011/3884/3884
f 1020/3885/3885 1021/3886/3886 1013/3887/3887 1012/3888/3888
f 1021/3889/3889 1022/3890/3890 1014/3891/3891 1013/3892/3892
f 1022/3893/3893 1023/3894/3894 1015/3895/3895 1014/3896/3896
f 1023/3897/3897 1024/3898/3898 1016/3899/3899 1015/3900/3900
f 1024/3901/3901 1025/3902/3902 1017/3903/3903 1016/3904/3904
f 1025/3905/3905 1026/3906/3906 1018/3907/3907 1017/3908/3908
f 1026/3909/3909 1027/3910/3910 1019/3911/3911 1018/3912/3912
f 1027/3913/3913 1020/3914/3914 1012/3915/3915 1019/3916/3916
f 1028/3917/3917 1029/3918/3918 1021/3919/3919 1020/3920/3920
f 1029/3921/3921 1030/3922/3922 1022/3923/3923 1021/3924/3924
f 1030/3925/3925 1031/3926/3926 1023/3927/3927 1022/3928/3928
f 1031/3929/3929 1032/3930/3930 1024/3931/3931 1023/3932/3932
f 1032/3933/3933 1033/3934/3934 1025/3935/3935 1024/3936/3936
f 1033/3937/3937 1034/3938/3938 1026/3939/3939 1025/3940/3940
f 1034/3941/3941 1035/3942/3942 1027/3943/3943 1026/3944/3944
f 1035/3945/3945 1028/3946/3946 1020/3947/3947 1027/3948/3948
f 1036/3949/3949 1037/3950/3950 1029/3951/3951 1028/3952/3952
f 1037/3953/3953 1038/3954/3954 1030/3955/3955 1029/3956/3956
f 1038/3957/3957 1039/3958/3958 1031/3959/3959 1030/3960/3960
f 1039/3961/3961 1040/3962/3962 1032/3963/3963 1031/3964/3964
f 1040/3965/3965 1041/3966/3966 1033/3967/3967 1032/3968/3968
f 1041/3969/3969 1042/3970/3970 1034/3971/3971 1033/3972/3972
f 1042/3973/3973 1043/3974/3974 1035/3975/3975 1034/3976/3976
f 1043/3977/3977 1036/3978/3978 1028/3979/3979 1035/3980/3980
f 1044/3981/3981 1045/3982/3982 1037/3983/3983 1036/3984/3984
f 1045/3985/3985 1046/3986/3986 1038/3987/3987 1037/3988/3988
f 1046/3989/3989 1047/3990/3990 1039/3991/3991 1038/3992/3992
f 1047/3993/3993 1048/3994/3994 1040/3995/3995 1039/3996/3996
f 1048/3997/3997 1049/3998/3998 1041/3999/3999 1040/4000/4000
f 1049/4001/4001 1050/4002/4002 1042/4003/4003 1041/4004/4004
f 1050/4005/4005 1051/4006/4006 1043/4007/4007 1042/4008/4008
f 1051/4009/4009 1044/4010/4010 1036/4011/4011 1043/4012/4012
f 1052/4013/4013 1053/4014/4014 1045/4015/4015 1044/4016/4016
f 1053/4017/4017 1054/4018/4018 1046/4019/4019 1045/4020/4020
f 1054/4021/4021 1055/4022/4022 1047/4023/4023 1046/4024/4024
f 1055/4025/4025 1056/4026/4026 1048/4027/4027 1047/4028/4028
f 1056/4029/4029 1057/4030/4030 1049/4031/4031 1048/4032/4032
f 1057/4033/4033 1058/4034/4034 1050/4035/4035 1049/4036/4036
f 1058/4037/4037 1059/4038/4038 1051/4039/4039 1050/4040/4040
f 1059/4041/4041 1052/4042/4042 1044/4043/4043 1051/4044/4044
f 1060/4045/4045 1061/4046/4046 1053/4047/4047 1052/4048/4048
f 1061/4049/4049 1062/4050/4050 1054/4051/4051 1053/4052/4052
f 1062/4053/4053 1063/4054/4054 1055/4055/4055 1054/4056/4056
f 1063/4057/4057 1064/4058/4058 1056/4059/4059 1055/4060/4060
f 1064/4061/4061 1065/4062/4062 1057/4063/4063 1056/4064/4064
f 1065/4065/4065 1066/4066/4066 1058/4067/4067 1057/4068/4068
f 1066/4069/4069 1067/4070/4070 1059/4071/4071 1058/4072/4072
f 1067/4073/4073 1060/4074/4074 1052/4075/4075 1059/4076/4076
f 1068/4077/4077 1069/4078/4078 1061/4079/4079 1060/4080/4080
f 1069/4081/4081 1070/4082/4082 1062/4083/4083 1061/4084/4084
f 1070/4085/4085 1071/4086/4086 1063/4087/4087 1062/4088/4088
f 1071/4089/4089 1072/4090/4090 1064/4091/4091 1063/4092/4092
f 1072/4093/4093 1073/4094/4094 1065/4095/4095 1064/4096/4096
f 1073/4097/4097 1074/4098/4098 1066/4099/4099 1065/4100/4100
f 1074/4101/4101 1075/4102/4102 1067/4103/4103 1066/4104/4104
f 1075/4105/4105 1068/4106/4106 1060/4107/4107 1067/4108/4108
usemtl jp_iron__jp_fittings_co
f 1084/4109/4109 1085/4110/4110 1077/4111/4111 1076/4112/4112
f 1085/4113/4113 1086/4114/4114 1078/4115/4115 1077/4116/4116
f 1086/4117/4117 1087/4118/4118 1079/4119/4119 1078/4120/4120
f 1087/4121/4121 1088/4122/4122 1080/4123/4123 1079/4124/4124
f 1088/4125/4125 1089/4126/4126 1081/4127/4127 1080/4128/4128
f 1089/4129/4129 1090/4130/4130 1082/4131/4131 1081/4132/4132
f 1090/4133/4133 1091/4134/4134 1083/4135/4135 1082/4136/4136
f 1091/4137/4137 1084/4138/4138 1076/4139/4139 1083/4140/4140
f 1092/4141/4141 1093/4142/4142 1085/4143/4143 1084/4144/4144
f 1093/4145/4145 1094/4146/4146 1086/4147/4147 1085/4148/4148
f 1094/4149/4149 1095/4150/4150 1087/4151/4151 1086/4152/4152
f 1095/4153/4153 1096/4154/4154 1088/4155/4155 1087/4156/4156
f 1096/4157/4157 1097/4158/4158 1089/4159/4159 1088/4160/4160
f 1097/4161/4161 1098/4162/4162 1090/4163/4163 1089/4164/4164
f 1098/4165/4165 1099/4166/4166 1091/4167/4167 1090/4168/4168
f 1099/4169/4169 1092/4170/4170 1084/4171/4171 1091/4172/4172
f 1102/4173/4173 1101/4174/4174 1100/4175/4175
f 1103/4176/4176 1102/4177/4177 1100/4178/4178
f 1104/4179/4179 1103/4180/4180 1100/4181/4181
f 1105/4182/4182 1104/4183/4183 1100/4184/4184
f 1106/4185/4185 1105/4186/4186 1100/4187/4187
f 1107/4188/4188 1106/4189/4189 1100/4190/4190
f 1108/4191/4191 1107/4192/4192 1100/4193/4193
f 1101/4194/4194 1108/4195/4195 1100/4196/4196
usemtl jp_feather__jp_ya_co
f 1112/4197/4197 1111/4198/4198 1110/4199/4199 1109/4200/4200
f 1116/4201/4201 1115/4202/4202 1114/4203/4203 1113/4204/4204
f 1120/4205/4205 1119/4206/4206 1118/4207/4207 1117/4208/4208
f 1124/4209/4209 1123/4210/4210 1122/4211/4211 1121/4212/4212
f 1128/4213/4213 1127/4214/4214 1126/4215/4215 1125/4216/4216
f 1132/4217/4217 1131/4218/4218 1130/4219/4219 1129/4220/4220
f 1136/4221/4221 1135/4222/4222 1134/4223/4223 1133/4224/4224
f 1140/4225/4225 1139/4226/4226 1138/4227/4227 1137/4228/4228
f 1144/4229/4229 1143/4230/4230 1142/4231/4231 1141/4232/4232
f 1148/4233/4233 1147/4234/4234 1146/4235/4235 1145/4236/4236
f 1152/4237/4237 1151/4238/4238 1150/4239/4239 1149/4240/4240
f 1156/4241/4241 1155/4242/4242 1154/4243/4243 1153/4244/4244
f 1160/4245/4245 1159/4246/4246 1158/4247/4247 1157/4248/4248
f 1164/4249/4249 1163/4250/4250 1162/4251/4251 1161/4252/4252
f 1168/4253/4253 1167/4254/4254 1166/4255/4255 1165/4256/4256
f 1172/4257/4257 1171/4258/4258 1170/4259/4259 1169/4260/4260
f 1176/4261/4261 1175/4262/4262 1174/4263/4263 1173/4264/4264
f 1180/4265/4265 1179/4266/4266 1178/4267/4267 1177/4268/4268
f 1184/4269/4269 1183/4270/4270 1182/4271/4271 1181/4272/4272
f 1188/4273/4273 1187/4274/4274 1186/4275/4275 1185/4276/4276
f 1192/4277/4277 1191/4278/4278 1190/4279/4279 1189/4280/4280
f 1196/4281/4281 1195/4282/4282 1194/4283/4283 1193/4284/4284
f 1200/4285/4285 1199/4286/4286 1198/4287/4287 1197/4288/4288
f 1204/4289/4289 1203/4290/4290 1202/4291/4291 1201/4292/4292
f 1208/4293/4293 1207/4294/4294 1206/4295/4295 1205/4296/4296
f 1212/4297/4297 1211/4298/4298 1210/4299/4299 1209/4300/4300
f 1216/4301/4301 1215/4302/4302 1214/4303/4303 1213/4304/4304
f 1220/4305/4305 1219/4306/4306 1218/4307/4307 1217/4308/4308
f 1224/4309/4309 1223/4310/4310 1222/4311/4311 1221/4312/4312
f 1228/4313/4313 1227/4314/4314 1226/4315/4315 1225/4316/4316
f 1232/4317/4317 1231/4318/4318 1230/4319/4319 1229/4320/4320
f 1236/4321/4321 1235/4322/4322 1234/4323/4323 1233/4324/4324
f 1240/4325/4325 1239/4326/4326 1238/4327/4327 1237/4328/4328
f 1244/4329/4329 1243/4330/4330 1242/4331/4331 1241/4332/4332
f 1248/4333/4333 1247/4334/4334 1246/4335/4335 1245/4336/4336
f 1252/4337/4337 1251/4338/4338 1250/4339/4339 1249/4340/4340
