mtllib jp_yumi.mtl
v -0.108966 -0.735842 -0.044504
v -0.106926 -0.734675 -0.041371
v -0.101074 -0.731325 -0.041371
v -0.099034 -0.730158 -0.044504
v -0.099034 -0.730158 -0.053496
v -0.101074 -0.731325 -0.056629
v -0.106926 -0.734675 -0.056629
v -0.108966 -0.735842 -0.053496
v -0.121068 -0.714733 -0.044419
v -0.118802 -0.713947 -0.041227
v -0.112299 -0.711693 -0.041227
v -0.110033 -0.710907 -0.044419
v -0.110033 -0.710907 -0.053581
v -0.112299 -0.711693 -0.056773
v -0.118802 -0.713947 -0.056773
v -0.121068 -0.714733 -0.053581
v -0.123834 -0.691448 -0.044334
v -0.121436 -0.691933 -0.041082
v -0.114553 -0.693327 -0.041082
v -0.112155 -0.693812 -0.044334
v -0.112155 -0.693812 -0.053666
v -0.114553 -0.693327 -0.056918
v -0.121436 -0.691933 -0.056918
v -0.123834 -0.691448 -0.053666
v -0.112778 -0.669667 -0.044249
v -0.110560 -0.670810 -0.040938
v -0.104194 -0.674090 -0.040938
v -0.101976 -0.675233 -0.044249
v -0.101976 -0.675233 -0.053751
v -0.104194 -0.674090 -0.057062
v -0.110560 -0.670810 -0.057062
v -0.112778 -0.669667 -0.053751
v -0.102750 -0.649527 -0.044164
v -0.100469 -0.650654 -0.040794
v -0.093923 -0.653886 -0.040794
v -0.091642 -0.655013 -0.044164
v -0.091642 -0.655013 -0.053836
v -0.093923 -0.653886 -0.057206
v -0.100469 -0.650654 -0.057206
v -0.102750 -0.649527 -0.053836
v -0.093149 -0.629383 -0.044079
v -0.090805 -0.630491 -0.040649
v -0.084079 -0.633669 -0.040649
v -0.081735 -0.634777 -0.044079
v -0.081735 -0.634777 -0.053921
v -0.084079 -0.633669 -0.057351
v -0.090805 -0.630491 -0.057351
v -0.093149 -0.629383 -0.053921
v -0.083980 -0.609253 -0.043994
v -0.081573 -0.610340 -0.040505
v -0.074665 -0.613460 -0.040505
v -0.072258 -0.614547 -0.043994
v -0.072258 -0.614547 -0.054006
v -0.074665 -0.613460 -0.057495
v -0.081573 -0.610340 -0.057495
v -0.083980 -0.609253 -0.054006
v -0.075231 -0.589129 -0.043909
v -0.072761 -0.590193 -0.040360
v -0.065672 -0.593247 -0.040360
v -0.063202 -0.594311 -0.043909
v -0.063202 -0.594311 -0.054091
v -0.065672 -0.593247 -0.057640
v -0.072761 -0.590193 -0.057640
v -0.075231 -0.589129 -0.054091
v -0.066893 -0.568999 -0.043823
v -0.064360 -0.570038 -0.040216
v -0.057091 -0.573022 -0.040216
v -0.054558 -0.574061 -0.043823
v -0.054558 -0.574061 -0.054177
v -0.057091 -0.573022 -0.057784
v -0.064360 -0.570038 -0.057784
v -0.066893 -0.568999 -0.054177
v -0.058968 -0.548883 -0.043738
v -0.056373 -0.549896 -0.040071
v -0.048923 -0.552804 -0.040071
v -0.046327 -0.553817 -0.043738
v -0.046327 -0.553817 -0.054262
v -0.048923 -0.552804 -0.057929
v -0.056373 -0.549896 -0.057929
v -0.058968 -0.548883 -0.054262
v -0.051447 -0.528772 -0.043653
v -0.048788 -0.529757 -0.039927
v -0.041159 -0.532583 -0.039927
v -0.038500 -0.533568 -0.043653
v -0.038500 -0.533568 -0.054347
v -0.041159 -0.532583 -0.058073
v -0.048788 -0.529757 -0.058073
v -0.051447 -0.528772 -0.054347
v -0.044319 -0.508655 -0.043568
v -0.041598 -0.509610 -0.039783
v -0.033789 -0.512350 -0.039783
v -0.031068 -0.513305 -0.043568
v -0.031068 -0.513305 -0.054432
v -0.033789 -0.512350 -0.058217
v -0.041598 -0.509610 -0.058217
v -0.044319 -0.508655 -0.054432
v -0.037585 -0.488553 -0.043483
v -0.034802 -0.489476 -0.039638
v -0.026815 -0.492124 -0.039638
v -0.024032 -0.493047 -0.043483
v -0.024032 -0.493047 -0.054517
v -0.026815 -0.492124 -0.058362
v -0.034802 -0.489476 -0.058362
v -0.037585 -0.488553 -0.054517
v -0.031233 -0.468444 -0.043398
v -0.028388 -0.469334 -0.039494
v -0.020224 -0.471886 -0.039494
v -0.017379 -0.472776 -0.043398
v -0.017379 -0.472776 -0.054602
v -0.020224 -0.471886 -0.058506
v -0.028388 -0.469334 -0.058506
v -0.031233 -0.468444 -0.054602
v -0.025261 -0.448349 -0.043313
v -0.022355 -0.449204 -0.039349
v -0.014015 -0.451656 -0.039349
v -0.011109 -0.452511 -0.043313
v -0.011109 -0.452511 -0.054687
v -0.014015 -0.451656 -0.058651
v -0.022355 -0.449204 -0.058651
v -0.025261 -0.448349 -0.054687
v -0.019660 -0.428257 -0.043228
v -0.016693 -0.429076 -0.039205
v -0.008179 -0.431424 -0.039205
v -0.005212 -0.432243 -0.043228
v -0.005212 -0.432243 -0.054772
v -0.008179 -0.431424 -0.058795
v -0.016693 -0.429076 -0.058795
v -0.019660 -0.428257 -0.054772
v -0.014421 -0.408159 -0.043143
v -0.011394 -0.408940 -0.039060
v -0.002706 -0.411180 -0.039060
v 0.000321 -0.411961 -0.043143
v 0.000321 -0.411961 -0.054857
v -0.002706 -0.411180 -0.058940
v -0.011394 -0.408940 -0.058940
v -0.014421 -0.408159 -0.054857
v -0.009542 -0.388074 -0.043058
v -0.006455 -0.388816 -0.038916
v 0.002404 -0.390944 -0.038916
v 0.005491 -0.391686 -0.043058
v 0.005491 -0.391686 -0.054942
v 0.002404 -0.390944 -0.059084
v -0.006455 -0.388816 -0.059084
v -0.009542 -0.388074 -0.054942
v -0.005012 -0.367991 -0.042972
v -0.001866 -0.368693 -0.038772
v 0.007162 -0.370707 -0.038772
v 0.010308 -0.371409 -0.042972
v 0.010308 -0.371409 -0.055028
v 0.007162 -0.370707 -0.059228
v -0.001866 -0.368693 -0.059228
v -0.005012 -0.367991 -0.055028
v -0.000823 -0.347901 -0.042887
v 0.002382 -0.348562 -0.038627
v 0.011578 -0.350458 -0.038627
v 0.014782 -0.351119 -0.042887
v 0.014782 -0.351119 -0.055113
v 0.011578 -0.350458 -0.059373
v 0.002382 -0.348562 -0.059373
v -0.000823 -0.347901 -0.055113
v 0.003030 -0.327823 -0.042802
v 0.006292 -0.328442 -0.038483
v 0.015654 -0.330218 -0.038483
v 0.018916 -0.330837 -0.042802
v 0.018916 -0.330837 -0.055198
v 0.015654 -0.330218 -0.059517
v 0.006292 -0.328442 -0.059517
v 0.003030 -0.327823 -0.055198
v 0.006556 -0.307746 -0.042717
v 0.009875 -0.308323 -0.038338
v 0.019400 -0.309977 -0.038338
v 0.022720 -0.310554 -0.042717
v 0.022720 -0.310554 -0.055283
v 0.019400 -0.309977 -0.059662
v 0.009875 -0.308323 -0.059662
v 0.006556 -0.307746 -0.055283
v 0.009765 -0.287661 -0.042632
v 0.013140 -0.288195 -0.038194
v 0.022827 -0.289725 -0.038194
v 0.026203 -0.290259 -0.042632
v 0.026203 -0.290259 -0.055368
v 0.022827 -0.289725 -0.059806
v 0.013140 -0.288195 -0.059806
v 0.009765 -0.287661 -0.055368
v 0.012662 -0.267587 -0.042547
v 0.016093 -0.268077 -0.038050
v 0.025940 -0.269483 -0.038050
v 0.029371 -0.269973 -0.042547
v 0.029371 -0.269973 -0.055453
v 0.025940 -0.269483 -0.059950
v 0.016093 -0.268077 -0.059950
v 0.012662 -0.267587 -0.055453
v 0.015259 -0.247513 -0.042462
v 0.018745 -0.247960 -0.037905
v 0.028749 -0.249240 -0.037905
v 0.032235 -0.249687 -0.042462
v 0.032235 -0.249687 -0.055538
v 0.028749 -0.249240 -0.060095
v 0.018745 -0.247960 -0.060095
v 0.015259 -0.247513 -0.055538
v 0.017565 -0.227430 -0.042377
v 0.021105 -0.227832 -0.037761
v 0.031265 -0.228988 -0.037761
v 0.034805 -0.229390 -0.042377
v 0.034805 -0.229390 -0.055623
v 0.031265 -0.228988 -0.060239
v 0.021105 -0.227832 -0.060239
v 0.017565 -0.227430 -0.055623
v 0.019588 -0.207356 -0.042292
v 0.023182 -0.207715 -0.037616
v 0.033495 -0.208745 -0.037616
v 0.037088 -0.209104 -0.042292
v 0.037088 -0.209104 -0.055708
v 0.033495 -0.208745 -0.060384
v 0.023182 -0.207715 -0.060384
v 0.019588 -0.207356 -0.055708
v 0.021339 -0.187281 -0.042206
v 0.024986 -0.187597 -0.037472
v 0.035450 -0.188503 -0.037472
v 0.039097 -0.188819 -0.042206
v 0.039097 -0.188819 -0.055794
v 0.035450 -0.188503 -0.060528
v 0.024986 -0.187597 -0.060528
v 0.021339 -0.187281 -0.055794
v 0.022830 -0.167194 -0.042121
v 0.026529 -0.167468 -0.037327
v 0.037143 -0.168252 -0.037327
v 0.040842 -0.168526 -0.042121
v 0.040842 -0.168526 -0.055879
v 0.037143 -0.168252 -0.060673
v 0.026529 -0.167468 -0.060673
v 0.022830 -0.167194 -0.055879
v 0.024072 -0.147116 -0.042036
v 0.027822 -0.147347 -0.037183
v 0.038583 -0.148013 -0.037183
v 0.042333 -0.148244 -0.042036
v 0.042333 -0.148244 -0.055964
v 0.038583 -0.148013 -0.060817
v 0.027822 -0.147347 -0.060817
v 0.024072 -0.147116 -0.055964
v 0.025076 -0.127034 -0.041951
v 0.028877 -0.127225 -0.037039
v 0.039785 -0.127775 -0.037039
v 0.043586 -0.127966 -0.041951
v 0.043586 -0.127966 -0.056049
v 0.039785 -0.127775 -0.060961
v 0.028877 -0.127225 -0.060961
v 0.025076 -0.127034 -0.056049
v 0.025858 -0.106939 -0.041866
v 0.029709 -0.107091 -0.036894
v 0.040761 -0.107529 -0.036894
v 0.044613 -0.107681 -0.041866
v 0.044613 -0.107681 -0.056134
v 0.040761 -0.107529 -0.061106
v 0.029709 -0.107091 -0.061106
v 0.025858 -0.106939 -0.056134
v 0.026431 -0.086849 -0.041781
v 0.030332 -0.086964 -0.036750
v 0.041527 -0.087296 -0.036750
v 0.045428 -0.087411 -0.041781
v 0.045428 -0.087411 -0.056219
v 0.041527 -0.087296 -0.061250
v 0.030332 -0.086964 -0.061250
v 0.026431 -0.086849 -0.056219
v 0.026813 -0.066718 -0.041696
v 0.030763 -0.066809 -0.036605
v 0.042100 -0.067071 -0.036605
v 0.046050 -0.067162 -0.041696
v 0.046050 -0.067162 -0.056304
v 0.042100 -0.067071 -0.061395
v 0.030763 -0.066809 -0.061395
v 0.026813 -0.066718 -0.056304
v 0.026914 -0.058827 -0.041662
v 0.030884 -0.058898 -0.036548
v 0.042276 -0.059102 -0.036548
v 0.046246 -0.059173 -0.041662
v 0.046246 -0.059173 -0.056338
v 0.042276 -0.059102 -0.061452
v 0.030884 -0.058898 -0.061452
v 0.026914 -0.058827 -0.056338
v 0.020912 -0.054769 -0.040571
v 0.027374 -0.054864 -0.034696
v 0.045917 -0.055136 -0.034696
v 0.052378 -0.055231 -0.040571
v 0.052378 -0.055231 -0.057429
v 0.045917 -0.055136 -0.063304
v 0.027374 -0.054864 -0.063304
v 0.020912 -0.054769 -0.057429
v 0.021026 -0.046598 -0.040571
v 0.027488 -0.046664 -0.034696
v 0.046031 -0.046856 -0.034696
v 0.052493 -0.046922 -0.040571
v 0.052493 -0.046922 -0.057429
v 0.046031 -0.046856 -0.063304
v 0.027488 -0.046664 -0.063304
v 0.021026 -0.046598 -0.057429
v 0.021204 -0.026487 -0.040571
v 0.027666 -0.026525 -0.034696
v 0.046210 -0.026635 -0.034696
v 0.052672 -0.026673 -0.040571
v 0.052672 -0.026673 -0.057429
v 0.046210 -0.026635 -0.063304
v 0.027666 -0.026525 -0.063304
v 0.021204 -0.026487 -0.057429
v 0.021263 -0.006367 -0.040571
v 0.027726 -0.006376 -0.034696
v 0.046270 -0.006404 -0.034696
v 0.052732 -0.006413 -0.040571
v 0.052732 -0.006413 -0.057429
v 0.046270 -0.006404 -0.063304
v 0.027726 -0.006376 -0.063304
v 0.021263 -0.006367 -0.057429
v 0.021263 0.013783 -0.040571
v 0.027725 0.013786 -0.034696
v 0.046270 0.013794 -0.034696
v 0.052732 0.013797 -0.040571
v 0.052732 0.013797 -0.057429
v 0.046270 0.013794 -0.063304
v 0.027725 0.013786 -0.063304
v 0.021263 0.013783 -0.057429
v 0.021244 0.033946 -0.040571
v 0.027707 0.033956 -0.034696
v 0.046251 0.033984 -0.034696
v 0.052713 0.033994 -0.040571
v 0.052713 0.033994 -0.057429
v 0.046251 0.033984 -0.063304
v 0.027707 0.033956 -0.063304
v 0.021244 0.033946 -0.057429
v 0.021201 0.054126 -0.040571
v 0.027663 0.054140 -0.034696
v 0.046208 0.054180 -0.034696
v 0.052670 0.054194 -0.040571
v 0.052670 0.054194 -0.057429
v 0.046208 0.054180 -0.063304
v 0.027663 0.054140 -0.063304
v 0.021201 0.054126 -0.057429
v 0.021198 0.054952 -0.040571
v 0.027661 0.054972 -0.034696
v 0.046205 0.055028 -0.034696
v 0.052667 0.055048 -0.040571
v 0.052667 0.055048 -0.057429
v 0.046205 0.055028 -0.063304
v 0.027661 0.054972 -0.063304
v 0.021198 0.054952 -0.057429
v 0.027080 0.058964 -0.041538
v 0.031122 0.058979 -0.036337
v 0.042719 0.059021 -0.036337
v 0.046761 0.059036 -0.041538
v 0.046761 0.059036 -0.056462
v 0.042719 0.059021 -0.061663
v 0.031122 0.058979 -0.061663
v 0.027080 0.058964 -0.056462
v 0.027066 0.074294 -0.041570
v 0.031089 0.074313 -0.036392
v 0.042634 0.074367 -0.036392
v 0.046657 0.074386 -0.041570
v 0.046657 0.074386 -0.056430
v 0.042634 0.074367 -0.061608
v 0.031089 0.074313 -0.061608
v 0.027066 0.074294 -0.056430
v 0.027018 0.094459 -0.041613
v 0.031016 0.094484 -0.036464
v 0.042491 0.094556 -0.036464
v 0.046490 0.094581 -0.041613
v 0.046490 0.094581 -0.056387
v 0.042491 0.094556 -0.061536
v 0.031016 0.094484 -0.061536
v 0.027018 0.094459 -0.056387
v 0.026931 0.114630 -0.041655
v 0.030906 0.114663 -0.036536
v 0.042311 0.114757 -0.036536
v 0.046285 0.114790 -0.041655
v 0.046285 0.114790 -0.056345
v 0.042311 0.114757 -0.061464
v 0.030906 0.114663 -0.061464
v 0.026931 0.114630 -0.056345
v 0.026804 0.134791 -0.041698
v 0.030754 0.134832 -0.036609
v 0.042090 0.134948 -0.036609
v 0.046040 0.134989 -0.041698
v 0.046040 0.134989 -0.056302
v 0.042090 0.134948 -0.061391
v 0.030754 0.134832 -0.061391
v 0.026804 0.134791 -0.056302
v 0.026634 0.154950 -0.041740
v 0.030560 0.154999 -0.036681
v 0.041825 0.155141 -0.036681
v 0.045751 0.155190 -0.041740
v 0.045751 0.155190 -0.056260
v 0.041825 0.155141 -0.061319
v 0.030560 0.154999 -0.061319
v 0.026634 0.154950 -0.056260
v 0.026417 0.175119 -0.041783
v 0.030319 0.175177 -0.036753
v 0.041514 0.175343 -0.036753
v 0.045416 0.175401 -0.041783
v 0.045416 0.175401 -0.056217
v 0.041514 0.175343 -0.061247
v 0.030319 0.175177 -0.061247
v 0.026417 0.175119 -0.056217
v 0.026153 0.195277 -0.041825
v 0.030030 0.195344 -0.036825
v 0.041156 0.195536 -0.036825
v 0.045033 0.195603 -0.041825
v 0.045033 0.195603 -0.056175
v 0.041156 0.195536 -0.061175
v 0.030030 0.195344 -0.061175
v 0.026153 0.195277 -0.056175
v 0.025838 0.215434 -0.041868
v 0.029691 0.215510 -0.036897
v 0.040746 0.215730 -0.036897
v 0.044599 0.215806 -0.041868
v 0.044599 0.215806 -0.056132
v 0.040746 0.215730 -0.061103
v 0.029691 0.215510 -0.061103
v 0.025838 0.215434 -0.056132
v 0.025471 0.235600 -0.041910
v 0.029299 0.235686 -0.036969
v 0.040284 0.235934 -0.036969
v 0.044112 0.236020 -0.041910
v 0.044112 0.236020 -0.056090
v 0.040284 0.235934 -0.061031
v 0.029299 0.235686 -0.061031
v 0.025471 0.235600 -0.056090
v 0.025049 0.255756 -0.041953
v 0.028853 0.255852 -0.037042
v 0.039768 0.256128 -0.037042
v 0.043572 0.256224 -0.041953
v 0.043572 0.256224 -0.056047
v 0.039768 0.256128 -0.060958
v 0.028853 0.255852 -0.060958
v 0.025049 0.255756 -0.056047
v 0.024572 0.275912 -0.041995
v 0.028351 0.276018 -0.037114
v 0.039196 0.276322 -0.037114
v 0.042975 0.276428 -0.041995
v 0.042975 0.276428 -0.056005
v 0.039196 0.276322 -0.060886
v 0.028351 0.276018 -0.060886
v 0.024572 0.275912 -0.056005
v 0.024036 0.296077 -0.042038
v 0.027791 0.296193 -0.037186
v 0.038565 0.296527 -0.037186
v 0.042320 0.296643 -0.042038
v 0.042320 0.296643 -0.055962
v 0.038565 0.296527 -0.060814
v 0.027791 0.296193 -0.060814
v 0.024036 0.296077 -0.055962
v 0.023442 0.316232 -0.042080
v 0.027171 0.316358 -0.037258
v 0.037875 0.316722 -0.037258
v 0.041605 0.316848 -0.042080
v 0.041605 0.316848 -0.055920
v 0.037875 0.316722 -0.060742
v 0.027171 0.316358 -0.060742
v 0.023442 0.316232 -0.055920
v 0.022786 0.336386 -0.042123
v 0.026491 0.336523 -0.037330
v 0.037124 0.336917 -0.037330
v 0.040829 0.337054 -0.042123
v 0.040829 0.337054 -0.055877
v 0.037124 0.336917 -0.060670
v 0.026491 0.336523 -0.060670
v 0.022786 0.336386 -0.055877
v 0.022067 0.356550 -0.042166
v 0.025748 0.356698 -0.037402
v 0.036310 0.357122 -0.037402
v 0.039990 0.357270 -0.042166
v 0.039990 0.357270 -0.055834
v 0.036310 0.357122 -0.060598
v 0.025748 0.356698 -0.060598
v 0.022067 0.356550 -0.055834
v 0.021285 0.376704 -0.042208
v 0.024940 0.376862 -0.037474
v 0.035432 0.377318 -0.037474
v 0.039087 0.377476 -0.042208
v 0.039087 0.377476 -0.055792
v 0.035432 0.377318 -0.060526
v 0.024940 0.376862 -0.060526
v 0.021285 0.376704 -0.055792
v 0.020436 0.396867 -0.042251
v 0.024067 0.397037 -0.037547
v 0.034487 0.397523 -0.037547
v 0.038119 0.397693 -0.042251
v 0.038119 0.397693 -0.055749
v 0.034487 0.397523 -0.060453
v 0.024067 0.397037 -0.060453
v 0.020436 0.396867 -0.055749
v 0.019522 0.417021 -0.042293
v 0.023128 0.417201 -0.037619
v 0.033477 0.417719 -0.037619
v 0.037083 0.417899 -0.042293
v 0.037083 0.417899 -0.055707
v 0.033477 0.417719 -0.060381
v 0.023128 0.417201 -0.060381
v 0.019522 0.417021 -0.055707
v 0.018539 0.437174 -0.042336
v 0.022120 0.437365 -0.037691
v 0.032398 0.437915 -0.037691
v 0.035979 0.438106 -0.042336
v 0.035979 0.438106 -0.055664
v 0.032398 0.437915 -0.060309
v 0.022120 0.437365 -0.060309
v 0.018539 0.437174 -0.055664
v 0.017486 0.457337 -0.042378
v 0.021042 0.457540 -0.037763
v 0.031248 0.458120 -0.037763
v 0.034805 0.458323 -0.042378
v 0.034805 0.458323 -0.055622
v 0.031248 0.458120 -0.060237
v 0.021042 0.457540 -0.060237
v 0.017486 0.457337 -0.055622
v 0.016362 0.477490 -0.042421
v 0.019894 0.477704 -0.037835
v 0.030029 0.478316 -0.037835
v 0.033560 0.478530 -0.042421
v 0.033560 0.478530 -0.055579
v 0.030029 0.478316 -0.060165
v 0.019894 0.477704 -0.060165
v 0.016362 0.477490 -0.055579
v 0.015167 0.497643 -0.042463
v 0.018674 0.497868 -0.037907
v 0.028737 0.498512 -0.037907
v 0.032243 0.498737 -0.042463
v 0.032243 0.498737 -0.055537
v 0.028737 0.498512 -0.060093
v 0.018674 0.497868 -0.060093
v 0.015167 0.497643 -0.055537
v 0.013898 0.517806 -0.042506
v 0.017380 0.518042 -0.037980
v 0.027371 0.518718 -0.037980
v 0.030852 0.518954 -0.042506
v 0.030852 0.518954 -0.055494
v 0.027371 0.518718 -0.060020
v 0.017380 0.518042 -0.060020
v 0.013898 0.517806 -0.055494
v 0.012555 0.537959 -0.042548
v 0.016012 0.538206 -0.038052
v 0.025931 0.538914 -0.038052
v 0.029388 0.539161 -0.042548
v 0.029388 0.539161 -0.055452
v 0.025931 0.538914 -0.059948
v 0.016012 0.538206 -0.059948
v 0.012555 0.537959 -0.055452
v 0.011137 0.558112 -0.042591
v 0.014569 0.558370 -0.038124
v 0.024416 0.559110 -0.038124
v 0.027847 0.559368 -0.042591
v 0.027847 0.559368 -0.055409
v 0.024416 0.559110 -0.059876
v 0.014569 0.558370 -0.059876
v 0.011137 0.558112 -0.055409
v 0.009642 0.578274 -0.042633
v 0.013048 0.578544 -0.038196
v 0.022823 0.579316 -0.038196
v 0.026229 0.579586 -0.042633
v 0.026229 0.579586 -0.055367
v 0.022823 0.579316 -0.059804
v 0.013048 0.578544 -0.059804
v 0.009642 0.578274 -0.055367
v 0.008069 0.598427 -0.042676
v 0.011450 0.598708 -0.038268
v 0.021152 0.599512 -0.038268
v 0.024533 0.599793 -0.042676
v 0.024533 0.599793 -0.055324
v 0.021152 0.599512 -0.059732
v 0.011450 0.598708 -0.059732
v 0.008069 0.598427 -0.055324
v 0.006418 0.618580 -0.042718
v 0.009773 0.618872 -0.038340
v 0.019403 0.619708 -0.038340
v 0.022759 0.620000 -0.042718
v 0.022759 0.620000 -0.055282
v 0.019403 0.619708 -0.059660
v 0.009773 0.618872 -0.059660
v 0.006418 0.618580 -0.055282
v 0.004686 0.638743 -0.042761
v 0.008016 0.639046 -0.038413
v 0.017573 0.639914 -0.038413
v 0.020903 0.640217 -0.042761
v 0.020903 0.640217 -0.055239
v 0.017573 0.639914 -0.059587
v 0.008016 0.639046 -0.059587
v 0.004686 0.638743 -0.055239
v 0.002873 0.658896 -0.042803
v 0.006178 0.659210 -0.038485
v 0.015663 0.660110 -0.038485
v 0.018968 0.660424 -0.042803
v 0.018968 0.660424 -0.055197
v 0.015663 0.660110 -0.059515
v 0.006178 0.659210 -0.059515
v 0.002873 0.658896 -0.055197
v 0.000979 0.679050 -0.042846
v 0.004259 0.679374 -0.038557
v 0.013670 0.680306 -0.038557
v 0.016950 0.680630 -0.042846
v 0.016950 0.680630 -0.055154
v 0.013670 0.680306 -0.059443
v 0.004259 0.679374 -0.059443
v 0.000979 0.679050 -0.055154
v -0.000998 0.699213 -0.042888
v 0.002256 0.699549 -0.038629
v 0.011594 0.700511 -0.038629
v 0.014848 0.700847 -0.042888
v 0.014848 0.700847 -0.055112
v 0.011594 0.700511 -0.059371
v 0.002256 0.699549 -0.059371
v -0.000998 0.699213 -0.055112
v -0.003059 0.719366 -0.042931
v 0.000169 0.719713 -0.038701
v 0.009434 0.720707 -0.038701
v 0.012663 0.721054 -0.042931
v 0.012663 0.721054 -0.055069
v 0.009434 0.720707 -0.059299
v 0.000169 0.719713 -0.059299
v -0.003059 0.719366 -0.055069
v -0.005205 0.739520 -0.042973
v -0.002002 0.739877 -0.038773
v 0.007190 0.740903 -0.038773
v 0.010393 0.741260 -0.042973
v 0.010393 0.741260 -0.055027
v 0.007190 0.740903 -0.059227
v -0.002002 0.739877 -0.059227
v -0.005205 0.739520 -0.055027
v -0.007437 0.759684 -0.043016
v -0.004260 0.760052 -0.038846
v 0.004858 0.761108 -0.038846
v 0.008035 0.761476 -0.043016
v 0.008035 0.761476 -0.054984
v 0.004858 0.761108 -0.059154
v -0.004260 0.760052 -0.059154
v -0.007437 0.759684 -0.054984
v -0.009755 0.779838 -0.043059
v -0.006604 0.780217 -0.038918
v 0.002441 0.781303 -0.038918
v 0.005592 0.781682 -0.043059
v 0.005592 0.781682 -0.054941
v 0.002441 0.781303 -0.059082
v -0.006604 0.780217 -0.059082
v -0.009755 0.779838 -0.054941
v -0.012161 0.799992 -0.043101
v -0.009035 0.800382 -0.038990
v -0.000065 0.801498 -0.038990
v 0.003061 0.801888 -0.043101
v 0.003061 0.801888 -0.054899
v -0.000065 0.801498 -0.059010
v -0.009035 0.800382 -0.059010
v -0.012161 0.799992 -0.054899
v -0.014657 0.820157 -0.043144
v -0.011556 0.820557 -0.039062
v -0.002660 0.821703 -0.039062
v 0.000440 0.822103 -0.043144
v 0.000440 0.822103 -0.054856
v -0.002660 0.821703 -0.058938
v -0.011556 0.820557 -0.058938
v -0.014657 0.820157 -0.054856
v -0.017240 0.840312 -0.043186
v -0.014166 0.840722 -0.039134
v -0.005343 0.841898 -0.039134
v -0.002269 0.842308 -0.043186
v -0.002269 0.842308 -0.054814
v -0.005343 0.841898 -0.058866
v -0.014166 0.840722 -0.058866
v -0.017240 0.840312 -0.054814
v -0.019916 0.860477 -0.043229
v -0.016867 0.860897 -0.039206
v -0.008119 0.862103 -0.039206
v -0.005070 0.862523 -0.043229
v -0.005070 0.862523 -0.054771
v -0.008119 0.862103 -0.058794
v -0.016867 0.860897 -0.058794
v -0.019916 0.860477 -0.054771
v -0.022681 0.880632 -0.043271
v -0.019658 0.881062 -0.039279
v -0.010984 0.882298 -0.039279
v -0.007962 0.882728 -0.043271
v -0.007962 0.882728 -0.054729
v -0.010984 0.882298 -0.058721
v -0.019658 0.881062 -0.058721
v -0.022681 0.880632 -0.054729
v -0.025538 0.900787 -0.043314
v -0.022541 0.901228 -0.039351
v -0.013942 0.902492 -0.039351
v -0.010945 0.902933 -0.043314
v -0.010945 0.902933 -0.054686
v -0.013942 0.902492 -0.058649
v -0.022541 0.901228 -0.058649
v -0.025538 0.900787 -0.054686
v -0.028489 0.920953 -0.043356
v -0.025519 0.921404 -0.039423
v -0.016994 0.922696 -0.039423
v -0.014023 0.923147 -0.043356
v -0.014023 0.923147 -0.054644
v -0.016994 0.922696 -0.058577
v -0.025519 0.921404 -0.058577
v -0.028489 0.920953 -0.054644
v -0.031533 0.941109 -0.043399
v -0.028588 0.941570 -0.039495
v -0.020138 0.942890 -0.039495
v -0.017193 0.943351 -0.043399
v -0.017193 0.943351 -0.054601
v -0.020138 0.942890 -0.058505
v -0.028588 0.941570 -0.058505
v -0.031533 0.941109 -0.054601
v -0.034671 0.961266 -0.043441
v -0.031752 0.961736 -0.039567
v -0.023377 0.963084 -0.039567
v -0.020459 0.963554 -0.043441
v -0.020459 0.963554 -0.054559
v -0.023377 0.963084 -0.058433
v -0.031752 0.961736 -0.058433
v -0.034671 0.961266 -0.054559
v -0.037906 0.981433 -0.043484
v -0.035013 0.981912 -0.039639
v -0.026713 0.983288 -0.039639
v -0.023821 0.983767 -0.043484
v -0.023821 0.983767 -0.054516
v -0.026713 0.983288 -0.058361
v -0.035013 0.981912 -0.058361
v -0.037906 0.981433 -0.054516
v -0.041235 1.001590 -0.043526
v -0.038369 1.002079 -0.039711
v -0.030144 1.003481 -0.039711
v -0.027278 1.003970 -0.043526
v -0.027278 1.003970 -0.054474
v -0.030144 1.003481 -0.058289
v -0.038369 1.002079 -0.058289
v -0.041235 1.001590 -0.054474
v -0.044662 1.021747 -0.043569
v -0.041822 1.022245 -0.039784
v -0.033672 1.023675 -0.039784
v -0.030832 1.024173 -0.043569
v -0.030832 1.024173 -0.054431
v -0.033672 1.023675 -0.058216
v -0.041822 1.022245 -0.058216
v -0.044662 1.021747 -0.054431
v -0.048187 1.041915 -0.043611
v -0.045374 1.042422 -0.039856
v -0.037299 1.043878 -0.039856
v -0.034485 1.044385 -0.043611
v -0.034485 1.044385 -0.054389
v -0.037299 1.043878 -0.058144
v -0.045374 1.042422 -0.058144
v -0.048187 1.041915 -0.054389
v -0.051810 1.062073 -0.043654
v -0.049022 1.062590 -0.039928
v -0.041023 1.064070 -0.039928
v -0.038236 1.064587 -0.043654
v -0.038236 1.064587 -0.054346
v -0.041023 1.064070 -0.058072
v -0.049022 1.062590 -0.058072
v -0.051810 1.062073 -0.054346
v -0.055531 1.082232 -0.043696
v -0.052770 1.082757 -0.040000
v -0.044847 1.084263 -0.040000
v -0.042085 1.084788 -0.043696
v -0.042085 1.084788 -0.054304
v -0.044847 1.084263 -0.058000
v -0.052770 1.082757 -0.058000
v -0.055531 1.082232 -0.054304
v -0.059355 1.102401 -0.043739
v -0.056620 1.102935 -0.040072
v -0.048772 1.104465 -0.040072
v -0.046037 1.104999 -0.043739
v -0.046037 1.104999 -0.054261
v -0.048772 1.104465 -0.057928
v -0.056620 1.102935 -0.057928
v -0.059355 1.102401 -0.054261
v -0.063277 1.122561 -0.043781
v -0.060569 1.123103 -0.040144
v -0.052796 1.124657 -0.040144
v -0.050088 1.125199 -0.043781
v -0.050088 1.125199 -0.054219
v -0.052796 1.124657 -0.057856
v -0.060569 1.123103 -0.057856
v -0.063277 1.122561 -0.054219
v -0.067301 1.142721 -0.043824
v -0.064619 1.143271 -0.040217
v -0.056922 1.144849 -0.040217
v -0.054240 1.145399 -0.043824
v -0.054240 1.145399 -0.054176
v -0.056922 1.144849 -0.057783
v -0.064619 1.143271 -0.057783
v -0.067301 1.142721 -0.054176
v -0.071429 1.162891 -0.043866
v -0.068773 1.163449 -0.040289
v -0.061152 1.165051 -0.040289
v -0.058497 1.165609 -0.043866
v -0.058497 1.165609 -0.054134
v -0.061152 1.165051 -0.057711
v -0.068773 1.163449 -0.057711
v -0.071429 1.162891 -0.054134
v -0.075657 1.183052 -0.043909
v -0.073028 1.183618 -0.040361
v -0.065484 1.185242 -0.040361
v -0.062854 1.185808 -0.043909
v -0.062854 1.185808 -0.054091
v -0.065484 1.185242 -0.057639
v -0.073028 1.183618 -0.057639
v -0.075657 1.183052 -0.054091
v -0.079990 1.203213 -0.043952
v -0.077387 1.203787 -0.040433
v -0.069918 1.205433 -0.040433
v -0.067316 1.206007 -0.043952
v -0.067316 1.206007 -0.054048
v -0.069918 1.205433 -0.057567
v -0.077387 1.203787 -0.057567
v -0.079990 1.203213 -0.054048
v -0.084429 1.223385 -0.043994
v -0.081852 1.223966 -0.040505
v -0.074460 1.225634 -0.040505
v -0.071884 1.226215 -0.043994
v -0.071884 1.226215 -0.054006
v -0.074460 1.225634 -0.057495
v -0.081852 1.223966 -0.057495
v -0.084429 1.223385 -0.054006
v -0.088970 1.243547 -0.044037
v -0.086421 1.244135 -0.040577
v -0.079104 1.245825 -0.040577
v -0.076555 1.246413 -0.044037
v -0.076555 1.246413 -0.053963
v -0.079104 1.245825 -0.057423
v -0.086421 1.244135 -0.057423
v -0.088970 1.243547 -0.053963
v -0.093620 1.263719 -0.044079
v -0.091097 1.264315 -0.040650
v -0.083857 1.266025 -0.040650
v -0.081334 1.266621 -0.044079
v -0.081334 1.266621 -0.053921
v -0.083857 1.266025 -0.057350
v -0.091097 1.264315 -0.057350
v -0.093620 1.263719 -0.053921
v -0.098373 1.283883 -0.044122
v -0.095877 1.284485 -0.040722
v -0.088713 1.286215 -0.040722
v -0.086217 1.286817 -0.044122
v -0.086217 1.286817 -0.053878
v -0.088713 1.286215 -0.057278
v -0.095877 1.284485 -0.057278
v -0.098373 1.283883 -0.053878
v -0.103234 1.304046 -0.044164
v -0.100764 1.304656 -0.040794
v -0.093677 1.306404 -0.040794
v -0.091207 1.307014 -0.044164
v -0.091207 1.307014 -0.053836
v -0.093677 1.306404 -0.057206
v -0.100764 1.304656 -0.057206
v -0.103234 1.304046 -0.053836
v -0.108205 1.324220 -0.044207
v -0.105762 1.324836 -0.040866
v -0.098751 1.326604 -0.040866
v -0.096308 1.327220 -0.044207
v -0.096308 1.327220 -0.053793
v -0.098751 1.326604 -0.057134
v -0.105762 1.324836 -0.057134
v -0.108205 1.324220 -0.053793
v -0.113282 1.344385 -0.044249
v -0.110865 1.345007 -0.040938
v -0.103931 1.346793 -0.040938
v -0.101514 1.347415 -0.044249
v -0.101514 1.347415 -0.053751
v -0.103931 1.346793 -0.057062
v -0.110865 1.345007 -0.057062
v -0.113282 1.344385 -0.053751
v -0.118468 1.364550 -0.044292
v -0.116078 1.365178 -0.041010
v -0.109220 1.366982 -0.041010
v -0.106830 1.367610 -0.044292
v -0.106830 1.367610 -0.053708
v -0.109220 1.366982 -0.056990
v -0.116078 1.365178 -0.056990
v -0.118468 1.364550 -0.053708
v -0.123897 1.385341 -0.044334
v -0.121480 1.385723 -0.041083
v -0.114544 1.386817 -0.041083
v -0.112127 1.387199 -0.044334
v -0.112127 1.387199 -0.053666
v -0.114544 1.386817 -0.056917
v -0.121480 1.385723 -0.056917
v -0.123897 1.385341 -0.053666
v -0.124908 1.406810 -0.044377
v -0.122490 1.406662 -0.041155
v -0.115551 1.406238 -0.041155
v -0.113133 1.406090 -0.044377
v -0.113133 1.406090 -0.053623
v -0.115551 1.406238 -0.056845
v -0.122490 1.406662 -0.056845
v -0.124908 1.406810 -0.053623
v -0.121259 1.427844 -0.044419
v -0.118913 1.427346 -0.041227
v -0.112181 1.425914 -0.041227
v -0.109835 1.425416 -0.044419
v -0.109835 1.425416 -0.053581
v -0.112181 1.425914 -0.056773
v -0.118913 1.427346 -0.056773
v -0.121259 1.427844 -0.053581
v -0.115996 1.448410 -0.044462
v -0.113713 1.447757 -0.041299
v -0.107163 1.445883 -0.041299
v -0.104880 1.445230 -0.044462
v -0.104880 1.445230 -0.053538
v -0.107163 1.445883 -0.056701
v -0.113713 1.447757 -0.056701
v -0.115996 1.448410 -0.053538
v -0.109451 1.468739 -0.044504
v -0.107212 1.468025 -0.041371
v -0.100788 1.465975 -0.041371
v -0.098549 1.465261 -0.044504
v -0.098549 1.465261 -0.053496
v -0.100788 1.465975 -0.056629
v -0.107212 1.468025 -0.056629
v -0.109451 1.468739 -0.053496
v -0.100000 -0.753000 -0.049000
v -0.108966 -0.735842 -0.044504
v -0.106926 -0.734675 -0.041371
v -0.101074 -0.731325 -0.041371
v -0.099034 -0.730158 -0.044504
v -0.099034 -0.730158 -0.053496
v -0.101074 -0.731325 -0.056629
v -0.106926 -0.734675 -0.056629
v -0.108966 -0.735842 -0.053496
v -0.100000 1.487000 -0.049000
v -0.109451 1.468739 -0.044504
v -0.107212 1.468025 -0.041371
v -0.100788 1.465975 -0.041371
v -0.098549 1.465261 -0.044504
v -0.098549 1.465261 -0.053496
v -0.100788 1.465975 -0.056629
v -0.107212 1.468025 -0.056629
v -0.109451 1.468739 -0.053496
v -0.120131 1.431994 -0.049000
v -0.121231 1.431997 -0.050905
v -0.123431 1.432003 -0.050905
v -0.124531 1.432006 -0.049000
v -0.123431 1.432003 -0.047095
v -0.121231 1.431997 -0.047095
v -0.125688 -0.698006 -0.049000
v -0.126788 -0.698003 -0.050905
v -0.128988 -0.697997 -0.050905
v -0.130088 -0.697994 -0.049000
v -0.128988 -0.697997 -0.047095
v -0.126788 -0.698003 -0.047095
v 0.857500 0.063000 -0.030100
v 0.857500 0.063400 -0.029500
v 0.857500 0.063000 -0.028900
v 0.857500 0.062600 -0.029500
v 0.844000 0.063000 -0.040000
v 0.844000 0.065800 -0.029500
v 0.844000 0.063000 -0.019000
v 0.844000 0.060200 -0.029500
v 0.832000 0.063000 -0.043000
v 0.832000 0.066400 -0.029500
v 0.832000 0.063000 -0.016000
v 0.832000 0.059600 -0.029500
v 0.822000 0.063000 -0.037500
v 0.822000 0.066000 -0.029500
v 0.822000 0.063000 -0.021500
v 0.822000 0.060000 -0.029500
v 0.814000 0.063000 -0.033700
v 0.814000 0.067200 -0.029500
v 0.814000 0.063000 -0.025300
v 0.814000 0.058800 -0.029500
v 0.858000 0.063000 -0.029500
v 0.857500 0.063000 -0.030100
v 0.857500 0.063400 -0.029500
v 0.857500 0.063000 -0.028900
v 0.857500 0.062600 -0.029500
v 0.815000 0.063000 -0.033700
v 0.815000 0.065970 -0.032470
v 0.815000 0.067200 -0.029500
v 0.815000 0.065970 -0.026530
v 0.815000 0.063000 -0.025300
v 0.815000 0.060030 -0.026530
v 0.815000 0.058800 -0.029500
v 0.815000 0.060030 -0.032470
v 0.806000 0.063000 -0.034500
v 0.806000 0.066536 -0.033036
v 0.806000 0.068000 -0.029500
v 0.806000 0.066536 -0.025964
v 0.806000 0.063000 -0.024500
v 0.806000 0.059464 -0.025964
v 0.806000 0.058000 -0.029500
v 0.806000 0.059464 -0.033036
v 0.807000 0.063000 -0.034000
v 0.807000 0.066182 -0.032682
v 0.807000 0.067500 -0.029500
v 0.807000 0.066182 -0.026318
v 0.807000 0.063000 -0.025000
v 0.807000 0.059818 -0.026318
v 0.807000 0.058500 -0.029500
v 0.807000 0.059818 -0.032682
v 0.705778 0.063000 -0.034000
v 0.705778 0.066182 -0.032682
v 0.705778 0.067500 -0.029500
v 0.705778 0.066182 -0.026318
v 0.705778 0.063000 -0.025000
v 0.705778 0.059818 -0.026318
v 0.705778 0.058500 -0.029500
v 0.705778 0.059818 -0.032682
v 0.604556 0.063000 -0.034000
v 0.604556 0.066182 -0.032682
v 0.604556 0.067500 -0.029500
v 0.604556 0.066182 -0.026318
v 0.604556 0.063000 -0.025000
v 0.604556 0.059818 -0.026318
v 0.604556 0.058500 -0.029500
v 0.604556 0.059818 -0.032682
v 0.503333 0.063000 -0.034000
v 0.503333 0.066182 -0.032682
v 0.503333 0.067500 -0.029500
v 0.503333 0.066182 -0.026318
v 0.503333 0.063000 -0.025000
v 0.503333 0.059818 -0.026318
v 0.503333 0.058500 -0.029500
v 0.503333 0.059818 -0.032682
v 0.402111 0.063000 -0.034000
v 0.402111 0.066182 -0.032682
v 0.402111 0.067500 -0.029500
v 0.402111 0.066182 -0.026318
v 0.402111 0.063000 -0.025000
v 0.402111 0.059818 -0.026318
v 0.402111 0.058500 -0.029500
v 0.402111 0.059818 -0.032682
v 0.300889 0.063000 -0.034000
v 0.300889 0.066182 -0.032682
v 0.300889 0.067500 -0.029500
v 0.300889 0.066182 -0.026318
v 0.300889 0.063000 -0.025000
v 0.300889 0.059818 -0.026318
v 0.300889 0.058500 -0.029500
v 0.300889 0.059818 -0.032682
v 0.199667 0.063000 -0.034000
v 0.199667 0.066182 -0.032682
v 0.199667 0.067500 -0.029500
v 0.199667 0.066182 -0.026318
v 0.199667 0.063000 -0.025000
v 0.199667 0.059818 -0.026318
v 0.199667 0.058500 -0.029500
v 0.199667 0.059818 -0.032682
v 0.098444 0.063000 -0.034000
v 0.098444 0.066182 -0.032682
v 0.098444 0.067500 -0.029500
v 0.098444 0.066182 -0.026318
v 0.098444 0.063000 -0.025000
v 0.098444 0.059818 -0.026318
v 0.098444 0.058500 -0.029500
v 0.098444 0.059818 -0.032682
v -0.002778 0.063000 -0.034000
v -0.002778 0.066182 -0.032682
v -0.002778 0.067500 -0.029500
v -0.002778 0.066182 -0.026318
v -0.002778 0.063000 -0.025000
v -0.002778 0.059818 -0.026318
v -0.002778 0.058500 -0.029500
v -0.002778 0.059818 -0.032682
v -0.104000 0.063000 -0.034000
v -0.104000 0.066182 -0.032682
v -0.104000 0.067500 -0.029500
v -0.104000 0.066182 -0.026318
v -0.104000 0.063000 -0.025000
v -0.104000 0.059818 -0.026318
v -0.104000 0.058500 -0.029500
v -0.104000 0.059818 -0.032682
v -0.103000 0.063000 -0.034400
v -0.103000 0.066465 -0.032965
v -0.103000 0.067900 -0.029500
v -0.103000 0.066465 -0.026035
v -0.103000 0.063000 -0.024600
v -0.103000 0.059535 -0.026035
v -0.103000 0.058100 -0.029500
v -0.103000 0.059535 -0.032965
v -0.125000 0.063000 -0.034100
v -0.125000 0.066253 -0.032753
v -0.125000 0.067600 -0.029500
v -0.125000 0.066253 -0.026247
v -0.125000 0.063000 -0.024900
v -0.125000 0.059747 -0.026247
v -0.125000 0.058400 -0.029500
v -0.125000 0.059747 -0.032753
v -0.129000 0.063000 -0.033100
v -0.129000 0.065546 -0.032046
v -0.129000 0.066600 -0.029500
v -0.129000 0.065546 -0.026954
v -0.129000 0.063000 -0.025900
v -0.129000 0.060454 -0.026954
v -0.129000 0.059400 -0.029500
v -0.129000 0.060454 -0.032046
v -0.127500 0.063000 -0.029500
v -0.129000 0.063000 -0.033100
v -0.129000 0.065546 -0.032046
v -0.129000 0.066600 -0.029500
v -0.129000 0.065546 -0.026954
v -0.129000 0.063000 -0.025900
v -0.129000 0.060454 -0.026954
v -0.129000 0.059400 -0.029500
v -0.129000 0.060454 -0.032046
v 0.091000 0.067050 -0.029500
v 0.066000 0.067050 -0.029500
v 0.066000 0.077214 -0.029500
v 0.091000 0.067850 -0.029500
v 0.091000 0.067850 -0.029500
v 0.066000 0.077214 -0.029500
v 0.066000 0.067050 -0.029500
v 0.091000 0.067050 -0.029500
v 0.066000 0.067050 -0.029500
v 0.041000 0.067050 -0.029500
v 0.041000 0.080550 -0.029500
v 0.066000 0.077214 -0.029500
v 0.066000 0.077214 -0.029500
v 0.041000 0.080550 -0.029500
v 0.041000 0.067050 -0.029500
v 0.066000 0.067050 -0.029500
v 0.041000 0.067050 -0.029500
v 0.016000 0.067050 -0.029500
v 0.016000 0.080550 -0.029500
v 0.041000 0.080550 -0.029500
v 0.041000 0.080550 -0.029500
v 0.016000 0.080550 -0.029500
v 0.016000 0.067050 -0.029500
v 0.041000 0.067050 -0.029500
v 0.016000 0.067050 -0.029500
v -0.009000 0.067050 -0.029500
v -0.009000 0.079763 -0.029500
v 0.016000 0.080550 -0.029500
v 0.016000 0.080550 -0.029500
v -0.009000 0.079763 -0.029500
v -0.009000 0.067050 -0.029500
v 0.016000 0.067050 -0.029500
v -0.009000 0.067050 -0.029500
v -0.034000 0.067050 -0.029500
v -0.034000 0.077794 -0.029500
v -0.009000 0.079763 -0.029500
v -0.009000 0.079763 -0.029500
v -0.034000 0.077794 -0.029500
v -0.034000 0.067050 -0.029500
v -0.009000 0.067050 -0.029500
v -0.034000 0.067050 -0.029500
v -0.059000 0.067050 -0.029500
v -0.059000 0.075825 -0.029500
v -0.034000 0.077794 -0.029500
v -0.034000 0.077794 -0.029500
v -0.059000 0.075825 -0.029500
v -0.059000 0.067050 -0.029500
v -0.034000 0.067050 -0.029500
v 0.091000 0.060975 -0.025993
v 0.066000 0.060975 -0.025993
v 0.066000 0.055893 -0.017190
v 0.091000 0.060575 -0.025300
v 0.091000 0.060575 -0.025300
v 0.066000 0.055893 -0.017190
v 0.066000 0.060975 -0.025993
v 0.091000 0.060975 -0.025993
v 0.066000 0.060975 -0.025993
v 0.041000 0.060975 -0.025993
v 0.041000 0.054225 -0.014301
v 0.066000 0.055893 -0.017190
v 0.066000 0.055893 -0.017190
v 0.041000 0.054225 -0.014301
v 0.041000 0.060975 -0.025993
v 0.066000 0.060975 -0.025993
v 0.041000 0.060975 -0.025993
v 0.016000 0.060975 -0.025993
v 0.016000 0.054225 -0.014301
v 0.041000 0.054225 -0.014301
v 0.041000 0.054225 -0.014301
v 0.016000 0.054225 -0.014301
v 0.016000 0.060975 -0.025993
v 0.041000 0.060975 -0.025993
v 0.016000 0.060975 -0.025993
v -0.009000 0.060975 -0.025993
v -0.009000 0.054619 -0.014983
v 0.016000 0.054225 -0.014301
v 0.016000 0.054225 -0.014301
v -0.009000 0.054619 -0.014983
v -0.009000 0.060975 -0.025993
v 0.016000 0.060975 -0.025993
v -0.009000 0.060975 -0.025993
v -0.034000 0.060975 -0.025993
v -0.034000 0.055603 -0.016688
v -0.009000 0.054619 -0.014983
v -0.009000 0.054619 -0.014983
v -0.034000 0.055603 -0.016688
v -0.034000 0.060975 -0.025993
v -0.009000 0.060975 -0.025993
v -0.034000 0.060975 -0.025993
v -0.059000 0.060975 -0.025993
v -0.059000 0.056587 -0.018393
v -0.034000 0.055603 -0.016688
v -0.034000 0.055603 -0.016688
v -0.059000 0.056587 -0.018393
v -0.059000 0.060975 -0.025993
v -0.034000 0.060975 -0.025993
v 0.091000 0.060975 -0.033007
v 0.066000 0.060975 -0.033007
v 0.066000 0.055893 -0.041810
v 0.091000 0.060575 -0.033700
v 0.091000 0.060575 -0.033700
v 0.066000 0.055893 -0.041810
v 0.066000 0.060975 -0.033007
v 0.091000 0.060975 -0.033007
v 0.066000 0.060975 -0.033007
v 0.041000 0.060975 -0.033007
v 0.041000 0.054225 -0.044699
v 0.066000 0.055893 -0.041810
v 0.066000 0.055893 -0.041810
v 0.041000 0.054225 -0.044699
v 0.041000 0.060975 -0.033007
v 0.066000 0.060975 -0.033007
v 0.041000 0.060975 -0.033007
v 0.016000 0.060975 -0.033007
v 0.016000 0.054225 -0.044699
v 0.041000 0.054225 -0.044699
v 0.041000 0.054225 -0.044699
v 0.016000 0.054225 -0.044699
v 0.016000 0.060975 -0.033007
v 0.041000 0.060975 -0.033007
v 0.016000 0.060975 -0.033007
v -0.009000 0.060975 -0.033007
v -0.009000 0.054619 -0.044017
v 0.016000 0.054225 -0.044699
v 0.016000 0.054225 -0.044699
v -0.009000 0.054619 -0.044017
v -0.009000 0.060975 -0.033007
v 0.016000 0.060975 -0.033007
v -0.009000 0.060975 -0.033007
v -0.034000 0.060975 -0.033007
v -0.034000 0.055603 -0.042312
v -0.009000 0.054619 -0.044017
v -0.009000 0.054619 -0.044017
v -0.034000 0.055603 -0.042312
v -0.034000 0.060975 -0.033007
v -0.009000 0.060975 -0.033007
v -0.034000 0.060975 -0.033007
v -0.059000 0.060975 -0.033007
v -0.059000 0.056587 -0.040607
v -0.034000 0.055603 -0.042312
v -0.034000 0.055603 -0.042312
v -0.059000 0.056587 -0.040607
v -0.059000 0.060975 -0.033007
v -0.034000 0.060975 -0.033007
vt 0.000000 0.000000
vt 0.125000 0.000000
vt 0.125000 0.009173
vt 0.000000 0.009173
vt 0.125000 0.000000
vt 0.250000 0.000000
vt 0.250000 0.009173
vt 0.125000 0.009173
vt 0.250000 0.000000
vt 0.375000 0.000000
vt 0.375000 0.009173
vt 0.250000 0.009173
vt 0.375000 0.000000
vt 0.500000 0.000000
vt 0.500000 0.009173
vt 0.375000 0.009173
vt 0.500000 0.000000
vt 0.625000 0.000000
vt 0.625000 0.009173
vt 0.500000 0.009173
vt 0.625000 0.000000
vt 0.750000 0.000000
vt 0.750000 0.009173
vt 0.625000 0.009173
vt 0.750000 0.000000
vt 0.875000 0.000000
vt 0.875000 0.009173
vt 0.750000 0.009173
vt 0.875000 0.000000
vt 1.000000 0.000000
vt 1.000000 0.009173
vt 0.875000 0.009173
vt 0.000000 0.009173
vt 0.125000 0.009173
vt 0.125000 0.018350
vt 0.000000 0.018350
vt 0.125000 0.009173
vt 0.250000 0.009173
vt 0.250000 0.018350
vt 0.125000 0.018350
vt 0.250000 0.009173
vt 0.375000 0.009173
vt 0.375000 0.018350
vt 0.250000 0.018350
vt 0.375000 0.009173
vt 0.500000 0.009173
vt 0.500000 0.018350
vt 0.375000 0.018350
vt 0.500000 0.009173
vt 0.625000 0.009173
vt 0.625000 0.018350
vt 0.500000 0.018350
vt 0.625000 0.009173
vt 0.750000 0.009173
vt 0.750000 0.018350
vt 0.625000 0.018350
vt 0.750000 0.009173
vt 0.875000 0.009173
vt 0.875000 0.018350
vt 0.750000 0.018350
vt 0.875000 0.009173
vt 1.000000 0.009173
vt 1.000000 0.018350
vt 0.875000 0.018350
vt 0.000000 0.018350
vt 0.125000 0.018350
vt 0.125000 0.027523
vt 0.000000 0.027523
vt 0.125000 0.018350
vt 0.250000 0.018350
vt 0.250000 0.027523
vt 0.125000 0.027523
vt 0.250000 0.018350
vt 0.375000 0.018350
vt 0.375000 0.027523
vt 0.250000 0.027523
vt 0.375000 0.018350
vt 0.500000 0.018350
vt 0.500000 0.027523
vt 0.375000 0.027523
vt 0.500000 0.018350
vt 0.625000 0.018350
vt 0.625000 0.027523
vt 0.500000 0.027523
vt 0.625000 0.018350
vt 0.750000 0.018350
vt 0.750000 0.027523
vt 0.625000 0.027523
vt 0.750000 0.018350
vt 0.875000 0.018350
vt 0.875000 0.027523
vt 0.750000 0.027523
vt 0.875000 0.018350
vt 1.000000 0.018350
vt 1.000000 0.027523
vt 0.875000 0.027523
vt 0.000000 0.027523
vt 0.125000 0.027523
vt 0.125000 0.036695
vt 0.000000 0.036695
vt 0.125000 0.027523
vt 0.250000 0.027523
vt 0.250000 0.036695
vt 0.125000 0.036695
vt 0.250000 0.027523
vt 0.375000 0.027523
vt 0.375000 0.036695
vt 0.250000 0.036695
vt 0.375000 0.027523
vt 0.500000 0.027523
vt 0.500000 0.036695
vt 0.375000 0.036695
vt 0.500000 0.027523
vt 0.625000 0.027523
vt 0.625000 0.036695
vt 0.500000 0.036695
vt 0.625000 0.027523
vt 0.750000 0.027523
vt 0.750000 0.036695
vt 0.625000 0.036695
vt 0.750000 0.027523
vt 0.875000 0.027523
vt 0.875000 0.036695
vt 0.750000 0.036695
vt 0.875000 0.027523
vt 1.000000 0.027523
vt 1.000000 0.036695
vt 0.875000 0.036695
vt 0.000000 0.036695
vt 0.125000 0.036695
vt 0.125000 0.045873
vt 0.000000 0.045873
vt 0.125000 0.036695
vt 0.250000 0.036695
vt 0.250000 0.045873
vt 0.125000 0.045873
vt 0.250000 0.036695
vt 0.375000 0.036695
vt 0.375000 0.045873
vt 0.250000 0.045873
vt 0.375000 0.036695
vt 0.500000 0.036695
vt 0.500000 0.045873
vt 0.375000 0.045873
vt 0.500000 0.036695
vt 0.625000 0.036695
vt 0.625000 0.045873
vt 0.500000 0.045873
vt 0.625000 0.036695
vt 0.750000 0.036695
vt 0.750000 0.045873
vt 0.625000 0.045873
vt 0.750000 0.036695
vt 0.875000 0.036695
vt 0.875000 0.045873
vt 0.750000 0.045873
vt 0.875000 0.036695
vt 1.000000 0.036695
vt 1.000000 0.045873
vt 0.875000 0.045873
vt 0.000000 0.045873
vt 0.125000 0.045873
vt 0.125000 0.055045
vt 0.000000 0.055045
vt 0.125000 0.045873
vt 0.250000 0.045873
vt 0.250000 0.055045
vt 0.125000 0.055045
vt 0.250000 0.045873
vt 0.375000 0.045873
vt 0.375000 0.055045
vt 0.250000 0.055045
vt 0.375000 0.045873
vt 0.500000 0.045873
vt 0.500000 0.055045
vt 0.375000 0.055045
vt 0.500000 0.045873
vt 0.625000 0.045873
vt 0.625000 0.055045
vt 0.500000 0.055045
vt 0.625000 0.045873
vt 0.750000 0.045873
vt 0.750000 0.055045
vt 0.625000 0.055045
vt 0.750000 0.045873
vt 0.875000 0.045873
vt 0.875000 0.055045
vt 0.750000 0.055045
vt 0.875000 0.045873
vt 1.000000 0.045873
vt 1.000000 0.055045
vt 0.875000 0.055045
vt 0.000000 0.055045
vt 0.125000 0.055045
vt 0.125000 0.064218
vt 0.000000 0.064218
vt 0.125000 0.055045
vt 0.250000 0.055045
vt 0.250000 0.064218
vt 0.125000 0.064218
vt 0.250000 0.055045
vt 0.375000 0.055045
vt 0.375000 0.064218
vt 0.250000 0.064218
vt 0.375000 0.055045
vt 0.500000 0.055045
vt 0.500000 0.064218
vt 0.375000 0.064218
vt 0.500000 0.055045
vt 0.625000 0.055045
vt 0.625000 0.064218
vt 0.500000 0.064218
vt 0.625000 0.055045
vt 0.750000 0.055045
vt 0.750000 0.064218
vt 0.625000 0.064218
vt 0.750000 0.055045
vt 0.875000 0.055045
vt 0.875000 0.064218
vt 0.750000 0.064218
vt 0.875000 0.055045
vt 1.000000 0.055045
vt 1.000000 0.064218
vt 0.875000 0.064218
vt 0.000000 0.064218
vt 0.125000 0.064218
vt 0.125000 0.073395
vt 0.000000 0.073395
vt 0.125000 0.064218
vt 0.250000 0.064218
vt 0.250000 0.073395
vt 0.125000 0.073395
vt 0.250000 0.064218
vt 0.375000 0.064218
vt 0.375000 0.073395
vt 0.250000 0.073395
vt 0.375000 0.064218
vt 0.500000 0.064218
vt 0.500000 0.073395
vt 0.375000 0.073395
vt 0.500000 0.064218
vt 0.625000 0.064218
vt 0.625000 0.073395
vt 0.500000 0.073395
vt 0.625000 0.064218
vt 0.750000 0.064218
vt 0.750000 0.073395
vt 0.625000 0.073395
vt 0.750000 0.064218
vt 0.875000 0.064218
vt 0.875000 0.073395
vt 0.750000 0.073395
vt 0.875000 0.064218
vt 1.000000 0.064218
vt 1.000000 0.073395
vt 0.875000 0.073395
vt 0.000000 0.073395
vt 0.125000 0.073395
vt 0.125000 0.082568
vt 0.000000 0.082568
vt 0.125000 0.073395
vt 0.250000 0.073395
vt 0.250000 0.082568
vt 0.125000 0.082568
vt 0.250000 0.073395
vt 0.375000 0.073395
vt 0.375000 0.082568
vt 0.250000 0.082568
vt 0.375000 0.073395
vt 0.500000 0.073395
vt 0.500000 0.082568
vt 0.375000 0.082568
vt 0.500000 0.073395
vt 0.625000 0.073395
vt 0.625000 0.082568
vt 0.500000 0.082568
vt 0.625000 0.073395
vt 0.750000 0.073395
vt 0.750000 0.082568
vt 0.625000 0.082568
vt 0.750000 0.073395
vt 0.875000 0.073395
vt 0.875000 0.082568
vt 0.750000 0.082568
vt 0.875000 0.073395
vt 1.000000 0.073395
vt 1.000000 0.082568
vt 0.875000 0.082568
vt 0.000000 0.082568
vt 0.125000 0.082568
vt 0.125000 0.091741
vt 0.000000 0.091741
vt 0.125000 0.082568
vt 0.250000 0.082568
vt 0.250000 0.091741
vt 0.125000 0.091741
vt 0.250000 0.082568
vt 0.375000 0.082568
vt 0.375000 0.091741
vt 0.250000 0.091741
vt 0.375000 0.082568
vt 0.500000 0.082568
vt 0.500000 0.091741
vt 0.375000 0.091741
vt 0.500000 0.082568
vt 0.625000 0.082568
vt 0.625000 0.091741
vt 0.500000 0.091741
vt 0.625000 0.082568
vt 0.750000 0.082568
vt 0.750000 0.091741
vt 0.625000 0.091741
vt 0.750000 0.082568
vt 0.875000 0.082568
vt 0.875000 0.091741
vt 0.750000 0.091741
vt 0.875000 0.082568
vt 1.000000 0.082568
vt 1.000000 0.091741
vt 0.875000 0.091741
vt 0.000000 0.091741
vt 0.125000 0.091741
vt 0.125000 0.100918
vt 0.000000 0.100918
vt 0.125000 0.091741
vt 0.250000 0.091741
vt 0.250000 0.100918
vt 0.125000 0.100918
vt 0.250000 0.091741
vt 0.375000 0.091741
vt 0.375000 0.100918
vt 0.250000 0.100918
vt 0.375000 0.091741
vt 0.500000 0.091741
vt 0.500000 0.100918
vt 0.375000 0.100918
vt 0.500000 0.091741
vt 0.625000 0.091741
vt 0.625000 0.100918
vt 0.500000 0.100918
vt 0.625000 0.091741
vt 0.750000 0.091741
vt 0.750000 0.100918
vt 0.625000 0.100918
vt 0.750000 0.091741
vt 0.875000 0.091741
vt 0.875000 0.100918
vt 0.750000 0.100918
vt 0.875000 0.091741
vt 1.000000 0.091741
vt 1.000000 0.100918
vt 0.875000 0.100918
vt 0.000000 0.100918
vt 0.125000 0.100918
vt 0.125000 0.110091
vt 0.000000 0.110091
vt 0.125000 0.100918
vt 0.250000 0.100918
vt 0.250000 0.110091
vt 0.125000 0.110091
vt 0.250000 0.100918
vt 0.375000 0.100918
vt 0.375000 0.110091
vt 0.250000 0.110091
vt 0.375000 0.100918
vt 0.500000 0.100918
vt 0.500000 0.110091
vt 0.375000 0.110091
vt 0.500000 0.100918
vt 0.625000 0.100918
vt 0.625000 0.110091
vt 0.500000 0.110091
vt 0.625000 0.100918
vt 0.750000 0.100918
vt 0.750000 0.110091
vt 0.625000 0.110091
vt 0.750000 0.100918
vt 0.875000 0.100918
vt 0.875000 0.110091
vt 0.750000 0.110091
vt 0.875000 0.100918
vt 1.000000 0.100918
vt 1.000000 0.110091
vt 0.875000 0.110091
vt 0.000000 0.110091
vt 0.125000 0.110091
vt 0.125000 0.119268
vt 0.000000 0.119268
vt 0.125000 0.110091
vt 0.250000 0.110091
vt 0.250000 0.119268
vt 0.125000 0.119268
vt 0.250000 0.110091
vt 0.375000 0.110091
vt 0.375000 0.119268
vt 0.250000 0.119268
vt 0.375000 0.110091
vt 0.500000 0.110091
vt 0.500000 0.119268
vt 0.375000 0.119268
vt 0.500000 0.110091
vt 0.625000 0.110091
vt 0.625000 0.119268
vt 0.500000 0.119268
vt 0.625000 0.110091
vt 0.750000 0.110091
vt 0.750000 0.119268
vt 0.625000 0.119268
vt 0.750000 0.110091
vt 0.875000 0.110091
vt 0.875000 0.119268
vt 0.750000 0.119268
vt 0.875000 0.110091
vt 1.000000 0.110091
vt 1.000000 0.119268
vt 0.875000 0.119268
vt 0.000000 0.119268
vt 0.125000 0.119268
vt 0.125000 0.128441
vt 0.000000 0.128441
vt 0.125000 0.119268
vt 0.250000 0.119268
vt 0.250000 0.128441
vt 0.125000 0.128441
vt 0.250000 0.119268
vt 0.375000 0.119268
vt 0.375000 0.128441
vt 0.250000 0.128441
vt 0.375000 0.119268
vt 0.500000 0.119268
vt 0.500000 0.128441
vt 0.375000 0.128441
vt 0.500000 0.119268
vt 0.625000 0.119268
vt 0.625000 0.128441
vt 0.500000 0.128441
vt 0.625000 0.119268
vt 0.750000 0.119268
vt 0.750000 0.128441
vt 0.625000 0.128441
vt 0.750000 0.119268
vt 0.875000 0.119268
vt 0.875000 0.128441
vt 0.750000 0.128441
vt 0.875000 0.119268
vt 1.000000 0.119268
vt 1.000000 0.128441
vt 0.875000 0.128441
vt 0.000000 0.128441
vt 0.125000 0.128441
vt 0.125000 0.137614
vt 0.000000 0.137614
vt 0.125000 0.128441
vt 0.250000 0.128441
vt 0.250000 0.137614
vt 0.125000 0.137614
vt 0.250000 0.128441
vt 0.375000 0.128441
vt 0.375000 0.137614
vt 0.250000 0.137614
vt 0.375000 0.128441
vt 0.500000 0.128441
vt 0.500000 0.137614
vt 0.375000 0.137614
vt 0.500000 0.128441
vt 0.625000 0.128441
vt 0.625000 0.137614
vt 0.500000 0.137614
vt 0.625000 0.128441
vt 0.750000 0.128441
vt 0.750000 0.137614
vt 0.625000 0.137614
vt 0.750000 0.128441
vt 0.875000 0.128441
vt 0.875000 0.137614
vt 0.750000 0.137614
vt 0.875000 0.128441
vt 1.000000 0.128441
vt 1.000000 0.137614
vt 0.875000 0.137614
vt 0.000000 0.137614
vt 0.125000 0.137614
vt 0.125000 0.146791
vt 0.000000 0.146791
vt 0.125000 0.137614
vt 0.250000 0.137614
vt 0.250000 0.146791
vt 0.125000 0.146791
vt 0.250000 0.137614
vt 0.375000 0.137614
vt 0.375000 0.146791
vt 0.250000 0.146791
vt 0.375000 0.137614
vt 0.500000 0.137614
vt 0.500000 0.146791
vt 0.375000 0.146791
vt 0.500000 0.137614
vt 0.625000 0.137614
vt 0.625000 0.146791
vt 0.500000 0.146791
vt 0.625000 0.137614
vt 0.750000 0.137614
vt 0.750000 0.146791
vt 0.625000 0.146791
vt 0.750000 0.137614
vt 0.875000 0.137614
vt 0.875000 0.146791
vt 0.750000 0.146791
vt 0.875000 0.137614
vt 1.000000 0.137614
vt 1.000000 0.146791
vt 0.875000 0.146791
vt 0.000000 0.146791
vt 0.125000 0.146791
vt 0.125000 0.155964
vt 0.000000 0.155964
vt 0.125000 0.146791
vt 0.250000 0.146791
vt 0.250000 0.155964
vt 0.125000 0.155964
vt 0.250000 0.146791
vt 0.375000 0.146791
vt 0.375000 0.155964
vt 0.250000 0.155964
vt 0.375000 0.146791
vt 0.500000 0.146791
vt 0.500000 0.155964
vt 0.375000 0.155964
vt 0.500000 0.146791
vt 0.625000 0.146791
vt 0.625000 0.155964
vt 0.500000 0.155964
vt 0.625000 0.146791
vt 0.750000 0.146791
vt 0.750000 0.155964
vt 0.625000 0.155964
vt 0.750000 0.146791
vt 0.875000 0.146791
vt 0.875000 0.155964
vt 0.750000 0.155964
vt 0.875000 0.146791
vt 1.000000 0.146791
vt 1.000000 0.155964
vt 0.875000 0.155964
vt 0.000000 0.155964
vt 0.125000 0.155964
vt 0.125000 0.165136
vt 0.000000 0.165136
vt 0.125000 0.155964
vt 0.250000 0.155964
vt 0.250000 0.165136
vt 0.125000 0.165136
vt 0.250000 0.155964
vt 0.375000 0.155964
vt 0.375000 0.165136
vt 0.250000 0.165136
vt 0.375000 0.155964
vt 0.500000 0.155964
vt 0.500000 0.165136
vt 0.375000 0.165136
vt 0.500000 0.155964
vt 0.625000 0.155964
vt 0.625000 0.165136
vt 0.500000 0.165136
vt 0.625000 0.155964
vt 0.750000 0.155964
vt 0.750000 0.165136
vt 0.625000 0.165136
vt 0.750000 0.155964
vt 0.875000 0.155964
vt 0.875000 0.165136
vt 0.750000 0.165136
vt 0.875000 0.155964
vt 1.000000 0.155964
vt 1.000000 0.165136
vt 0.875000 0.165136
vt 0.000000 0.165136
vt 0.125000 0.165136
vt 0.125000 0.174314
vt 0.000000 0.174314
vt 0.125000 0.165136
vt 0.250000 0.165136
vt 0.250000 0.174314
vt 0.125000 0.174314
vt 0.250000 0.165136
vt 0.375000 0.165136
vt 0.375000 0.174314
vt 0.250000 0.174314
vt 0.375000 0.165136
vt 0.500000 0.165136
vt 0.500000 0.174314
vt 0.375000 0.174314
vt 0.500000 0.165136
vt 0.625000 0.165136
vt 0.625000 0.174314
vt 0.500000 0.174314
vt 0.625000 0.165136
vt 0.750000 0.165136
vt 0.750000 0.174314
vt 0.625000 0.174314
vt 0.750000 0.165136
vt 0.875000 0.165136
vt 0.875000 0.174314
vt 0.750000 0.174314
vt 0.875000 0.165136
vt 1.000000 0.165136
vt 1.000000 0.174314
vt 0.875000 0.174314
vt 0.000000 0.174314
vt 0.125000 0.174314
vt 0.125000 0.183486
vt 0.000000 0.183486
vt 0.125000 0.174314
vt 0.250000 0.174314
vt 0.250000 0.183486
vt 0.125000 0.183486
vt 0.250000 0.174314
vt 0.375000 0.174314
vt 0.375000 0.183486
vt 0.250000 0.183486
vt 0.375000 0.174314
vt 0.500000 0.174314
vt 0.500000 0.183486
vt 0.375000 0.183486
vt 0.500000 0.174314
vt 0.625000 0.174314
vt 0.625000 0.183486
vt 0.500000 0.183486
vt 0.625000 0.174314
vt 0.750000 0.174314
vt 0.750000 0.183486
vt 0.625000 0.183486
vt 0.750000 0.174314
vt 0.875000 0.174314
vt 0.875000 0.183486
vt 0.750000 0.183486
vt 0.875000 0.174314
vt 1.000000 0.174314
vt 1.000000 0.183486
vt 0.875000 0.183486
vt 0.000000 0.183486
vt 0.125000 0.183486
vt 0.125000 0.192659
vt 0.000000 0.192659
vt 0.125000 0.183486
vt 0.250000 0.183486
vt 0.250000 0.192659
vt 0.125000 0.192659
vt 0.250000 0.183486
vt 0.375000 0.183486
vt 0.375000 0.192659
vt 0.250000 0.192659
vt 0.375000 0.183486
vt 0.500000 0.183486
vt 0.500000 0.192659
vt 0.375000 0.192659
vt 0.500000 0.183486
vt 0.625000 0.183486
vt 0.625000 0.192659
vt 0.500000 0.192659
vt 0.625000 0.183486
vt 0.750000 0.183486
vt 0.750000 0.192659
vt 0.625000 0.192659
vt 0.750000 0.183486
vt 0.875000 0.183486
vt 0.875000 0.192659
vt 0.750000 0.192659
vt 0.875000 0.183486
vt 1.000000 0.183486
vt 1.000000 0.192659
vt 0.875000 0.192659
vt 0.000000 0.192659
vt 0.125000 0.192659
vt 0.125000 0.201836
vt 0.000000 0.201836
vt 0.125000 0.192659
vt 0.250000 0.192659
vt 0.250000 0.201836
vt 0.125000 0.201836
vt 0.250000 0.192659
vt 0.375000 0.192659
vt 0.375000 0.201836
vt 0.250000 0.201836
vt 0.375000 0.192659
vt 0.500000 0.192659
vt 0.500000 0.201836
vt 0.375000 0.201836
vt 0.500000 0.192659
vt 0.625000 0.192659
vt 0.625000 0.201836
vt 0.500000 0.201836
vt 0.625000 0.192659
vt 0.750000 0.192659
vt 0.750000 0.201836
vt 0.625000 0.201836
vt 0.750000 0.192659
vt 0.875000 0.192659
vt 0.875000 0.201836
vt 0.750000 0.201836
vt 0.875000 0.192659
vt 1.000000 0.192659
vt 1.000000 0.201836
vt 0.875000 0.201836
vt 0.000000 0.201836
vt 0.125000 0.201836
vt 0.125000 0.211009
vt 0.000000 0.211009
vt 0.125000 0.201836
vt 0.250000 0.201836
vt 0.250000 0.211009
vt 0.125000 0.211009
vt 0.250000 0.201836
vt 0.375000 0.201836
vt 0.375000 0.211009
vt 0.250000 0.211009
vt 0.375000 0.201836
vt 0.500000 0.201836
vt 0.500000 0.211009
vt 0.375000 0.211009
vt 0.500000 0.201836
vt 0.625000 0.201836
vt 0.625000 0.211009
vt 0.500000 0.211009
vt 0.625000 0.201836
vt 0.750000 0.201836
vt 0.750000 0.211009
vt 0.625000 0.211009
vt 0.750000 0.201836
vt 0.875000 0.201836
vt 0.875000 0.211009
vt 0.750000 0.211009
vt 0.875000 0.201836
vt 1.000000 0.201836
vt 1.000000 0.211009
vt 0.875000 0.211009
vt 0.000000 0.211009
vt 0.125000 0.211009
vt 0.125000 0.220182
vt 0.000000 0.220182
vt 0.125000 0.211009
vt 0.250000 0.211009
vt 0.250000 0.220182
vt 0.125000 0.220182
vt 0.250000 0.211009
vt 0.375000 0.211009
vt 0.375000 0.220182
vt 0.250000 0.220182
vt 0.375000 0.211009
vt 0.500000 0.211009
vt 0.500000 0.220182
vt 0.375000 0.220182
vt 0.500000 0.211009
vt 0.625000 0.211009
vt 0.625000 0.220182
vt 0.500000 0.220182
vt 0.625000 0.211009
vt 0.750000 0.211009
vt 0.750000 0.220182
vt 0.625000 0.220182
vt 0.750000 0.211009
vt 0.875000 0.211009
vt 0.875000 0.220182
vt 0.750000 0.220182
vt 0.875000 0.211009
vt 1.000000 0.211009
vt 1.000000 0.220182
vt 0.875000 0.220182
vt 0.000000 0.220182
vt 0.125000 0.220182
vt 0.125000 0.229359
vt 0.000000 0.229359
vt 0.125000 0.220182
vt 0.250000 0.220182
vt 0.250000 0.229359
vt 0.125000 0.229359
vt 0.250000 0.220182
vt 0.375000 0.220182
vt 0.375000 0.229359
vt 0.250000 0.229359
vt 0.375000 0.220182
vt 0.500000 0.220182
vt 0.500000 0.229359
vt 0.375000 0.229359
vt 0.500000 0.220182
vt 0.625000 0.220182
vt 0.625000 0.229359
vt 0.500000 0.229359
vt 0.625000 0.220182
vt 0.750000 0.220182
vt 0.750000 0.229359
vt 0.625000 0.229359
vt 0.750000 0.220182
vt 0.875000 0.220182
vt 0.875000 0.229359
vt 0.750000 0.229359
vt 0.875000 0.220182
vt 1.000000 0.220182
vt 1.000000 0.229359
vt 0.875000 0.229359
vt 0.000000 0.229359
vt 0.125000 0.229359
vt 0.125000 0.238532
vt 0.000000 0.238532
vt 0.125000 0.229359
vt 0.250000 0.229359
vt 0.250000 0.238532
vt 0.125000 0.238532
vt 0.250000 0.229359
vt 0.375000 0.229359
vt 0.375000 0.238532
vt 0.250000 0.238532
vt 0.375000 0.229359
vt 0.500000 0.229359
vt 0.500000 0.238532
vt 0.375000 0.238532
vt 0.500000 0.229359
vt 0.625000 0.229359
vt 0.625000 0.238532
vt 0.500000 0.238532
vt 0.625000 0.229359
vt 0.750000 0.229359
vt 0.750000 0.238532
vt 0.625000 0.238532
vt 0.750000 0.229359
vt 0.875000 0.229359
vt 0.875000 0.238532
vt 0.750000 0.238532
vt 0.875000 0.229359
vt 1.000000 0.229359
vt 1.000000 0.238532
vt 0.875000 0.238532
vt 0.000000 0.238532
vt 0.125000 0.238532
vt 0.125000 0.247705
vt 0.000000 0.247705
vt 0.125000 0.238532
vt 0.250000 0.238532
vt 0.250000 0.247705
vt 0.125000 0.247705
vt 0.250000 0.238532
vt 0.375000 0.238532
vt 0.375000 0.247705
vt 0.250000 0.247705
vt 0.375000 0.238532
vt 0.500000 0.238532
vt 0.500000 0.247705
vt 0.375000 0.247705
vt 0.500000 0.238532
vt 0.625000 0.238532
vt 0.625000 0.247705
vt 0.500000 0.247705
vt 0.625000 0.238532
vt 0.750000 0.238532
vt 0.750000 0.247705
vt 0.625000 0.247705
vt 0.750000 0.238532
vt 0.875000 0.238532
vt 0.875000 0.247705
vt 0.750000 0.247705
vt 0.875000 0.238532
vt 1.000000 0.238532
vt 1.000000 0.247705
vt 0.875000 0.247705
vt 0.000000 0.247705
vt 0.125000 0.247705
vt 0.125000 0.256882
vt 0.000000 0.256882
vt 0.125000 0.247705
vt 0.250000 0.247705
vt 0.250000 0.256882
vt 0.125000 0.256882
vt 0.250000 0.247705
vt 0.375000 0.247705
vt 0.375000 0.256882
vt 0.250000 0.256882
vt 0.375000 0.247705
vt 0.500000 0.247705
vt 0.500000 0.256882
vt 0.375000 0.256882
vt 0.500000 0.247705
vt 0.625000 0.247705
vt 0.625000 0.256882
vt 0.500000 0.256882
vt 0.625000 0.247705
vt 0.750000 0.247705
vt 0.750000 0.256882
vt 0.625000 0.256882
vt 0.750000 0.247705
vt 0.875000 0.247705
vt 0.875000 0.256882
vt 0.750000 0.256882
vt 0.875000 0.247705
vt 1.000000 0.247705
vt 1.000000 0.256882
vt 0.875000 0.256882
vt 0.000000 0.256882
vt 0.125000 0.256882
vt 0.125000 0.266055
vt 0.000000 0.266055
vt 0.125000 0.256882
vt 0.250000 0.256882
vt 0.250000 0.266055
vt 0.125000 0.266055
vt 0.250000 0.256882
vt 0.375000 0.256882
vt 0.375000 0.266055
vt 0.250000 0.266055
vt 0.375000 0.256882
vt 0.500000 0.256882
vt 0.500000 0.266055
vt 0.375000 0.266055
vt 0.500000 0.256882
vt 0.625000 0.256882
vt 0.625000 0.266055
vt 0.500000 0.266055
vt 0.625000 0.256882
vt 0.750000 0.256882
vt 0.750000 0.266055
vt 0.625000 0.266055
vt 0.750000 0.256882
vt 0.875000 0.256882
vt 0.875000 0.266055
vt 0.750000 0.266055
vt 0.875000 0.256882
vt 1.000000 0.256882
vt 1.000000 0.266055
vt 0.875000 0.266055
vt 0.000000 0.266055
vt 0.125000 0.266055
vt 0.125000 0.275227
vt 0.000000 0.275227
vt 0.125000 0.266055
vt 0.250000 0.266055
vt 0.250000 0.275227
vt 0.125000 0.275227
vt 0.250000 0.266055
vt 0.375000 0.266055
vt 0.375000 0.275227
vt 0.250000 0.275227
vt 0.375000 0.266055
vt 0.500000 0.266055
vt 0.500000 0.275227
vt 0.375000 0.275227
vt 0.500000 0.266055
vt 0.625000 0.266055
vt 0.625000 0.275227
vt 0.500000 0.275227
vt 0.625000 0.266055
vt 0.750000 0.266055
vt 0.750000 0.275227
vt 0.625000 0.275227
vt 0.750000 0.266055
vt 0.875000 0.266055
vt 0.875000 0.275227
vt 0.750000 0.275227
vt 0.875000 0.266055
vt 1.000000 0.266055
vt 1.000000 0.275227
vt 0.875000 0.275227
vt 0.000000 0.275227
vt 0.125000 0.275227
vt 0.125000 0.284405
vt 0.000000 0.284405
vt 0.125000 0.275227
vt 0.250000 0.275227
vt 0.250000 0.284405
vt 0.125000 0.284405
vt 0.250000 0.275227
vt 0.375000 0.275227
vt 0.375000 0.284405
vt 0.250000 0.284405
vt 0.375000 0.275227
vt 0.500000 0.275227
vt 0.500000 0.284405
vt 0.375000 0.284405
vt 0.500000 0.275227
vt 0.625000 0.275227
vt 0.625000 0.284405
vt 0.500000 0.284405
vt 0.625000 0.275227
vt 0.750000 0.275227
vt 0.750000 0.284405
vt 0.625000 0.284405
vt 0.750000 0.275227
vt 0.875000 0.275227
vt 0.875000 0.284405
vt 0.750000 0.284405
vt 0.875000 0.275227
vt 1.000000 0.275227
vt 1.000000 0.284405
vt 0.875000 0.284405
vt 0.000000 0.284405
vt 0.125000 0.284405
vt 0.125000 0.293577
vt 0.000000 0.293577
vt 0.125000 0.284405
vt 0.250000 0.284405
vt 0.250000 0.293577
vt 0.125000 0.293577
vt 0.250000 0.284405
vt 0.375000 0.284405
vt 0.375000 0.293577
vt 0.250000 0.293577
vt 0.375000 0.284405
vt 0.500000 0.284405
vt 0.500000 0.293577
vt 0.375000 0.293577
vt 0.500000 0.284405
vt 0.625000 0.284405
vt 0.625000 0.293577
vt 0.500000 0.293577
vt 0.625000 0.284405
vt 0.750000 0.284405
vt 0.750000 0.293577
vt 0.625000 0.293577
vt 0.750000 0.284405
vt 0.875000 0.284405
vt 0.875000 0.293577
vt 0.750000 0.293577
vt 0.875000 0.284405
vt 1.000000 0.284405
vt 1.000000 0.293577
vt 0.875000 0.293577
vt 0.000000 0.293577
vt 0.125000 0.293577
vt 0.125000 0.302755
vt 0.000000 0.302755
vt 0.125000 0.293577
vt 0.250000 0.293577
vt 0.250000 0.302755
vt 0.125000 0.302755
vt 0.250000 0.293577
vt 0.375000 0.293577
vt 0.375000 0.302755
vt 0.250000 0.302755
vt 0.375000 0.293577
vt 0.500000 0.293577
vt 0.500000 0.302755
vt 0.375000 0.302755
vt 0.500000 0.293577
vt 0.625000 0.293577
vt 0.625000 0.302755
vt 0.500000 0.302755
vt 0.625000 0.293577
vt 0.750000 0.293577
vt 0.750000 0.302755
vt 0.625000 0.302755
vt 0.750000 0.293577
vt 0.875000 0.293577
vt 0.875000 0.302755
vt 0.750000 0.302755
vt 0.875000 0.293577
vt 1.000000 0.293577
vt 1.000000 0.302755
vt 0.875000 0.302755
vt 0.000000 0.302755
vt 0.125000 0.302755
vt 0.125000 0.306364
vt 0.000000 0.306364
vt 0.125000 0.302755
vt 0.250000 0.302755
vt 0.250000 0.306364
vt 0.125000 0.306364
vt 0.250000 0.302755
vt 0.375000 0.302755
vt 0.375000 0.306364
vt 0.250000 0.306364
vt 0.375000 0.302755
vt 0.500000 0.302755
vt 0.500000 0.306364
vt 0.375000 0.306364
vt 0.500000 0.302755
vt 0.625000 0.302755
vt 0.625000 0.306364
vt 0.500000 0.306364
vt 0.625000 0.302755
vt 0.750000 0.302755
vt 0.750000 0.306364
vt 0.625000 0.306364
vt 0.750000 0.302755
vt 0.875000 0.302755
vt 0.875000 0.306364
vt 0.750000 0.306364
vt 0.875000 0.302755
vt 1.000000 0.302755
vt 1.000000 0.306364
vt 0.875000 0.306364
vt 0.000000 0.306364
vt 0.125000 0.306364
vt 0.125000 0.308182
vt 0.000000 0.308182
vt 0.125000 0.306364
vt 0.250000 0.306364
vt 0.250000 0.308182
vt 0.125000 0.308182
vt 0.250000 0.306364
vt 0.375000 0.306364
vt 0.375000 0.308182
vt 0.250000 0.308182
vt 0.375000 0.306364
vt 0.500000 0.306364
vt 0.500000 0.308182
vt 0.375000 0.308182
vt 0.500000 0.306364
vt 0.625000 0.306364
vt 0.625000 0.308182
vt 0.500000 0.308182
vt 0.625000 0.306364
vt 0.750000 0.306364
vt 0.750000 0.308182
vt 0.625000 0.308182
vt 0.750000 0.306364
vt 0.875000 0.306364
vt 0.875000 0.308182
vt 0.750000 0.308182
vt 0.875000 0.306364
vt 1.000000 0.306364
vt 1.000000 0.308182
vt 0.875000 0.308182
vt 0.000000 0.308182
vt 0.125000 0.308182
vt 0.125000 0.311927
vt 0.000000 0.311927
vt 0.125000 0.308182
vt 0.250000 0.308182
vt 0.250000 0.311927
vt 0.125000 0.311927
vt 0.250000 0.308182
vt 0.375000 0.308182
vt 0.375000 0.311927
vt 0.250000 0.311927
vt 0.375000 0.308182
vt 0.500000 0.308182
vt 0.500000 0.311927
vt 0.375000 0.311927
vt 0.500000 0.308182
vt 0.625000 0.308182
vt 0.625000 0.311927
vt 0.500000 0.311927
vt 0.625000 0.308182
vt 0.750000 0.308182
vt 0.750000 0.311927
vt 0.625000 0.311927
vt 0.750000 0.308182
vt 0.875000 0.308182
vt 0.875000 0.311927
vt 0.750000 0.311927
vt 0.875000 0.308182
vt 1.000000 0.308182
vt 1.000000 0.311927
vt 0.875000 0.311927
vt 0.000000 0.311927
vt 0.125000 0.311927
vt 0.125000 0.321100
vt 0.000000 0.321100
vt 0.125000 0.311927
vt 0.250000 0.311927
vt 0.250000 0.321100
vt 0.125000 0.321100
vt 0.250000 0.311927
vt 0.375000 0.311927
vt 0.375000 0.321100
vt 0.250000 0.321100
vt 0.375000 0.311927
vt 0.500000 0.311927
vt 0.500000 0.321100
vt 0.375000 0.321100
vt 0.500000 0.311927
vt 0.625000 0.311927
vt 0.625000 0.321100
vt 0.500000 0.321100
vt 0.625000 0.311927
vt 0.750000 0.311927
vt 0.750000 0.321100
vt 0.625000 0.321100
vt 0.750000 0.311927
vt 0.875000 0.311927
vt 0.875000 0.321100
vt 0.750000 0.321100
vt 0.875000 0.311927
vt 1.000000 0.311927
vt 1.000000 0.321100
vt 0.875000 0.321100
vt 0.000000 0.321100
vt 0.125000 0.321100
vt 0.125000 0.330277
vt 0.000000 0.330277
vt 0.125000 0.321100
vt 0.250000 0.321100
vt 0.250000 0.330277
vt 0.125000 0.330277
vt 0.250000 0.321100
vt 0.375000 0.321100
vt 0.375000 0.330277
vt 0.250000 0.330277
vt 0.375000 0.321100
vt 0.500000 0.321100
vt 0.500000 0.330277
vt 0.375000 0.330277
vt 0.500000 0.321100
vt 0.625000 0.321100
vt 0.625000 0.330277
vt 0.500000 0.330277
vt 0.625000 0.321100
vt 0.750000 0.321100
vt 0.750000 0.330277
vt 0.625000 0.330277
vt 0.750000 0.321100
vt 0.875000 0.321100
vt 0.875000 0.330277
vt 0.750000 0.330277
vt 0.875000 0.321100
vt 1.000000 0.321100
vt 1.000000 0.330277
vt 0.875000 0.330277
vt 0.000000 0.330277
vt 0.125000 0.330277
vt 0.125000 0.339450
vt 0.000000 0.339450
vt 0.125000 0.330277
vt 0.250000 0.330277
vt 0.250000 0.339450
vt 0.125000 0.339450
vt 0.250000 0.330277
vt 0.375000 0.330277
vt 0.375000 0.339450
vt 0.250000 0.339450
vt 0.375000 0.330277
vt 0.500000 0.330277
vt 0.500000 0.339450
vt 0.375000 0.339450
vt 0.500000 0.330277
vt 0.625000 0.330277
vt 0.625000 0.339450
vt 0.500000 0.339450
vt 0.625000 0.330277
vt 0.750000 0.330277
vt 0.750000 0.339450
vt 0.625000 0.339450
vt 0.750000 0.330277
vt 0.875000 0.330277
vt 0.875000 0.339450
vt 0.750000 0.339450
vt 0.875000 0.330277
vt 1.000000 0.330277
vt 1.000000 0.339450
vt 0.875000 0.339450
vt 0.000000 0.339450
vt 0.125000 0.339450
vt 0.125000 0.348623
vt 0.000000 0.348623
vt 0.125000 0.339450
vt 0.250000 0.339450
vt 0.250000 0.348623
vt 0.125000 0.348623
vt 0.250000 0.339450
vt 0.375000 0.339450
vt 0.375000 0.348623
vt 0.250000 0.348623
vt 0.375000 0.339450
vt 0.500000 0.339450
vt 0.500000 0.348623
vt 0.375000 0.348623
vt 0.500000 0.339450
vt 0.625000 0.339450
vt 0.625000 0.348623
vt 0.500000 0.348623
vt 0.625000 0.339450
vt 0.750000 0.339450
vt 0.750000 0.348623
vt 0.625000 0.348623
vt 0.750000 0.339450
vt 0.875000 0.339450
vt 0.875000 0.348623
vt 0.750000 0.348623
vt 0.875000 0.339450
vt 1.000000 0.339450
vt 1.000000 0.348623
vt 0.875000 0.348623
vt 0.000000 0.348623
vt 0.125000 0.348623
vt 0.125000 0.357800
vt 0.000000 0.357800
vt 0.125000 0.348623
vt 0.250000 0.348623
vt 0.250000 0.357800
vt 0.125000 0.357800
vt 0.250000 0.348623
vt 0.375000 0.348623
vt 0.375000 0.357800
vt 0.250000 0.357800
vt 0.375000 0.348623
vt 0.500000 0.348623
vt 0.500000 0.357800
vt 0.375000 0.357800
vt 0.500000 0.348623
vt 0.625000 0.348623
vt 0.625000 0.357800
vt 0.500000 0.357800
vt 0.625000 0.348623
vt 0.750000 0.348623
vt 0.750000 0.357800
vt 0.625000 0.357800
vt 0.750000 0.348623
vt 0.875000 0.348623
vt 0.875000 0.357800
vt 0.750000 0.357800
vt 0.875000 0.348623
vt 1.000000 0.348623
vt 1.000000 0.357800
vt 0.875000 0.357800
vt 0.000000 0.357800
vt 0.125000 0.357800
vt 0.125000 0.358182
vt 0.000000 0.358182
vt 0.125000 0.357800
vt 0.250000 0.357800
vt 0.250000 0.358182
vt 0.125000 0.358182
vt 0.250000 0.357800
vt 0.375000 0.357800
vt 0.375000 0.358182
vt 0.250000 0.358182
vt 0.375000 0.357800
vt 0.500000 0.357800
vt 0.500000 0.358182
vt 0.375000 0.358182
vt 0.500000 0.357800
vt 0.625000 0.357800
vt 0.625000 0.358182
vt 0.500000 0.358182
vt 0.625000 0.357800
vt 0.750000 0.357800
vt 0.750000 0.358182
vt 0.625000 0.358182
vt 0.750000 0.357800
vt 0.875000 0.357800
vt 0.875000 0.358182
vt 0.750000 0.358182
vt 0.875000 0.357800
vt 1.000000 0.357800
vt 1.000000 0.358182
vt 0.875000 0.358182
vt 0.000000 0.358182
vt 0.125000 0.358182
vt 0.125000 0.360000
vt 0.000000 0.360000
vt 0.125000 0.358182
vt 0.250000 0.358182
vt 0.250000 0.360000
vt 0.125000 0.360000
vt 0.250000 0.358182
vt 0.375000 0.358182
vt 0.375000 0.360000
vt 0.250000 0.360000
vt 0.375000 0.358182
vt 0.500000 0.358182
vt 0.500000 0.360000
vt 0.375000 0.360000
vt 0.500000 0.358182
vt 0.625000 0.358182
vt 0.625000 0.360000
vt 0.500000 0.360000
vt 0.625000 0.358182
vt 0.750000 0.358182
vt 0.750000 0.360000
vt 0.625000 0.360000
vt 0.750000 0.358182
vt 0.875000 0.358182
vt 0.875000 0.360000
vt 0.750000 0.360000
vt 0.875000 0.358182
vt 1.000000 0.358182
vt 1.000000 0.360000
vt 0.875000 0.360000
vt 0.000000 0.360000
vt 0.125000 0.360000
vt 0.125000 0.366973
vt 0.000000 0.366973
vt 0.125000 0.360000
vt 0.250000 0.360000
vt 0.250000 0.366973
vt 0.125000 0.366973
vt 0.250000 0.360000
vt 0.375000 0.360000
vt 0.375000 0.366973
vt 0.250000 0.366973
vt 0.375000 0.360000
vt 0.500000 0.360000
vt 0.500000 0.366973
vt 0.375000 0.366973
vt 0.500000 0.360000
vt 0.625000 0.360000
vt 0.625000 0.366973
vt 0.500000 0.366973
vt 0.625000 0.360000
vt 0.750000 0.360000
vt 0.750000 0.366973
vt 0.625000 0.366973
vt 0.750000 0.360000
vt 0.875000 0.360000
vt 0.875000 0.366973
vt 0.750000 0.366973
vt 0.875000 0.360000
vt 1.000000 0.360000
vt 1.000000 0.366973
vt 0.875000 0.366973
vt 0.000000 0.366973
vt 0.125000 0.366973
vt 0.125000 0.376145
vt 0.000000 0.376145
vt 0.125000 0.366973
vt 0.250000 0.366973
vt 0.250000 0.376145
vt 0.125000 0.376145
vt 0.250000 0.366973
vt 0.375000 0.366973
vt 0.375000 0.376145
vt 0.250000 0.376145
vt 0.375000 0.366973
vt 0.500000 0.366973
vt 0.500000 0.376145
vt 0.375000 0.376145
vt 0.500000 0.366973
vt 0.625000 0.366973
vt 0.625000 0.376145
vt 0.500000 0.376145
vt 0.625000 0.366973
vt 0.750000 0.366973
vt 0.750000 0.376145
vt 0.625000 0.376145
vt 0.750000 0.366973
vt 0.875000 0.366973
vt 0.875000 0.376145
vt 0.750000 0.376145
vt 0.875000 0.366973
vt 1.000000 0.366973
vt 1.000000 0.376145
vt 0.875000 0.376145
vt 0.000000 0.376145
vt 0.125000 0.376145
vt 0.125000 0.385323
vt 0.000000 0.385323
vt 0.125000 0.376145
vt 0.250000 0.376145
vt 0.250000 0.385323
vt 0.125000 0.385323
vt 0.250000 0.376145
vt 0.375000 0.376145
vt 0.375000 0.385323
vt 0.250000 0.385323
vt 0.375000 0.376145
vt 0.500000 0.376145
vt 0.500000 0.385323
vt 0.375000 0.385323
vt 0.500000 0.376145
vt 0.625000 0.376145
vt 0.625000 0.385323
vt 0.500000 0.385323
vt 0.625000 0.376145
vt 0.750000 0.376145
vt 0.750000 0.385323
vt 0.625000 0.385323
vt 0.750000 0.376145
vt 0.875000 0.376145
vt 0.875000 0.385323
vt 0.750000 0.385323
vt 0.875000 0.376145
vt 1.000000 0.376145
vt 1.000000 0.385323
vt 0.875000 0.385323
vt 0.000000 0.385323
vt 0.125000 0.385323
vt 0.125000 0.394495
vt 0.000000 0.394495
vt 0.125000 0.385323
vt 0.250000 0.385323
vt 0.250000 0.394495
vt 0.125000 0.394495
vt 0.250000 0.385323
vt 0.375000 0.385323
vt 0.375000 0.394495
vt 0.250000 0.394495
vt 0.375000 0.385323
vt 0.500000 0.385323
vt 0.500000 0.394495
vt 0.375000 0.394495
vt 0.500000 0.385323
vt 0.625000 0.385323
vt 0.625000 0.394495
vt 0.500000 0.394495
vt 0.625000 0.385323
vt 0.750000 0.385323
vt 0.750000 0.394495
vt 0.625000 0.394495
vt 0.750000 0.385323
vt 0.875000 0.385323
vt 0.875000 0.394495
vt 0.750000 0.394495
vt 0.875000 0.385323
vt 1.000000 0.385323
vt 1.000000 0.394495
vt 0.875000 0.394495
vt 0.000000 0.394495
vt 0.125000 0.394495
vt 0.125000 0.403668
vt 0.000000 0.403668
vt 0.125000 0.394495
vt 0.250000 0.394495
vt 0.250000 0.403668
vt 0.125000 0.403668
vt 0.250000 0.394495
vt 0.375000 0.394495
vt 0.375000 0.403668
vt 0.250000 0.403668
vt 0.375000 0.394495
vt 0.500000 0.394495
vt 0.500000 0.403668
vt 0.375000 0.403668
vt 0.500000 0.394495
vt 0.625000 0.394495
vt 0.625000 0.403668
vt 0.500000 0.403668
vt 0.625000 0.394495
vt 0.750000 0.394495
vt 0.750000 0.403668
vt 0.625000 0.403668
vt 0.750000 0.394495
vt 0.875000 0.394495
vt 0.875000 0.403668
vt 0.750000 0.403668
vt 0.875000 0.394495
vt 1.000000 0.394495
vt 1.000000 0.403668
vt 0.875000 0.403668
vt 0.000000 0.403668
vt 0.125000 0.403668
vt 0.125000 0.412845
vt 0.000000 0.412845
vt 0.125000 0.403668
vt 0.250000 0.403668
vt 0.250000 0.412845
vt 0.125000 0.412845
vt 0.250000 0.403668
vt 0.375000 0.403668
vt 0.375000 0.412845
vt 0.250000 0.412845
vt 0.375000 0.403668
vt 0.500000 0.403668
vt 0.500000 0.412845
vt 0.375000 0.412845
vt 0.500000 0.403668
vt 0.625000 0.403668
vt 0.625000 0.412845
vt 0.500000 0.412845
vt 0.625000 0.403668
vt 0.750000 0.403668
vt 0.750000 0.412845
vt 0.625000 0.412845
vt 0.750000 0.403668
vt 0.875000 0.403668
vt 0.875000 0.412845
vt 0.750000 0.412845
vt 0.875000 0.403668
vt 1.000000 0.403668
vt 1.000000 0.412845
vt 0.875000 0.412845
vt 0.000000 0.412845
vt 0.125000 0.412845
vt 0.125000 0.422018
vt 0.000000 0.422018
vt 0.125000 0.412845
vt 0.250000 0.412845
vt 0.250000 0.422018
vt 0.125000 0.422018
vt 0.250000 0.412845
vt 0.375000 0.412845
vt 0.375000 0.422018
vt 0.250000 0.422018
vt 0.375000 0.412845
vt 0.500000 0.412845
vt 0.500000 0.422018
vt 0.375000 0.422018
vt 0.500000 0.412845
vt 0.625000 0.412845
vt 0.625000 0.422018
vt 0.500000 0.422018
vt 0.625000 0.412845
vt 0.750000 0.412845
vt 0.750000 0.422018
vt 0.625000 0.422018
vt 0.750000 0.412845
vt 0.875000 0.412845
vt 0.875000 0.422018
vt 0.750000 0.422018
vt 0.875000 0.412845
vt 1.000000 0.412845
vt 1.000000 0.422018
vt 0.875000 0.422018
vt 0.000000 0.422018
vt 0.125000 0.422018
vt 0.125000 0.431191
vt 0.000000 0.431191
vt 0.125000 0.422018
vt 0.250000 0.422018
vt 0.250000 0.431191
vt 0.125000 0.431191
vt 0.250000 0.422018
vt 0.375000 0.422018
vt 0.375000 0.431191
vt 0.250000 0.431191
vt 0.375000 0.422018
vt 0.500000 0.422018
vt 0.500000 0.431191
vt 0.375000 0.431191
vt 0.500000 0.422018
vt 0.625000 0.422018
vt 0.625000 0.431191
vt 0.500000 0.431191
vt 0.625000 0.422018
vt 0.750000 0.422018
vt 0.750000 0.431191
vt 0.625000 0.431191
vt 0.750000 0.422018
vt 0.875000 0.422018
vt 0.875000 0.431191
vt 0.750000 0.431191
vt 0.875000 0.422018
vt 1.000000 0.422018
vt 1.000000 0.431191
vt 0.875000 0.431191
vt 0.000000 0.431191
vt 0.125000 0.431191
vt 0.125000 0.440368
vt 0.000000 0.440368
vt 0.125000 0.431191
vt 0.250000 0.431191
vt 0.250000 0.440368
vt 0.125000 0.440368
vt 0.250000 0.431191
vt 0.375000 0.431191
vt 0.375000 0.440368
vt 0.250000 0.440368
vt 0.375000 0.431191
vt 0.500000 0.431191
vt 0.500000 0.440368
vt 0.375000 0.440368
vt 0.500000 0.431191
vt 0.625000 0.431191
vt 0.625000 0.440368
vt 0.500000 0.440368
vt 0.625000 0.431191
vt 0.750000 0.431191
vt 0.750000 0.440368
vt 0.625000 0.440368
vt 0.750000 0.431191
vt 0.875000 0.431191
vt 0.875000 0.440368
vt 0.750000 0.440368
vt 0.875000 0.431191
vt 1.000000 0.431191
vt 1.000000 0.440368
vt 0.875000 0.440368
vt 0.000000 0.440368
vt 0.125000 0.440368
vt 0.125000 0.449541
vt 0.000000 0.449541
vt 0.125000 0.440368
vt 0.250000 0.440368
vt 0.250000 0.449541
vt 0.125000 0.449541
vt 0.250000 0.440368
vt 0.375000 0.440368
vt 0.375000 0.449541
vt 0.250000 0.449541
vt 0.375000 0.440368
vt 0.500000 0.440368
vt 0.500000 0.449541
vt 0.375000 0.449541
vt 0.500000 0.440368
vt 0.625000 0.440368
vt 0.625000 0.449541
vt 0.500000 0.449541
vt 0.625000 0.440368
vt 0.750000 0.440368
vt 0.750000 0.449541
vt 0.625000 0.449541
vt 0.750000 0.440368
vt 0.875000 0.440368
vt 0.875000 0.449541
vt 0.750000 0.449541
vt 0.875000 0.440368
vt 1.000000 0.440368
vt 1.000000 0.449541
vt 0.875000 0.449541
vt 0.000000 0.449541
vt 0.125000 0.449541
vt 0.125000 0.458714
vt 0.000000 0.458714
vt 0.125000 0.449541
vt 0.250000 0.449541
vt 0.250000 0.458714
vt 0.125000 0.458714
vt 0.250000 0.449541
vt 0.375000 0.449541
vt 0.375000 0.458714
vt 0.250000 0.458714
vt 0.375000 0.449541
vt 0.500000 0.449541
vt 0.500000 0.458714
vt 0.375000 0.458714
vt 0.500000 0.449541
vt 0.625000 0.449541
vt 0.625000 0.458714
vt 0.500000 0.458714
vt 0.625000 0.449541
vt 0.750000 0.449541
vt 0.750000 0.458714
vt 0.625000 0.458714
vt 0.750000 0.449541
vt 0.875000 0.449541
vt 0.875000 0.458714
vt 0.750000 0.458714
vt 0.875000 0.449541
vt 1.000000 0.449541
vt 1.000000 0.458714
vt 0.875000 0.458714
vt 0.000000 0.458714
vt 0.125000 0.458714
vt 0.125000 0.467891
vt 0.000000 0.467891
vt 0.125000 0.458714
vt 0.250000 0.458714
vt 0.250000 0.467891
vt 0.125000 0.467891
vt 0.250000 0.458714
vt 0.375000 0.458714
vt 0.375000 0.467891
vt 0.250000 0.467891
vt 0.375000 0.458714
vt 0.500000 0.458714
vt 0.500000 0.467891
vt 0.375000 0.467891
vt 0.500000 0.458714
vt 0.625000 0.458714
vt 0.625000 0.467891
vt 0.500000 0.467891
vt 0.625000 0.458714
vt 0.750000 0.458714
vt 0.750000 0.467891
vt 0.625000 0.467891
vt 0.750000 0.458714
vt 0.875000 0.458714
vt 0.875000 0.467891
vt 0.750000 0.467891
vt 0.875000 0.458714
vt 1.000000 0.458714
vt 1.000000 0.467891
vt 0.875000 0.467891
vt 0.000000 0.467891
vt 0.125000 0.467891
vt 0.125000 0.477064
vt 0.000000 0.477064
vt 0.125000 0.467891
vt 0.250000 0.467891
vt 0.250000 0.477064
vt 0.125000 0.477064
vt 0.250000 0.467891
vt 0.375000 0.467891
vt 0.375000 0.477064
vt 0.250000 0.477064
vt 0.375000 0.467891
vt 0.500000 0.467891
vt 0.500000 0.477064
vt 0.375000 0.477064
vt 0.500000 0.467891
vt 0.625000 0.467891
vt 0.625000 0.477064
vt 0.500000 0.477064
vt 0.625000 0.467891
vt 0.750000 0.467891
vt 0.750000 0.477064
vt 0.625000 0.477064
vt 0.750000 0.467891
vt 0.875000 0.467891
vt 0.875000 0.477064
vt 0.750000 0.477064
vt 0.875000 0.467891
vt 1.000000 0.467891
vt 1.000000 0.477064
vt 0.875000 0.477064
vt 0.000000 0.477064
vt 0.125000 0.477064
vt 0.125000 0.486236
vt 0.000000 0.486236
vt 0.125000 0.477064
vt 0.250000 0.477064
vt 0.250000 0.486236
vt 0.125000 0.486236
vt 0.250000 0.477064
vt 0.375000 0.477064
vt 0.375000 0.486236
vt 0.250000 0.486236
vt 0.375000 0.477064
vt 0.500000 0.477064
vt 0.500000 0.486236
vt 0.375000 0.486236
vt 0.500000 0.477064
vt 0.625000 0.477064
vt 0.625000 0.486236
vt 0.500000 0.486236
vt 0.625000 0.477064
vt 0.750000 0.477064
vt 0.750000 0.486236
vt 0.625000 0.486236
vt 0.750000 0.477064
vt 0.875000 0.477064
vt 0.875000 0.486236
vt 0.750000 0.486236
vt 0.875000 0.477064
vt 1.000000 0.477064
vt 1.000000 0.486236
vt 0.875000 0.486236
vt 0.000000 0.486236
vt 0.125000 0.486236
vt 0.125000 0.495414
vt 0.000000 0.495414
vt 0.125000 0.486236
vt 0.250000 0.486236
vt 0.250000 0.495414
vt 0.125000 0.495414
vt 0.250000 0.486236
vt 0.375000 0.486236
vt 0.375000 0.495414
vt 0.250000 0.495414
vt 0.375000 0.486236
vt 0.500000 0.486236
vt 0.500000 0.495414
vt 0.375000 0.495414
vt 0.500000 0.486236
vt 0.625000 0.486236
vt 0.625000 0.495414
vt 0.500000 0.495414
vt 0.625000 0.486236
vt 0.750000 0.486236
vt 0.750000 0.495414
vt 0.625000 0.495414
vt 0.750000 0.486236
vt 0.875000 0.486236
vt 0.875000 0.495414
vt 0.750000 0.495414
vt 0.875000 0.486236
vt 1.000000 0.486236
vt 1.000000 0.495414
vt 0.875000 0.495414
vt 0.000000 0.495414
vt 0.125000 0.495414
vt 0.125000 0.504586
vt 0.000000 0.504586
vt 0.125000 0.495414
vt 0.250000 0.495414
vt 0.250000 0.504586
vt 0.125000 0.504586
vt 0.250000 0.495414
vt 0.375000 0.495414
vt 0.375000 0.504586
vt 0.250000 0.504586
vt 0.375000 0.495414
vt 0.500000 0.495414
vt 0.500000 0.504586
vt 0.375000 0.504586
vt 0.500000 0.495414
vt 0.625000 0.495414
vt 0.625000 0.504586
vt 0.500000 0.504586
vt 0.625000 0.495414
vt 0.750000 0.495414
vt 0.750000 0.504586
vt 0.625000 0.504586
vt 0.750000 0.495414
vt 0.875000 0.495414
vt 0.875000 0.504586
vt 0.750000 0.504586
vt 0.875000 0.495414
vt 1.000000 0.495414
vt 1.000000 0.504586
vt 0.875000 0.504586
vt 0.000000 0.504586
vt 0.125000 0.504586
vt 0.125000 0.513764
vt 0.000000 0.513764
vt 0.125000 0.504586
vt 0.250000 0.504586
vt 0.250000 0.513764
vt 0.125000 0.513764
vt 0.250000 0.504586
vt 0.375000 0.504586
vt 0.375000 0.513764
vt 0.250000 0.513764
vt 0.375000 0.504586
vt 0.500000 0.504586
vt 0.500000 0.513764
vt 0.375000 0.513764
vt 0.500000 0.504586
vt 0.625000 0.504586
vt 0.625000 0.513764
vt 0.500000 0.513764
vt 0.625000 0.504586
vt 0.750000 0.504586
vt 0.750000 0.513764
vt 0.625000 0.513764
vt 0.750000 0.504586
vt 0.875000 0.504586
vt 0.875000 0.513764
vt 0.750000 0.513764
vt 0.875000 0.504586
vt 1.000000 0.504586
vt 1.000000 0.513764
vt 0.875000 0.513764
vt 0.000000 0.513764
vt 0.125000 0.513764
vt 0.125000 0.522936
vt 0.000000 0.522936
vt 0.125000 0.513764
vt 0.250000 0.513764
vt 0.250000 0.522936
vt 0.125000 0.522936
vt 0.250000 0.513764
vt 0.375000 0.513764
vt 0.375000 0.522936
vt 0.250000 0.522936
vt 0.375000 0.513764
vt 0.500000 0.513764
vt 0.500000 0.522936
vt 0.375000 0.522936
vt 0.500000 0.513764
vt 0.625000 0.513764
vt 0.625000 0.522936
vt 0.500000 0.522936
vt 0.625000 0.513764
vt 0.750000 0.513764
vt 0.750000 0.522936
vt 0.625000 0.522936
vt 0.750000 0.513764
vt 0.875000 0.513764
vt 0.875000 0.522936
vt 0.750000 0.522936
vt 0.875000 0.513764
vt 1.000000 0.513764
vt 1.000000 0.522936
vt 0.875000 0.522936
vt 0.000000 0.522936
vt 0.125000 0.522936
vt 0.125000 0.532109
vt 0.000000 0.532109
vt 0.125000 0.522936
vt 0.250000 0.522936
vt 0.250000 0.532109
vt 0.125000 0.532109
vt 0.250000 0.522936
vt 0.375000 0.522936
vt 0.375000 0.532109
vt 0.250000 0.532109
vt 0.375000 0.522936
vt 0.500000 0.522936
vt 0.500000 0.532109
vt 0.375000 0.532109
vt 0.500000 0.522936
vt 0.625000 0.522936
vt 0.625000 0.532109
vt 0.500000 0.532109
vt 0.625000 0.522936
vt 0.750000 0.522936
vt 0.750000 0.532109
vt 0.625000 0.532109
vt 0.750000 0.522936
vt 0.875000 0.522936
vt 0.875000 0.532109
vt 0.750000 0.532109
vt 0.875000 0.522936
vt 1.000000 0.522936
vt 1.000000 0.532109
vt 0.875000 0.532109
vt 0.000000 0.532109
vt 0.125000 0.532109
vt 0.125000 0.541286
vt 0.000000 0.541286
vt 0.125000 0.532109
vt 0.250000 0.532109
vt 0.250000 0.541286
vt 0.125000 0.541286
vt 0.250000 0.532109
vt 0.375000 0.532109
vt 0.375000 0.541286
vt 0.250000 0.541286
vt 0.375000 0.532109
vt 0.500000 0.532109
vt 0.500000 0.541286
vt 0.375000 0.541286
vt 0.500000 0.532109
vt 0.625000 0.532109
vt 0.625000 0.541286
vt 0.500000 0.541286
vt 0.625000 0.532109
vt 0.750000 0.532109
vt 0.750000 0.541286
vt 0.625000 0.541286
vt 0.750000 0.532109
vt 0.875000 0.532109
vt 0.875000 0.541286
vt 0.750000 0.541286
vt 0.875000 0.532109
vt 1.000000 0.532109
vt 1.000000 0.541286
vt 0.875000 0.541286
vt 0.000000 0.541286
vt 0.125000 0.541286
vt 0.125000 0.550459
vt 0.000000 0.550459
vt 0.125000 0.541286
vt 0.250000 0.541286
vt 0.250000 0.550459
vt 0.125000 0.550459
vt 0.250000 0.541286
vt 0.375000 0.541286
vt 0.375000 0.550459
vt 0.250000 0.550459
vt 0.375000 0.541286
vt 0.500000 0.541286
vt 0.500000 0.550459
vt 0.375000 0.550459
vt 0.500000 0.541286
vt 0.625000 0.541286
vt 0.625000 0.550459
vt 0.500000 0.550459
vt 0.625000 0.541286
vt 0.750000 0.541286
vt 0.750000 0.550459
vt 0.625000 0.550459
vt 0.750000 0.541286
vt 0.875000 0.541286
vt 0.875000 0.550459
vt 0.750000 0.550459
vt 0.875000 0.541286
vt 1.000000 0.541286
vt 1.000000 0.550459
vt 0.875000 0.550459
vt 0.000000 0.550459
vt 0.125000 0.550459
vt 0.125000 0.559632
vt 0.000000 0.559632
vt 0.125000 0.550459
vt 0.250000 0.550459
vt 0.250000 0.559632
vt 0.125000 0.559632
vt 0.250000 0.550459
vt 0.375000 0.550459
vt 0.375000 0.559632
vt 0.250000 0.559632
vt 0.375000 0.550459
vt 0.500000 0.550459
vt 0.500000 0.559632
vt 0.375000 0.559632
vt 0.500000 0.550459
vt 0.625000 0.550459
vt 0.625000 0.559632
vt 0.500000 0.559632
vt 0.625000 0.550459
vt 0.750000 0.550459
vt 0.750000 0.559632
vt 0.625000 0.559632
vt 0.750000 0.550459
vt 0.875000 0.550459
vt 0.875000 0.559632
vt 0.750000 0.559632
vt 0.875000 0.550459
vt 1.000000 0.550459
vt 1.000000 0.559632
vt 0.875000 0.559632
vt 0.000000 0.559632
vt 0.125000 0.559632
vt 0.125000 0.568809
vt 0.000000 0.568809
vt 0.125000 0.559632
vt 0.250000 0.559632
vt 0.250000 0.568809
vt 0.125000 0.568809
vt 0.250000 0.559632
vt 0.375000 0.559632
vt 0.375000 0.568809
vt 0.250000 0.568809
vt 0.375000 0.559632
vt 0.500000 0.559632
vt 0.500000 0.568809
vt 0.375000 0.568809
vt 0.500000 0.559632
vt 0.625000 0.559632
vt 0.625000 0.568809
vt 0.500000 0.568809
vt 0.625000 0.559632
vt 0.750000 0.559632
vt 0.750000 0.568809
vt 0.625000 0.568809
vt 0.750000 0.559632
vt 0.875000 0.559632
vt 0.875000 0.568809
vt 0.750000 0.568809
vt 0.875000 0.559632
vt 1.000000 0.559632
vt 1.000000 0.568809
vt 0.875000 0.568809
vt 0.000000 0.568809
vt 0.125000 0.568809
vt 0.125000 0.577982
vt 0.000000 0.577982
vt 0.125000 0.568809
vt 0.250000 0.568809
vt 0.250000 0.577982
vt 0.125000 0.577982
vt 0.250000 0.568809
vt 0.375000 0.568809
vt 0.375000 0.577982
vt 0.250000 0.577982
vt 0.375000 0.568809
vt 0.500000 0.568809
vt 0.500000 0.577982
vt 0.375000 0.577982
vt 0.500000 0.568809
vt 0.625000 0.568809
vt 0.625000 0.577982
vt 0.500000 0.577982
vt 0.625000 0.568809
vt 0.750000 0.568809
vt 0.750000 0.577982
vt 0.625000 0.577982
vt 0.750000 0.568809
vt 0.875000 0.568809
vt 0.875000 0.577982
vt 0.750000 0.577982
vt 0.875000 0.568809
vt 1.000000 0.568809
vt 1.000000 0.577982
vt 0.875000 0.577982
vt 0.000000 0.577982
vt 0.125000 0.577982
vt 0.125000 0.587155
vt 0.000000 0.587155
vt 0.125000 0.577982
vt 0.250000 0.577982
vt 0.250000 0.587155
vt 0.125000 0.587155
vt 0.250000 0.577982
vt 0.375000 0.577982
vt 0.375000 0.587155
vt 0.250000 0.587155
vt 0.375000 0.577982
vt 0.500000 0.577982
vt 0.500000 0.587155
vt 0.375000 0.587155
vt 0.500000 0.577982
vt 0.625000 0.577982
vt 0.625000 0.587155
vt 0.500000 0.587155
vt 0.625000 0.577982
vt 0.750000 0.577982
vt 0.750000 0.587155
vt 0.625000 0.587155
vt 0.750000 0.577982
vt 0.875000 0.577982
vt 0.875000 0.587155
vt 0.750000 0.587155
vt 0.875000 0.577982
vt 1.000000 0.577982
vt 1.000000 0.587155
vt 0.875000 0.587155
vt 0.000000 0.587155
vt 0.125000 0.587155
vt 0.125000 0.596332
vt 0.000000 0.596332
vt 0.125000 0.587155
vt 0.250000 0.587155
vt 0.250000 0.596332
vt 0.125000 0.596332
vt 0.250000 0.587155
vt 0.375000 0.587155
vt 0.375000 0.596332
vt 0.250000 0.596332
vt 0.375000 0.587155
vt 0.500000 0.587155
vt 0.500000 0.596332
vt 0.375000 0.596332
vt 0.500000 0.587155
vt 0.625000 0.587155
vt 0.625000 0.596332
vt 0.500000 0.596332
vt 0.625000 0.587155
vt 0.750000 0.587155
vt 0.750000 0.596332
vt 0.625000 0.596332
vt 0.750000 0.587155
vt 0.875000 0.587155
vt 0.875000 0.596332
vt 0.750000 0.596332
vt 0.875000 0.587155
vt 1.000000 0.587155
vt 1.000000 0.596332
vt 0.875000 0.596332
vt 0.000000 0.596332
vt 0.125000 0.596332
vt 0.125000 0.605505
vt 0.000000 0.605505
vt 0.125000 0.596332
vt 0.250000 0.596332
vt 0.250000 0.605505
vt 0.125000 0.605505
vt 0.250000 0.596332
vt 0.375000 0.596332
vt 0.375000 0.605505
vt 0.250000 0.605505
vt 0.375000 0.596332
vt 0.500000 0.596332
vt 0.500000 0.605505
vt 0.375000 0.605505
vt 0.500000 0.596332
vt 0.625000 0.596332
vt 0.625000 0.605505
vt 0.500000 0.605505
vt 0.625000 0.596332
vt 0.750000 0.596332
vt 0.750000 0.605505
vt 0.625000 0.605505
vt 0.750000 0.596332
vt 0.875000 0.596332
vt 0.875000 0.605505
vt 0.750000 0.605505
vt 0.875000 0.596332
vt 1.000000 0.596332
vt 1.000000 0.605505
vt 0.875000 0.605505
vt 0.000000 0.605505
vt 0.125000 0.605505
vt 0.125000 0.614677
vt 0.000000 0.614677
vt 0.125000 0.605505
vt 0.250000 0.605505
vt 0.250000 0.614677
vt 0.125000 0.614677
vt 0.250000 0.605505
vt 0.375000 0.605505
vt 0.375000 0.614677
vt 0.250000 0.614677
vt 0.375000 0.605505
vt 0.500000 0.605505
vt 0.500000 0.614677
vt 0.375000 0.614677
vt 0.500000 0.605505
vt 0.625000 0.605505
vt 0.625000 0.614677
vt 0.500000 0.614677
vt 0.625000 0.605505
vt 0.750000 0.605505
vt 0.750000 0.614677
vt 0.625000 0.614677
vt 0.750000 0.605505
vt 0.875000 0.605505
vt 0.875000 0.614677
vt 0.750000 0.614677
vt 0.875000 0.605505
vt 1.000000 0.605505
vt 1.000000 0.614677
vt 0.875000 0.614677
vt 0.000000 0.614677
vt 0.125000 0.614677
vt 0.125000 0.623855
vt 0.000000 0.623855
vt 0.125000 0.614677
vt 0.250000 0.614677
vt 0.250000 0.623855
vt 0.125000 0.623855
vt 0.250000 0.614677
vt 0.375000 0.614677
vt 0.375000 0.623855
vt 0.250000 0.623855
vt 0.375000 0.614677
vt 0.500000 0.614677
vt 0.500000 0.623855
vt 0.375000 0.623855
vt 0.500000 0.614677
vt 0.625000 0.614677
vt 0.625000 0.623855
vt 0.500000 0.623855
vt 0.625000 0.614677
vt 0.750000 0.614677
vt 0.750000 0.623855
vt 0.625000 0.623855
vt 0.750000 0.614677
vt 0.875000 0.614677
vt 0.875000 0.623855
vt 0.750000 0.623855
vt 0.875000 0.614677
vt 1.000000 0.614677
vt 1.000000 0.623855
vt 0.875000 0.623855
vt 0.000000 0.623855
vt 0.125000 0.623855
vt 0.125000 0.633027
vt 0.000000 0.633027
vt 0.125000 0.623855
vt 0.250000 0.623855
vt 0.250000 0.633027
vt 0.125000 0.633027
vt 0.250000 0.623855
vt 0.375000 0.623855
vt 0.375000 0.633027
vt 0.250000 0.633027
vt 0.375000 0.623855
vt 0.500000 0.623855
vt 0.500000 0.633027
vt 0.375000 0.633027
vt 0.500000 0.623855
vt 0.625000 0.623855
vt 0.625000 0.633027
vt 0.500000 0.633027
vt 0.625000 0.623855
vt 0.750000 0.623855
vt 0.750000 0.633027
vt 0.625000 0.633027
vt 0.750000 0.623855
vt 0.875000 0.623855
vt 0.875000 0.633027
vt 0.750000 0.633027
vt 0.875000 0.623855
vt 1.000000 0.623855
vt 1.000000 0.633027
vt 0.875000 0.633027
vt 0.000000 0.633027
vt 0.125000 0.633027
vt 0.125000 0.642200
vt 0.000000 0.642200
vt 0.125000 0.633027
vt 0.250000 0.633027
vt 0.250000 0.642200
vt 0.125000 0.642200
vt 0.250000 0.633027
vt 0.375000 0.633027
vt 0.375000 0.642200
vt 0.250000 0.642200
vt 0.375000 0.633027
vt 0.500000 0.633027
vt 0.500000 0.642200
vt 0.375000 0.642200
vt 0.500000 0.633027
vt 0.625000 0.633027
vt 0.625000 0.642200
vt 0.500000 0.642200
vt 0.625000 0.633027
vt 0.750000 0.633027
vt 0.750000 0.642200
vt 0.625000 0.642200
vt 0.750000 0.633027
vt 0.875000 0.633027
vt 0.875000 0.642200
vt 0.750000 0.642200
vt 0.875000 0.633027
vt 1.000000 0.633027
vt 1.000000 0.642200
vt 0.875000 0.642200
vt 0.000000 0.642200
vt 0.125000 0.642200
vt 0.125000 0.651377
vt 0.000000 0.651377
vt 0.125000 0.642200
vt 0.250000 0.642200
vt 0.250000 0.651377
vt 0.125000 0.651377
vt 0.250000 0.642200
vt 0.375000 0.642200
vt 0.375000 0.651377
vt 0.250000 0.651377
vt 0.375000 0.642200
vt 0.500000 0.642200
vt 0.500000 0.651377
vt 0.375000 0.651377
vt 0.500000 0.642200
vt 0.625000 0.642200
vt 0.625000 0.651377
vt 0.500000 0.651377
vt 0.625000 0.642200
vt 0.750000 0.642200
vt 0.750000 0.651377
vt 0.625000 0.651377
vt 0.750000 0.642200
vt 0.875000 0.642200
vt 0.875000 0.651377
vt 0.750000 0.651377
vt 0.875000 0.642200
vt 1.000000 0.642200
vt 1.000000 0.651377
vt 0.875000 0.651377
vt 0.000000 0.651377
vt 0.125000 0.651377
vt 0.125000 0.660550
vt 0.000000 0.660550
vt 0.125000 0.651377
vt 0.250000 0.651377
vt 0.250000 0.660550
vt 0.125000 0.660550
vt 0.250000 0.651377
vt 0.375000 0.651377
vt 0.375000 0.660550
vt 0.250000 0.660550
vt 0.375000 0.651377
vt 0.500000 0.651377
vt 0.500000 0.660550
vt 0.375000 0.660550
vt 0.500000 0.651377
vt 0.625000 0.651377
vt 0.625000 0.660550
vt 0.500000 0.660550
vt 0.625000 0.651377
vt 0.750000 0.651377
vt 0.750000 0.660550
vt 0.625000 0.660550
vt 0.750000 0.651377
vt 0.875000 0.651377
vt 0.875000 0.660550
vt 0.750000 0.660550
vt 0.875000 0.651377
vt 1.000000 0.651377
vt 1.000000 0.660550
vt 0.875000 0.660550
vt 0.000000 0.660550
vt 0.125000 0.660550
vt 0.125000 0.669723
vt 0.000000 0.669723
vt 0.125000 0.660550
vt 0.250000 0.660550
vt 0.250000 0.669723
vt 0.125000 0.669723
vt 0.250000 0.660550
vt 0.375000 0.660550
vt 0.375000 0.669723
vt 0.250000 0.669723
vt 0.375000 0.660550
vt 0.500000 0.660550
vt 0.500000 0.669723
vt 0.375000 0.669723
vt 0.500000 0.660550
vt 0.625000 0.660550
vt 0.625000 0.669723
vt 0.500000 0.669723
vt 0.625000 0.660550
vt 0.750000 0.660550
vt 0.750000 0.669723
vt 0.625000 0.669723
vt 0.750000 0.660550
vt 0.875000 0.660550
vt 0.875000 0.669723
vt 0.750000 0.669723
vt 0.875000 0.660550
vt 1.000000 0.660550
vt 1.000000 0.669723
vt 0.875000 0.669723
vt 0.000000 0.669723
vt 0.125000 0.669723
vt 0.125000 0.678900
vt 0.000000 0.678900
vt 0.125000 0.669723
vt 0.250000 0.669723
vt 0.250000 0.678900
vt 0.125000 0.678900
vt 0.250000 0.669723
vt 0.375000 0.669723
vt 0.375000 0.678900
vt 0.250000 0.678900
vt 0.375000 0.669723
vt 0.500000 0.669723
vt 0.500000 0.678900
vt 0.375000 0.678900
vt 0.500000 0.669723
vt 0.625000 0.669723
vt 0.625000 0.678900
vt 0.500000 0.678900
vt 0.625000 0.669723
vt 0.750000 0.669723
vt 0.750000 0.678900
vt 0.625000 0.678900
vt 0.750000 0.669723
vt 0.875000 0.669723
vt 0.875000 0.678900
vt 0.750000 0.678900
vt 0.875000 0.669723
vt 1.000000 0.669723
vt 1.000000 0.678900
vt 0.875000 0.678900
vt 0.000000 0.678900
vt 0.125000 0.678900
vt 0.125000 0.688073
vt 0.000000 0.688073
vt 0.125000 0.678900
vt 0.250000 0.678900
vt 0.250000 0.688073
vt 0.125000 0.688073
vt 0.250000 0.678900
vt 0.375000 0.678900
vt 0.375000 0.688073
vt 0.250000 0.688073
vt 0.375000 0.678900
vt 0.500000 0.678900
vt 0.500000 0.688073
vt 0.375000 0.688073
vt 0.500000 0.678900
vt 0.625000 0.678900
vt 0.625000 0.688073
vt 0.500000 0.688073
vt 0.625000 0.678900
vt 0.750000 0.678900
vt 0.750000 0.688073
vt 0.625000 0.688073
vt 0.750000 0.678900
vt 0.875000 0.678900
vt 0.875000 0.688073
vt 0.750000 0.688073
vt 0.875000 0.678900
vt 1.000000 0.678900
vt 1.000000 0.688073
vt 0.875000 0.688073
vt 0.000000 0.688073
vt 0.125000 0.688073
vt 0.125000 0.697245
vt 0.000000 0.697245
vt 0.125000 0.688073
vt 0.250000 0.688073
vt 0.250000 0.697245
vt 0.125000 0.697245
vt 0.250000 0.688073
vt 0.375000 0.688073
vt 0.375000 0.697245
vt 0.250000 0.697245
vt 0.375000 0.688073
vt 0.500000 0.688073
vt 0.500000 0.697245
vt 0.375000 0.697245
vt 0.500000 0.688073
vt 0.625000 0.688073
vt 0.625000 0.697245
vt 0.500000 0.697245
vt 0.625000 0.688073
vt 0.750000 0.688073
vt 0.750000 0.697245
vt 0.625000 0.697245
vt 0.750000 0.688073
vt 0.875000 0.688073
vt 0.875000 0.697245
vt 0.750000 0.697245
vt 0.875000 0.688073
vt 1.000000 0.688073
vt 1.000000 0.697245
vt 0.875000 0.697245
vt 0.000000 0.697245
vt 0.125000 0.697245
vt 0.125000 0.706423
vt 0.000000 0.706423
vt 0.125000 0.697245
vt 0.250000 0.697245
vt 0.250000 0.706423
vt 0.125000 0.706423
vt 0.250000 0.697245
vt 0.375000 0.697245
vt 0.375000 0.706423
vt 0.250000 0.706423
vt 0.375000 0.697245
vt 0.500000 0.697245
vt 0.500000 0.706423
vt 0.375000 0.706423
vt 0.500000 0.697245
vt 0.625000 0.697245
vt 0.625000 0.706423
vt 0.500000 0.706423
vt 0.625000 0.697245
vt 0.750000 0.697245
vt 0.750000 0.706423
vt 0.625000 0.706423
vt 0.750000 0.697245
vt 0.875000 0.697245
vt 0.875000 0.706423
vt 0.750000 0.706423
vt 0.875000 0.697245
vt 1.000000 0.697245
vt 1.000000 0.706423
vt 0.875000 0.706423
vt 0.000000 0.706423
vt 0.125000 0.706423
vt 0.125000 0.715595
vt 0.000000 0.715595
vt 0.125000 0.706423
vt 0.250000 0.706423
vt 0.250000 0.715595
vt 0.125000 0.715595
vt 0.250000 0.706423
vt 0.375000 0.706423
vt 0.375000 0.715595
vt 0.250000 0.715595
vt 0.375000 0.706423
vt 0.500000 0.706423
vt 0.500000 0.715595
vt 0.375000 0.715595
vt 0.500000 0.706423
vt 0.625000 0.706423
vt 0.625000 0.715595
vt 0.500000 0.715595
vt 0.625000 0.706423
vt 0.750000 0.706423
vt 0.750000 0.715595
vt 0.625000 0.715595
vt 0.750000 0.706423
vt 0.875000 0.706423
vt 0.875000 0.715595
vt 0.750000 0.715595
vt 0.875000 0.706423
vt 1.000000 0.706423
vt 1.000000 0.715595
vt 0.875000 0.715595
vt 0.000000 0.715595
vt 0.125000 0.715595
vt 0.125000 0.724773
vt 0.000000 0.724773
vt 0.125000 0.715595
vt 0.250000 0.715595
vt 0.250000 0.724773
vt 0.125000 0.724773
vt 0.250000 0.715595
vt 0.375000 0.715595
vt 0.375000 0.724773
vt 0.250000 0.724773
vt 0.375000 0.715595
vt 0.500000 0.715595
vt 0.500000 0.724773
vt 0.375000 0.724773
vt 0.500000 0.715595
vt 0.625000 0.715595
vt 0.625000 0.724773
vt 0.500000 0.724773
vt 0.625000 0.715595
vt 0.750000 0.715595
vt 0.750000 0.724773
vt 0.625000 0.724773
vt 0.750000 0.715595
vt 0.875000 0.715595
vt 0.875000 0.724773
vt 0.750000 0.724773
vt 0.875000 0.715595
vt 1.000000 0.715595
vt 1.000000 0.724773
vt 0.875000 0.724773
vt 0.000000 0.724773
vt 0.125000 0.724773
vt 0.125000 0.733945
vt 0.000000 0.733945
vt 0.125000 0.724773
vt 0.250000 0.724773
vt 0.250000 0.733945
vt 0.125000 0.733945
vt 0.250000 0.724773
vt 0.375000 0.724773
vt 0.375000 0.733945
vt 0.250000 0.733945
vt 0.375000 0.724773
vt 0.500000 0.724773
vt 0.500000 0.733945
vt 0.375000 0.733945
vt 0.500000 0.724773
vt 0.625000 0.724773
vt 0.625000 0.733945
vt 0.500000 0.733945
vt 0.625000 0.724773
vt 0.750000 0.724773
vt 0.750000 0.733945
vt 0.625000 0.733945
vt 0.750000 0.724773
vt 0.875000 0.724773
vt 0.875000 0.733945
vt 0.750000 0.733945
vt 0.875000 0.724773
vt 1.000000 0.724773
vt 1.000000 0.733945
vt 0.875000 0.733945
vt 0.000000 0.733945
vt 0.125000 0.733945
vt 0.125000 0.743118
vt 0.000000 0.743118
vt 0.125000 0.733945
vt 0.250000 0.733945
vt 0.250000 0.743118
vt 0.125000 0.743118
vt 0.250000 0.733945
vt 0.375000 0.733945
vt 0.375000 0.743118
vt 0.250000 0.743118
vt 0.375000 0.733945
vt 0.500000 0.733945
vt 0.500000 0.743118
vt 0.375000 0.743118
vt 0.500000 0.733945
vt 0.625000 0.733945
vt 0.625000 0.743118
vt 0.500000 0.743118
vt 0.625000 0.733945
vt 0.750000 0.733945
vt 0.750000 0.743118
vt 0.625000 0.743118
vt 0.750000 0.733945
vt 0.875000 0.733945
vt 0.875000 0.743118
vt 0.750000 0.743118
vt 0.875000 0.733945
vt 1.000000 0.733945
vt 1.000000 0.743118
vt 0.875000 0.743118
vt 0.000000 0.743118
vt 0.125000 0.743118
vt 0.125000 0.752295
vt 0.000000 0.752295
vt 0.125000 0.743118
vt 0.250000 0.743118
vt 0.250000 0.752295
vt 0.125000 0.752295
vt 0.250000 0.743118
vt 0.375000 0.743118
vt 0.375000 0.752295
vt 0.250000 0.752295
vt 0.375000 0.743118
vt 0.500000 0.743118
vt 0.500000 0.752295
vt 0.375000 0.752295
vt 0.500000 0.743118
vt 0.625000 0.743118
vt 0.625000 0.752295
vt 0.500000 0.752295
vt 0.625000 0.743118
vt 0.750000 0.743118
vt 0.750000 0.752295
vt 0.625000 0.752295
vt 0.750000 0.743118
vt 0.875000 0.743118
vt 0.875000 0.752295
vt 0.750000 0.752295
vt 0.875000 0.743118
vt 1.000000 0.743118
vt 1.000000 0.752295
vt 0.875000 0.752295
vt 0.000000 0.752295
vt 0.125000 0.752295
vt 0.125000 0.761468
vt 0.000000 0.761468
vt 0.125000 0.752295
vt 0.250000 0.752295
vt 0.250000 0.761468
vt 0.125000 0.761468
vt 0.250000 0.752295
vt 0.375000 0.752295
vt 0.375000 0.761468
vt 0.250000 0.761468
vt 0.375000 0.752295
vt 0.500000 0.752295
vt 0.500000 0.761468
vt 0.375000 0.761468
vt 0.500000 0.752295
vt 0.625000 0.752295
vt 0.625000 0.761468
vt 0.500000 0.761468
vt 0.625000 0.752295
vt 0.750000 0.752295
vt 0.750000 0.761468
vt 0.625000 0.761468
vt 0.750000 0.752295
vt 0.875000 0.752295
vt 0.875000 0.761468
vt 0.750000 0.761468
vt 0.875000 0.752295
vt 1.000000 0.752295
vt 1.000000 0.761468
vt 0.875000 0.761468
vt 0.000000 0.761468
vt 0.125000 0.761468
vt 0.125000 0.770641
vt 0.000000 0.770641
vt 0.125000 0.761468
vt 0.250000 0.761468
vt 0.250000 0.770641
vt 0.125000 0.770641
vt 0.250000 0.761468
vt 0.375000 0.761468
vt 0.375000 0.770641
vt 0.250000 0.770641
vt 0.375000 0.761468
vt 0.500000 0.761468
vt 0.500000 0.770641
vt 0.375000 0.770641
vt 0.500000 0.761468
vt 0.625000 0.761468
vt 0.625000 0.770641
vt 0.500000 0.770641
vt 0.625000 0.761468
vt 0.750000 0.761468
vt 0.750000 0.770641
vt 0.625000 0.770641
vt 0.750000 0.761468
vt 0.875000 0.761468
vt 0.875000 0.770641
vt 0.750000 0.770641
vt 0.875000 0.761468
vt 1.000000 0.761468
vt 1.000000 0.770641
vt 0.875000 0.770641
vt 0.000000 0.770641
vt 0.125000 0.770641
vt 0.125000 0.779818
vt 0.000000 0.779818
vt 0.125000 0.770641
vt 0.250000 0.770641
vt 0.250000 0.779818
vt 0.125000 0.779818
vt 0.250000 0.770641
vt 0.375000 0.770641
vt 0.375000 0.779818
vt 0.250000 0.779818
vt 0.375000 0.770641
vt 0.500000 0.770641
vt 0.500000 0.779818
vt 0.375000 0.779818
vt 0.500000 0.770641
vt 0.625000 0.770641
vt 0.625000 0.779818
vt 0.500000 0.779818
vt 0.625000 0.770641
vt 0.750000 0.770641
vt 0.750000 0.779818
vt 0.625000 0.779818
vt 0.750000 0.770641
vt 0.875000 0.770641
vt 0.875000 0.779818
vt 0.750000 0.779818
vt 0.875000 0.770641
vt 1.000000 0.770641
vt 1.000000 0.779818
vt 0.875000 0.779818
vt 0.000000 0.779818
vt 0.125000 0.779818
vt 0.125000 0.788991
vt 0.000000 0.788991
vt 0.125000 0.779818
vt 0.250000 0.779818
vt 0.250000 0.788991
vt 0.125000 0.788991
vt 0.250000 0.779818
vt 0.375000 0.779818
vt 0.375000 0.788991
vt 0.250000 0.788991
vt 0.375000 0.779818
vt 0.500000 0.779818
vt 0.500000 0.788991
vt 0.375000 0.788991
vt 0.500000 0.779818
vt 0.625000 0.779818
vt 0.625000 0.788991
vt 0.500000 0.788991
vt 0.625000 0.779818
vt 0.750000 0.779818
vt 0.750000 0.788991
vt 0.625000 0.788991
vt 0.750000 0.779818
vt 0.875000 0.779818
vt 0.875000 0.788991
vt 0.750000 0.788991
vt 0.875000 0.779818
vt 1.000000 0.779818
vt 1.000000 0.788991
vt 0.875000 0.788991
vt 0.000000 0.788991
vt 0.125000 0.788991
vt 0.125000 0.798164
vt 0.000000 0.798164
vt 0.125000 0.788991
vt 0.250000 0.788991
vt 0.250000 0.798164
vt 0.125000 0.798164
vt 0.250000 0.788991
vt 0.375000 0.788991
vt 0.375000 0.798164
vt 0.250000 0.798164
vt 0.375000 0.788991
vt 0.500000 0.788991
vt 0.500000 0.798164
vt 0.375000 0.798164
vt 0.500000 0.788991
vt 0.625000 0.788991
vt 0.625000 0.798164
vt 0.500000 0.798164
vt 0.625000 0.788991
vt 0.750000 0.788991
vt 0.750000 0.798164
vt 0.625000 0.798164
vt 0.750000 0.788991
vt 0.875000 0.788991
vt 0.875000 0.798164
vt 0.750000 0.798164
vt 0.875000 0.788991
vt 1.000000 0.788991
vt 1.000000 0.798164
vt 0.875000 0.798164
vt 0.000000 0.798164
vt 0.125000 0.798164
vt 0.125000 0.807341
vt 0.000000 0.807341
vt 0.125000 0.798164
vt 0.250000 0.798164
vt 0.250000 0.807341
vt 0.125000 0.807341
vt 0.250000 0.798164
vt 0.375000 0.798164
vt 0.375000 0.807341
vt 0.250000 0.807341
vt 0.375000 0.798164
vt 0.500000 0.798164
vt 0.500000 0.807341
vt 0.375000 0.807341
vt 0.500000 0.798164
vt 0.625000 0.798164
vt 0.625000 0.807341
vt 0.500000 0.807341
vt 0.625000 0.798164
vt 0.750000 0.798164
vt 0.750000 0.807341
vt 0.625000 0.807341
vt 0.750000 0.798164
vt 0.875000 0.798164
vt 0.875000 0.807341
vt 0.750000 0.807341
vt 0.875000 0.798164
vt 1.000000 0.798164
vt 1.000000 0.807341
vt 0.875000 0.807341
vt 0.000000 0.807341
vt 0.125000 0.807341
vt 0.125000 0.816514
vt 0.000000 0.816514
vt 0.125000 0.807341
vt 0.250000 0.807341
vt 0.250000 0.816514
vt 0.125000 0.816514
vt 0.250000 0.807341
vt 0.375000 0.807341
vt 0.375000 0.816514
vt 0.250000 0.816514
vt 0.375000 0.807341
vt 0.500000 0.807341
vt 0.500000 0.816514
vt 0.375000 0.816514
vt 0.500000 0.807341
vt 0.625000 0.807341
vt 0.625000 0.816514
vt 0.500000 0.816514
vt 0.625000 0.807341
vt 0.750000 0.807341
vt 0.750000 0.816514
vt 0.625000 0.816514
vt 0.750000 0.807341
vt 0.875000 0.807341
vt 0.875000 0.816514
vt 0.750000 0.816514
vt 0.875000 0.807341
vt 1.000000 0.807341
vt 1.000000 0.816514
vt 0.875000 0.816514
vt 0.000000 0.816514
vt 0.125000 0.816514
vt 0.125000 0.825686
vt 0.000000 0.825686
vt 0.125000 0.816514
vt 0.250000 0.816514
vt 0.250000 0.825686
vt 0.125000 0.825686
vt 0.250000 0.816514
vt 0.375000 0.816514
vt 0.375000 0.825686
vt 0.250000 0.825686
vt 0.375000 0.816514
vt 0.500000 0.816514
vt 0.500000 0.825686
vt 0.375000 0.825686
vt 0.500000 0.816514
vt 0.625000 0.816514
vt 0.625000 0.825686
vt 0.500000 0.825686
vt 0.625000 0.816514
vt 0.750000 0.816514
vt 0.750000 0.825686
vt 0.625000 0.825686
vt 0.750000 0.816514
vt 0.875000 0.816514
vt 0.875000 0.825686
vt 0.750000 0.825686
vt 0.875000 0.816514
vt 1.000000 0.816514
vt 1.000000 0.825686
vt 0.875000 0.825686
vt 0.000000 0.825686
vt 0.125000 0.825686
vt 0.125000 0.834864
vt 0.000000 0.834864
vt 0.125000 0.825686
vt 0.250000 0.825686
vt 0.250000 0.834864
vt 0.125000 0.834864
vt 0.250000 0.825686
vt 0.375000 0.825686
vt 0.375000 0.834864
vt 0.250000 0.834864
vt 0.375000 0.825686
vt 0.500000 0.825686
vt 0.500000 0.834864
vt 0.375000 0.834864
vt 0.500000 0.825686
vt 0.625000 0.825686
vt 0.625000 0.834864
vt 0.500000 0.834864
vt 0.625000 0.825686
vt 0.750000 0.825686
vt 0.750000 0.834864
vt 0.625000 0.834864
vt 0.750000 0.825686
vt 0.875000 0.825686
vt 0.875000 0.834864
vt 0.750000 0.834864
vt 0.875000 0.825686
vt 1.000000 0.825686
vt 1.000000 0.834864
vt 0.875000 0.834864
vt 0.000000 0.834864
vt 0.125000 0.834864
vt 0.125000 0.844036
vt 0.000000 0.844036
vt 0.125000 0.834864
vt 0.250000 0.834864
vt 0.250000 0.844036
vt 0.125000 0.844036
vt 0.250000 0.834864
vt 0.375000 0.834864
vt 0.375000 0.844036
vt 0.250000 0.844036
vt 0.375000 0.834864
vt 0.500000 0.834864
vt 0.500000 0.844036
vt 0.375000 0.844036
vt 0.500000 0.834864
vt 0.625000 0.834864
vt 0.625000 0.844036
vt 0.500000 0.844036
vt 0.625000 0.834864
vt 0.750000 0.834864
vt 0.750000 0.844036
vt 0.625000 0.844036
vt 0.750000 0.834864
vt 0.875000 0.834864
vt 0.875000 0.844036
vt 0.750000 0.844036
vt 0.875000 0.834864
vt 1.000000 0.834864
vt 1.000000 0.844036
vt 0.875000 0.844036
vt 0.000000 0.844036
vt 0.125000 0.844036
vt 0.125000 0.853209
vt 0.000000 0.853209
vt 0.125000 0.844036
vt 0.250000 0.844036
vt 0.250000 0.853209
vt 0.125000 0.853209
vt 0.250000 0.844036
vt 0.375000 0.844036
vt 0.375000 0.853209
vt 0.250000 0.853209
vt 0.375000 0.844036
vt 0.500000 0.844036
vt 0.500000 0.853209
vt 0.375000 0.853209
vt 0.500000 0.844036
vt 0.625000 0.844036
vt 0.625000 0.853209
vt 0.500000 0.853209
vt 0.625000 0.844036
vt 0.750000 0.844036
vt 0.750000 0.853209
vt 0.625000 0.853209
vt 0.750000 0.844036
vt 0.875000 0.844036
vt 0.875000 0.853209
vt 0.750000 0.853209
vt 0.875000 0.844036
vt 1.000000 0.844036
vt 1.000000 0.853209
vt 0.875000 0.853209
vt 0.000000 0.853209
vt 0.125000 0.853209
vt 0.125000 0.862386
vt 0.000000 0.862386
vt 0.125000 0.853209
vt 0.250000 0.853209
vt 0.250000 0.862386
vt 0.125000 0.862386
vt 0.250000 0.853209
vt 0.375000 0.853209
vt 0.375000 0.862386
vt 0.250000 0.862386
vt 0.375000 0.853209
vt 0.500000 0.853209
vt 0.500000 0.862386
vt 0.375000 0.862386
vt 0.500000 0.853209
vt 0.625000 0.853209
vt 0.625000 0.862386
vt 0.500000 0.862386
vt 0.625000 0.853209
vt 0.750000 0.853209
vt 0.750000 0.862386
vt 0.625000 0.862386
vt 0.750000 0.853209
vt 0.875000 0.853209
vt 0.875000 0.862386
vt 0.750000 0.862386
vt 0.875000 0.853209
vt 1.000000 0.853209
vt 1.000000 0.862386
vt 0.875000 0.862386
vt 0.000000 0.862386
vt 0.125000 0.862386
vt 0.125000 0.871559
vt 0.000000 0.871559
vt 0.125000 0.862386
vt 0.250000 0.862386
vt 0.250000 0.871559
vt 0.125000 0.871559
vt 0.250000 0.862386
vt 0.375000 0.862386
vt 0.375000 0.871559
vt 0.250000 0.871559
vt 0.375000 0.862386
vt 0.500000 0.862386
vt 0.500000 0.871559
vt 0.375000 0.871559
vt 0.500000 0.862386
vt 0.625000 0.862386
vt 0.625000 0.871559
vt 0.500000 0.871559
vt 0.625000 0.862386
vt 0.750000 0.862386
vt 0.750000 0.871559
vt 0.625000 0.871559
vt 0.750000 0.862386
vt 0.875000 0.862386
vt 0.875000 0.871559
vt 0.750000 0.871559
vt 0.875000 0.862386
vt 1.000000 0.862386
vt 1.000000 0.871559
vt 0.875000 0.871559
vt 0.000000 0.871559
vt 0.125000 0.871559
vt 0.125000 0.880732
vt 0.000000 0.880732
vt 0.125000 0.871559
vt 0.250000 0.871559
vt 0.250000 0.880732
vt 0.125000 0.880732
vt 0.250000 0.871559
vt 0.375000 0.871559
vt 0.375000 0.880732
vt 0.250000 0.880732
vt 0.375000 0.871559
vt 0.500000 0.871559
vt 0.500000 0.880732
vt 0.375000 0.880732
vt 0.500000 0.871559
vt 0.625000 0.871559
vt 0.625000 0.880732
vt 0.500000 0.880732
vt 0.625000 0.871559
vt 0.750000 0.871559
vt 0.750000 0.880732
vt 0.625000 0.880732
vt 0.750000 0.871559
vt 0.875000 0.871559
vt 0.875000 0.880732
vt 0.750000 0.880732
vt 0.875000 0.871559
vt 1.000000 0.871559
vt 1.000000 0.880732
vt 0.875000 0.880732
vt 0.000000 0.880732
vt 0.125000 0.880732
vt 0.125000 0.889909
vt 0.000000 0.889909
vt 0.125000 0.880732
vt 0.250000 0.880732
vt 0.250000 0.889909
vt 0.125000 0.889909
vt 0.250000 0.880732
vt 0.375000 0.880732
vt 0.375000 0.889909
vt 0.250000 0.889909
vt 0.375000 0.880732
vt 0.500000 0.880732
vt 0.500000 0.889909
vt 0.375000 0.889909
vt 0.500000 0.880732
vt 0.625000 0.880732
vt 0.625000 0.889909
vt 0.500000 0.889909
vt 0.625000 0.880732
vt 0.750000 0.880732
vt 0.750000 0.889909
vt 0.625000 0.889909
vt 0.750000 0.880732
vt 0.875000 0.880732
vt 0.875000 0.889909
vt 0.750000 0.889909
vt 0.875000 0.880732
vt 1.000000 0.880732
vt 1.000000 0.889909
vt 0.875000 0.889909
vt 0.000000 0.889909
vt 0.125000 0.889909
vt 0.125000 0.899082
vt 0.000000 0.899082
vt 0.125000 0.889909
vt 0.250000 0.889909
vt 0.250000 0.899082
vt 0.125000 0.899082
vt 0.250000 0.889909
vt 0.375000 0.889909
vt 0.375000 0.899082
vt 0.250000 0.899082
vt 0.375000 0.889909
vt 0.500000 0.889909
vt 0.500000 0.899082
vt 0.375000 0.899082
vt 0.500000 0.889909
vt 0.625000 0.889909
vt 0.625000 0.899082
vt 0.500000 0.899082
vt 0.625000 0.889909
vt 0.750000 0.889909
vt 0.750000 0.899082
vt 0.625000 0.899082
vt 0.750000 0.889909
vt 0.875000 0.889909
vt 0.875000 0.899082
vt 0.750000 0.899082
vt 0.875000 0.889909
vt 1.000000 0.889909
vt 1.000000 0.899082
vt 0.875000 0.899082
vt 0.000000 0.899082
vt 0.125000 0.899082
vt 0.125000 0.908259
vt 0.000000 0.908259
vt 0.125000 0.899082
vt 0.250000 0.899082
vt 0.250000 0.908259
vt 0.125000 0.908259
vt 0.250000 0.899082
vt 0.375000 0.899082
vt 0.375000 0.908259
vt 0.250000 0.908259
vt 0.375000 0.899082
vt 0.500000 0.899082
vt 0.500000 0.908259
vt 0.375000 0.908259
vt 0.500000 0.899082
vt 0.625000 0.899082
vt 0.625000 0.908259
vt 0.500000 0.908259
vt 0.625000 0.899082
vt 0.750000 0.899082
vt 0.750000 0.908259
vt 0.625000 0.908259
vt 0.750000 0.899082
vt 0.875000 0.899082
vt 0.875000 0.908259
vt 0.750000 0.908259
vt 0.875000 0.899082
vt 1.000000 0.899082
vt 1.000000 0.908259
vt 0.875000 0.908259
vt 0.000000 0.908259
vt 0.125000 0.908259
vt 0.125000 0.917432
vt 0.000000 0.917432
vt 0.125000 0.908259
vt 0.250000 0.908259
vt 0.250000 0.917432
vt 0.125000 0.917432
vt 0.250000 0.908259
vt 0.375000 0.908259
vt 0.375000 0.917432
vt 0.250000 0.917432
vt 0.375000 0.908259
vt 0.500000 0.908259
vt 0.500000 0.917432
vt 0.375000 0.917432
vt 0.500000 0.908259
vt 0.625000 0.908259
vt 0.625000 0.917432
vt 0.500000 0.917432
vt 0.625000 0.908259
vt 0.750000 0.908259
vt 0.750000 0.917432
vt 0.625000 0.917432
vt 0.750000 0.908259
vt 0.875000 0.908259
vt 0.875000 0.917432
vt 0.750000 0.917432
vt 0.875000 0.908259
vt 1.000000 0.908259
vt 1.000000 0.917432
vt 0.875000 0.917432
vt 0.000000 0.917432
vt 0.125000 0.917432
vt 0.125000 0.926605
vt 0.000000 0.926605
vt 0.125000 0.917432
vt 0.250000 0.917432
vt 0.250000 0.926605
vt 0.125000 0.926605
vt 0.250000 0.917432
vt 0.375000 0.917432
vt 0.375000 0.926605
vt 0.250000 0.926605
vt 0.375000 0.917432
vt 0.500000 0.917432
vt 0.500000 0.926605
vt 0.375000 0.926605
vt 0.500000 0.917432
vt 0.625000 0.917432
vt 0.625000 0.926605
vt 0.500000 0.926605
vt 0.625000 0.917432
vt 0.750000 0.917432
vt 0.750000 0.926605
vt 0.625000 0.926605
vt 0.750000 0.917432
vt 0.875000 0.917432
vt 0.875000 0.926605
vt 0.750000 0.926605
vt 0.875000 0.917432
vt 1.000000 0.917432
vt 1.000000 0.926605
vt 0.875000 0.926605
vt 0.000000 0.926605
vt 0.125000 0.926605
vt 0.125000 0.935782
vt 0.000000 0.935782
vt 0.125000 0.926605
vt 0.250000 0.926605
vt 0.250000 0.935782
vt 0.125000 0.935782
vt 0.250000 0.926605
vt 0.375000 0.926605
vt 0.375000 0.935782
vt 0.250000 0.935782
vt 0.375000 0.926605
vt 0.500000 0.926605
vt 0.500000 0.935782
vt 0.375000 0.935782
vt 0.500000 0.926605
vt 0.625000 0.926605
vt 0.625000 0.935782
vt 0.500000 0.935782
vt 0.625000 0.926605
vt 0.750000 0.926605
vt 0.750000 0.935782
vt 0.625000 0.935782
vt 0.750000 0.926605
vt 0.875000 0.926605
vt 0.875000 0.935782
vt 0.750000 0.935782
vt 0.875000 0.926605
vt 1.000000 0.926605
vt 1.000000 0.935782
vt 0.875000 0.935782
vt 0.000000 0.935782
vt 0.125000 0.935782
vt 0.125000 0.944955
vt 0.000000 0.944955
vt 0.125000 0.935782
vt 0.250000 0.935782
vt 0.250000 0.944955
vt 0.125000 0.944955
vt 0.250000 0.935782
vt 0.375000 0.935782
vt 0.375000 0.944955
vt 0.250000 0.944955
vt 0.375000 0.935782
vt 0.500000 0.935782
vt 0.500000 0.944955
vt 0.375000 0.944955
vt 0.500000 0.935782
vt 0.625000 0.935782
vt 0.625000 0.944955
vt 0.500000 0.944955
vt 0.625000 0.935782
vt 0.750000 0.935782
vt 0.750000 0.944955
vt 0.625000 0.944955
vt 0.750000 0.935782
vt 0.875000 0.935782
vt 0.875000 0.944955
vt 0.750000 0.944955
vt 0.875000 0.935782
vt 1.000000 0.935782
vt 1.000000 0.944955
vt 0.875000 0.944955
vt 0.000000 0.944955
vt 0.125000 0.944955
vt 0.125000 0.954127
vt 0.000000 0.954127
vt 0.125000 0.944955
vt 0.250000 0.944955
vt 0.250000 0.954127
vt 0.125000 0.954127
vt 0.250000 0.944955
vt 0.375000 0.944955
vt 0.375000 0.954127
vt 0.250000 0.954127
vt 0.375000 0.944955
vt 0.500000 0.944955
vt 0.500000 0.954127
vt 0.375000 0.954127
vt 0.500000 0.944955
vt 0.625000 0.944955
vt 0.625000 0.954127
vt 0.500000 0.954127
vt 0.625000 0.944955
vt 0.750000 0.944955
vt 0.750000 0.954127
vt 0.625000 0.954127
vt 0.750000 0.944955
vt 0.875000 0.944955
vt 0.875000 0.954127
vt 0.750000 0.954127
vt 0.875000 0.944955
vt 1.000000 0.944955
vt 1.000000 0.954127
vt 0.875000 0.954127
vt 0.000000 0.954127
vt 0.125000 0.954127
vt 0.125000 0.963305
vt 0.000000 0.963305
vt 0.125000 0.954127
vt 0.250000 0.954127
vt 0.250000 0.963305
vt 0.125000 0.963305
vt 0.250000 0.954127
vt 0.375000 0.954127
vt 0.375000 0.963305
vt 0.250000 0.963305
vt 0.375000 0.954127
vt 0.500000 0.954127
vt 0.500000 0.963305
vt 0.375000 0.963305
vt 0.500000 0.954127
vt 0.625000 0.954127
vt 0.625000 0.963305
vt 0.500000 0.963305
vt 0.625000 0.954127
vt 0.750000 0.954127
vt 0.750000 0.963305
vt 0.625000 0.963305
vt 0.750000 0.954127
vt 0.875000 0.954127
vt 0.875000 0.963305
vt 0.750000 0.963305
vt 0.875000 0.954127
vt 1.000000 0.954127
vt 1.000000 0.963305
vt 0.875000 0.963305
vt 0.000000 0.963305
vt 0.125000 0.963305
vt 0.125000 0.972477
vt 0.000000 0.972477
vt 0.125000 0.963305
vt 0.250000 0.963305
vt 0.250000 0.972477
vt 0.125000 0.972477
vt 0.250000 0.963305
vt 0.375000 0.963305
vt 0.375000 0.972477
vt 0.250000 0.972477
vt 0.375000 0.963305
vt 0.500000 0.963305
vt 0.500000 0.972477
vt 0.375000 0.972477
vt 0.500000 0.963305
vt 0.625000 0.963305
vt 0.625000 0.972477
vt 0.500000 0.972477
vt 0.625000 0.963305
vt 0.750000 0.963305
vt 0.750000 0.972477
vt 0.625000 0.972477
vt 0.750000 0.963305
vt 0.875000 0.963305
vt 0.875000 0.972477
vt 0.750000 0.972477
vt 0.875000 0.963305
vt 1.000000 0.963305
vt 1.000000 0.972477
vt 0.875000 0.972477
vt 0.000000 0.972477
vt 0.125000 0.972477
vt 0.125000 0.981650
vt 0.000000 0.981650
vt 0.125000 0.972477
vt 0.250000 0.972477
vt 0.250000 0.981650
vt 0.125000 0.981650
vt 0.250000 0.972477
vt 0.375000 0.972477
vt 0.375000 0.981650
vt 0.250000 0.981650
vt 0.375000 0.972477
vt 0.500000 0.972477
vt 0.500000 0.981650
vt 0.375000 0.981650
vt 0.500000 0.972477
vt 0.625000 0.972477
vt 0.625000 0.981650
vt 0.500000 0.981650
vt 0.625000 0.972477
vt 0.750000 0.972477
vt 0.750000 0.981650
vt 0.625000 0.981650
vt 0.750000 0.972477
vt 0.875000 0.972477
vt 0.875000 0.981650
vt 0.750000 0.981650
vt 0.875000 0.972477
vt 1.000000 0.972477
vt 1.000000 0.981650
vt 0.875000 0.981650
vt 0.000000 0.981650
vt 0.125000 0.981650
vt 0.125000 0.990827
vt 0.000000 0.990827
vt 0.125000 0.981650
vt 0.250000 0.981650
vt 0.250000 0.990827
vt 0.125000 0.990827
vt 0.250000 0.981650
vt 0.375000 0.981650
vt 0.375000 0.990827
vt 0.250000 0.990827
vt 0.375000 0.981650
vt 0.500000 0.981650
vt 0.500000 0.990827
vt 0.375000 0.990827
vt 0.500000 0.981650
vt 0.625000 0.981650
vt 0.625000 0.990827
vt 0.500000 0.990827
vt 0.625000 0.981650
vt 0.750000 0.981650
vt 0.750000 0.990827
vt 0.625000 0.990827
vt 0.750000 0.981650
vt 0.875000 0.981650
vt 0.875000 0.990827
vt 0.750000 0.990827
vt 0.875000 0.981650
vt 1.000000 0.981650
vt 1.000000 0.990827
vt 0.875000 0.990827
vt 0.000000 0.990827
vt 0.125000 0.990827
vt 0.125000 1.000000
vt 0.000000 1.000000
vt 0.125000 0.990827
vt 0.250000 0.990827
vt 0.250000 1.000000
vt 0.125000 1.000000
vt 0.250000 0.990827
vt 0.375000 0.990827
vt 0.375000 1.000000
vt 0.250000 1.000000
vt 0.375000 0.990827
vt 0.500000 0.990827
vt 0.500000 1.000000
vt 0.375000 1.000000
vt 0.500000 0.990827
vt 0.625000 0.990827
vt 0.625000 1.000000
vt 0.500000 1.000000
vt 0.625000 0.990827
vt 0.750000 0.990827
vt 0.750000 1.000000
vt 0.625000 1.000000
vt 0.750000 0.990827
vt 0.875000 0.990827
vt 0.875000 1.000000
vt 0.750000 1.000000
vt 0.875000 0.990827
vt 1.000000 0.990827
vt 1.000000 1.000000
vt 0.875000 1.000000
vt 0.880108 0.250000
vt 0.934000 0.250000
vt 0.750000 0.250000
vt 0.750000 0.250000
vt 0.880108 0.250000
vt 0.750000 0.250000
vt 0.619892 0.250000
vt 0.750000 0.250000
vt 0.750000 0.250000
vt 0.566000 0.250000
vt 0.619892 0.250000
vt 0.750000 0.250000
vt 0.619892 0.250000
vt 0.566000 0.250000
vt 0.750000 0.250000
vt 0.750000 0.250000
vt 0.619892 0.250000
vt 0.750000 0.250000
vt 0.880108 0.250000
vt 0.750000 0.250000
vt 0.750000 0.250000
vt 0.934000 0.250000
vt 0.880108 0.250000
vt 0.750000 0.250000
vt 0.750000 0.250000
vt 0.934000 0.250000
vt 0.880108 0.250000
vt 0.750000 0.250000
vt 0.880108 0.250000
vt 0.750000 0.250000
vt 0.750000 0.250000
vt 0.750000 0.250000
vt 0.619892 0.250000
vt 0.750000 0.250000
vt 0.619892 0.250000
vt 0.566000 0.250000
vt 0.750000 0.250000
vt 0.566000 0.250000
vt 0.619892 0.250000
vt 0.750000 0.250000
vt 0.619892 0.250000
vt 0.750000 0.250000
vt 0.750000 0.250000
vt 0.750000 0.250000
vt 0.880108 0.250000
vt 0.750000 0.250000
vt 0.880108 0.250000
vt 0.934000 0.250000
vt 0.020000 0.020000
vt 0.096667 0.020000
vt 0.096667 0.480000
vt 0.020000 0.480000
vt 0.096667 0.020000
vt 0.173333 0.020000
vt 0.173333 0.480000
vt 0.096667 0.480000
vt 0.173333 0.020000
vt 0.250000 0.020000
vt 0.250000 0.480000
vt 0.173333 0.480000
vt 0.250000 0.020000
vt 0.326667 0.020000
vt 0.326667 0.480000
vt 0.250000 0.480000
vt 0.326667 0.020000
vt 0.403333 0.020000
vt 0.403333 0.480000
vt 0.326667 0.480000
vt 0.403333 0.020000
vt 0.480000 0.020000
vt 0.480000 0.480000
vt 0.403333 0.480000
vt 0.020000 0.851200
vt 0.135000 0.851200
vt 0.135000 0.975400
vt 0.020000 0.975400
vt 0.135000 0.851200
vt 0.250000 0.851200
vt 0.250000 0.975400
vt 0.135000 0.975400
vt 0.250000 0.851200
vt 0.365000 0.851200
vt 0.365000 0.975400
vt 0.250000 0.975400
vt 0.365000 0.851200
vt 0.480000 0.851200
vt 0.480000 0.975400
vt 0.365000 0.975400
vt 0.020000 0.740800
vt 0.135000 0.740800
vt 0.135000 0.851200
vt 0.020000 0.851200
vt 0.135000 0.740800
vt 0.250000 0.740800
vt 0.250000 0.851200
vt 0.135000 0.851200
vt 0.250000 0.740800
vt 0.365000 0.740800
vt 0.365000 0.851200
vt 0.250000 0.851200
vt 0.365000 0.740800
vt 0.480000 0.740800
vt 0.480000 0.851200
vt 0.365000 0.851200
vt 0.020000 0.648800
vt 0.135000 0.648800
vt 0.135000 0.740800
vt 0.020000 0.740800
vt 0.135000 0.648800
vt 0.250000 0.648800
vt 0.250000 0.740800
vt 0.135000 0.740800
vt 0.250000 0.648800
vt 0.365000 0.648800
vt 0.365000 0.740800
vt 0.250000 0.740800
vt 0.365000 0.648800
vt 0.480000 0.648800
vt 0.480000 0.740800
vt 0.365000 0.740800
vt 0.020000 0.575200
vt 0.135000 0.575200
vt 0.135000 0.648800
vt 0.020000 0.648800
vt 0.135000 0.575200
vt 0.250000 0.575200
vt 0.250000 0.648800
vt 0.135000 0.648800
vt 0.250000 0.575200
vt 0.365000 0.575200
vt 0.365000 0.648800
vt 0.250000 0.648800
vt 0.365000 0.575200
vt 0.480000 0.575200
vt 0.480000 0.648800
vt 0.365000 0.648800
vt 0.250000 0.980000
vt 0.020000 0.980000
vt 0.135000 0.980000
vt 0.250000 0.980000
vt 0.135000 0.980000
vt 0.250000 0.980000
vt 0.250000 0.980000
vt 0.250000 0.980000
vt 0.365000 0.980000
vt 0.250000 0.980000
vt 0.365000 0.980000
vt 0.020000 0.980000
vt 0.020000 0.750000
vt 0.077500 0.750000
vt 0.077500 0.842000
vt 0.020000 0.842000
vt 0.077500 0.750000
vt 0.135000 0.750000
vt 0.135000 0.842000
vt 0.077500 0.842000
vt 0.135000 0.750000
vt 0.192500 0.750000
vt 0.192500 0.842000
vt 0.135000 0.842000
vt 0.192500 0.750000
vt 0.250000 0.750000
vt 0.250000 0.842000
vt 0.192500 0.842000
vt 0.250000 0.750000
vt 0.307500 0.750000
vt 0.307500 0.842000
vt 0.250000 0.842000
vt 0.307500 0.750000
vt 0.365000 0.750000
vt 0.365000 0.842000
vt 0.307500 0.842000
vt 0.365000 0.750000
vt 0.422500 0.750000
vt 0.422500 0.842000
vt 0.365000 0.842000
vt 0.422500 0.750000
vt 0.480000 0.750000
vt 0.480000 0.842000
vt 0.422500 0.842000
vt 0.000000 0.845773
vt 0.062500 0.845773
vt 0.062500 0.948328
vt 0.000000 0.948328
vt 0.062500 0.845773
vt 0.125000 0.845773
vt 0.125000 0.948328
vt 0.062500 0.948328
vt 0.125000 0.845773
vt 0.187500 0.845773
vt 0.187500 0.948328
vt 0.125000 0.948328
vt 0.187500 0.845773
vt 0.250000 0.845773
vt 0.250000 0.948328
vt 0.187500 0.948328
vt 0.250000 0.845773
vt 0.312500 0.845773
vt 0.312500 0.948328
vt 0.250000 0.948328
vt 0.312500 0.845773
vt 0.375000 0.845773
vt 0.375000 0.948328
vt 0.312500 0.948328
vt 0.375000 0.845773
vt 0.437500 0.845773
vt 0.437500 0.948328
vt 0.375000 0.948328
vt 0.437500 0.845773
vt 0.500000 0.845773
vt 0.500000 0.948328
vt 0.437500 0.948328
vt 0.000000 0.743217
vt 0.062500 0.743217
vt 0.062500 0.845773
vt 0.000000 0.845773
vt 0.062500 0.743217
vt 0.125000 0.743217
vt 0.125000 0.845773
vt 0.062500 0.845773
vt 0.125000 0.743217
vt 0.187500 0.743217
vt 0.187500 0.845773
vt 0.125000 0.845773
vt 0.187500 0.743217
vt 0.250000 0.743217
vt 0.250000 0.845773
vt 0.187500 0.845773
vt 0.250000 0.743217
vt 0.312500 0.743217
vt 0.312500 0.845773
vt 0.250000 0.845773
vt 0.312500 0.743217
vt 0.375000 0.743217
vt 0.375000 0.845773
vt 0.312500 0.845773
vt 0.375000 0.743217
vt 0.437500 0.743217
vt 0.437500 0.845773
vt 0.375000 0.845773
vt 0.437500 0.743217
vt 0.500000 0.743217
vt 0.500000 0.845773
vt 0.437500 0.845773
vt 0.000000 0.640662
vt 0.062500 0.640662
vt 0.062500 0.743217
vt 0.000000 0.743217
vt 0.062500 0.640662
vt 0.125000 0.640662
vt 0.125000 0.743217
vt 0.062500 0.743217
vt 0.125000 0.640662
vt 0.187500 0.640662
vt 0.187500 0.743217
vt 0.125000 0.743217
vt 0.187500 0.640662
vt 0.250000 0.640662
vt 0.250000 0.743217
vt 0.187500 0.743217
vt 0.250000 0.640662
vt 0.312500 0.640662
vt 0.312500 0.743217
vt 0.250000 0.743217
vt 0.312500 0.640662
vt 0.375000 0.640662
vt 0.375000 0.743217
vt 0.312500 0.743217
vt 0.375000 0.640662
vt 0.437500 0.640662
vt 0.437500 0.743217
vt 0.375000 0.743217
vt 0.437500 0.640662
vt 0.500000 0.640662
vt 0.500000 0.743217
vt 0.437500 0.743217
vt 0.000000 0.538106
vt 0.062500 0.538106
vt 0.062500 0.640662
vt 0.000000 0.640662
vt 0.062500 0.538106
vt 0.125000 0.538106
vt 0.125000 0.640662
vt 0.062500 0.640662
vt 0.125000 0.538106
vt 0.187500 0.538106
vt 0.187500 0.640662
vt 0.125000 0.640662
vt 0.187500 0.538106
vt 0.250000 0.538106
vt 0.250000 0.640662
vt 0.187500 0.640662
vt 0.250000 0.538106
vt 0.312500 0.538106
vt 0.312500 0.640662
vt 0.250000 0.640662
vt 0.312500 0.538106
vt 0.375000 0.538106
vt 0.375000 0.640662
vt 0.312500 0.640662
vt 0.375000 0.538106
vt 0.437500 0.538106
vt 0.437500 0.640662
vt 0.375000 0.640662
vt 0.437500 0.538106
vt 0.500000 0.538106
vt 0.500000 0.640662
vt 0.437500 0.640662
vt 0.000000 0.435551
vt 0.062500 0.435551
vt 0.062500 0.538106
vt 0.000000 0.538106
vt 0.062500 0.435551
vt 0.125000 0.435551
vt 0.125000 0.538106
vt 0.062500 0.538106
vt 0.125000 0.435551
vt 0.187500 0.435551
vt 0.187500 0.538106
vt 0.125000 0.538106
vt 0.187500 0.435551
vt 0.250000 0.435551
vt 0.250000 0.538106
vt 0.187500 0.538106
vt 0.250000 0.435551
vt 0.312500 0.435551
vt 0.312500 0.538106
vt 0.250000 0.538106
vt 0.312500 0.435551
vt 0.375000 0.435551
vt 0.375000 0.538106
vt 0.312500 0.538106
vt 0.375000 0.435551
vt 0.437500 0.435551
vt 0.437500 0.538106
vt 0.375000 0.538106
vt 0.437500 0.435551
vt 0.500000 0.435551
vt 0.500000 0.538106
vt 0.437500 0.538106
vt 0.000000 0.332996
vt 0.062500 0.332996
vt 0.062500 0.435551
vt 0.000000 0.435551
vt 0.062500 0.332996
vt 0.125000 0.332996
vt 0.125000 0.435551
vt 0.062500 0.435551
vt 0.125000 0.332996
vt 0.187500 0.332996
vt 0.187500 0.435551
vt 0.125000 0.435551
vt 0.187500 0.332996
vt 0.250000 0.332996
vt 0.250000 0.435551
vt 0.187500 0.435551
vt 0.250000 0.332996
vt 0.312500 0.332996
vt 0.312500 0.435551
vt 0.250000 0.435551
vt 0.312500 0.332996
vt 0.375000 0.332996
vt 0.375000 0.435551
vt 0.312500 0.435551
vt 0.375000 0.332996
vt 0.437500 0.332996
vt 0.437500 0.435551
vt 0.375000 0.435551
vt 0.437500 0.332996
vt 0.500000 0.332996
vt 0.500000 0.435551
vt 0.437500 0.435551
vt 0.000000 0.230440
vt 0.062500 0.230440
vt 0.062500 0.332996
vt 0.000000 0.332996
vt 0.062500 0.230440
vt 0.125000 0.230440
vt 0.125000 0.332996
vt 0.062500 0.332996
vt 0.125000 0.230440
vt 0.187500 0.230440
vt 0.187500 0.332996
vt 0.125000 0.332996
vt 0.187500 0.230440
vt 0.250000 0.230440
vt 0.250000 0.332996
vt 0.187500 0.332996
vt 0.250000 0.230440
vt 0.312500 0.230440
vt 0.312500 0.332996
vt 0.250000 0.332996
vt 0.312500 0.230440
vt 0.375000 0.230440
vt 0.375000 0.332996
vt 0.312500 0.332996
vt 0.375000 0.230440
vt 0.437500 0.230440
vt 0.437500 0.332996
vt 0.375000 0.332996
vt 0.437500 0.230440
vt 0.500000 0.230440
vt 0.500000 0.332996
vt 0.437500 0.332996
vt 0.000000 0.127885
vt 0.062500 0.127885
vt 0.062500 0.230440
vt 0.000000 0.230440
vt 0.062500 0.127885
vt 0.125000 0.127885
vt 0.125000 0.230440
vt 0.062500 0.230440
vt 0.125000 0.127885
vt 0.187500 0.127885
vt 0.187500 0.230440
vt 0.125000 0.230440
vt 0.187500 0.127885
vt 0.250000 0.127885
vt 0.250000 0.230440
vt 0.187500 0.230440
vt 0.250000 0.127885
vt 0.312500 0.127885
vt 0.312500 0.230440
vt 0.250000 0.230440
vt 0.312500 0.127885
vt 0.375000 0.127885
vt 0.375000 0.230440
vt 0.312500 0.230440
vt 0.375000 0.127885
vt 0.437500 0.127885
vt 0.437500 0.230440
vt 0.375000 0.230440
vt 0.437500 0.127885
vt 0.500000 0.127885
vt 0.500000 0.230440
vt 0.437500 0.230440
vt 0.000000 0.025329
vt 0.062500 0.025329
vt 0.062500 0.127885
vt 0.000000 0.127885
vt 0.062500 0.025329
vt 0.125000 0.025329
vt 0.125000 0.127885
vt 0.062500 0.127885
vt 0.125000 0.025329
vt 0.187500 0.025329
vt 0.187500 0.127885
vt 0.125000 0.127885
vt 0.187500 0.025329
vt 0.250000 0.025329
vt 0.250000 0.127885
vt 0.187500 0.127885
vt 0.250000 0.025329
vt 0.312500 0.025329
vt 0.312500 0.127885
vt 0.250000 0.127885
vt 0.312500 0.025329
vt 0.375000 0.025329
vt 0.375000 0.127885
vt 0.312500 0.127885
vt 0.375000 0.025329
vt 0.437500 0.025329
vt 0.437500 0.127885
vt 0.375000 0.127885
vt 0.437500 0.025329
vt 0.500000 0.025329
vt 0.500000 0.127885
vt 0.437500 0.127885
vt 0.520000 0.158000
vt 0.577500 0.158000
vt 0.577500 0.480000
vt 0.520000 0.480000
vt 0.577500 0.158000
vt 0.635000 0.158000
vt 0.635000 0.480000
vt 0.577500 0.480000
vt 0.635000 0.158000
vt 0.692500 0.158000
vt 0.692500 0.480000
vt 0.635000 0.480000
vt 0.692500 0.158000
vt 0.750000 0.158000
vt 0.750000 0.480000
vt 0.692500 0.480000
vt 0.750000 0.158000
vt 0.807500 0.158000
vt 0.807500 0.480000
vt 0.750000 0.480000
vt 0.807500 0.158000
vt 0.865000 0.158000
vt 0.865000 0.480000
vt 0.807500 0.480000
vt 0.865000 0.158000
vt 0.922500 0.158000
vt 0.922500 0.480000
vt 0.865000 0.480000
vt 0.922500 0.158000
vt 0.980000 0.158000
vt 0.980000 0.480000
vt 0.922500 0.480000
vt 0.520000 0.020000
vt 0.577500 0.020000
vt 0.577500 0.158000
vt 0.520000 0.158000
vt 0.577500 0.020000
vt 0.635000 0.020000
vt 0.635000 0.158000
vt 0.577500 0.158000
vt 0.635000 0.020000
vt 0.692500 0.020000
vt 0.692500 0.158000
vt 0.635000 0.158000
vt 0.692500 0.020000
vt 0.750000 0.020000
vt 0.750000 0.158000
vt 0.692500 0.158000
vt 0.750000 0.020000
vt 0.807500 0.020000
vt 0.807500 0.158000
vt 0.750000 0.158000
vt 0.807500 0.020000
vt 0.865000 0.020000
vt 0.865000 0.158000
vt 0.807500 0.158000
vt 0.865000 0.020000
vt 0.922500 0.020000
vt 0.922500 0.158000
vt 0.865000 0.158000
vt 0.922500 0.020000
vt 0.980000 0.020000
vt 0.980000 0.158000
vt 0.922500 0.158000
vt 0.750000 0.250000
vt 0.750000 0.250000
vt 0.750000 0.250000
vt 0.750000 0.250000
vt 0.750000 0.250000
vt 0.750000 0.250000
vt 0.750000 0.250000
vt 0.750000 0.250000
vt 0.750000 0.250000
vt 0.750000 0.250000
vt 0.750000 0.250000
vt 0.750000 0.250000
vt 0.750000 0.250000
vt 0.750000 0.250000
vt 0.750000 0.250000
vt 0.750000 0.250000
vt 0.750000 0.250000
vt 0.750000 0.250000
vt 0.750000 0.250000
vt 0.750000 0.250000
vt 0.750000 0.250000
vt 0.750000 0.250000
vt 0.750000 0.250000
vt 0.750000 0.250000
vt 0.990000 1.000000
vt 0.990000 0.833333
vt 0.500000 0.833333
vt 0.500000 1.000000
vt 0.500000 1.000000
vt 0.500000 0.833333
vt 0.990000 0.833333
vt 0.990000 1.000000
vt 0.990000 0.833333
vt 0.990000 0.666667
vt 0.500000 0.666667
vt 0.500000 0.833333
vt 0.500000 0.833333
vt 0.500000 0.666667
vt 0.990000 0.666667
vt 0.990000 0.833333
vt 0.990000 0.666667
vt 0.990000 0.500000
vt 0.500000 0.500000
vt 0.500000 0.666667
vt 0.500000 0.666667
vt 0.500000 0.500000
vt 0.990000 0.500000
vt 0.990000 0.666667
vt 0.990000 0.500000
vt 0.990000 0.333333
vt 0.500000 0.333333
vt 0.500000 0.500000
vt 0.500000 0.500000
vt 0.500000 0.333333
vt 0.990000 0.333333
vt 0.990000 0.500000
vt 0.990000 0.333333
vt 0.990000 0.166667
vt 0.500000 0.166667
vt 0.500000 0.333333
vt 0.500000 0.333333
vt 0.500000 0.166667
vt 0.990000 0.166667
vt 0.990000 0.333333
vt 0.990000 0.166667
vt 0.990000 0.000000
vt 0.500000 0.000000
vt 0.500000 0.166667
vt 0.500000 0.166667
vt 0.500000 0.000000
vt 0.990000 0.000000
vt 0.990000 0.166667
vt 0.990000 1.000000
vt 0.990000 0.833333
vt 0.500000 0.833333
vt 0.500000 1.000000
vt 0.500000 1.000000
vt 0.500000 0.833333
vt 0.990000 0.833333
vt 0.990000 1.000000
vt 0.990000 0.833333
vt 0.990000 0.666667
vt 0.500000 0.666667
vt 0.500000 0.833333
vt 0.500000 0.833333
vt 0.500000 0.666667
vt 0.990000 0.666667
vt 0.990000 0.833333
vt 0.990000 0.666667
vt 0.990000 0.500000
vt 0.500000 0.500000
vt 0.500000 0.666667
vt 0.500000 0.666667
vt 0.500000 0.500000
vt 0.990000 0.500000
vt 0.990000 0.666667
vt 0.990000 0.500000
vt 0.990000 0.333333
vt 0.500000 0.333333
vt 0.500000 0.500000
vt 0.500000 0.500000
vt 0.500000 0.333333
vt 0.990000 0.333333
vt 0.990000 0.500000
vt 0.990000 0.333333
vt 0.990000 0.166667
vt 0.500000 0.166667
vt 0.500000 0.333333
vt 0.500000 0.333333
vt 0.500000 0.166667
vt 0.990000 0.166667
vt 0.990000 0.333333
vt 0.990000 0.166667
vt 0.990000 0.000000
vt 0.500000 0.000000
vt 0.500000 0.166667
vt 0.500000 0.166667
vt 0.500000 0.000000
vt 0.990000 0.000000
vt 0.990000 0.166667
vt 0.990000 1.000000
vt 0.990000 0.833333
vt 0.500000 0.833333
vt 0.500000 1.000000
vt 0.500000 1.000000
vt 0.500000 0.833333
vt 0.990000 0.833333
vt 0.990000 1.000000
vt 0.990000 0.833333
vt 0.990000 0.666667
vt 0.500000 0.666667
vt 0.500000 0.833333
vt 0.500000 0.833333
vt 0.500000 0.666667
vt 0.990000 0.666667
vt 0.990000 0.833333
vt 0.990000 0.666667
vt 0.990000 0.500000
vt 0.500000 0.500000
vt 0.500000 0.666667
vt 0.500000 0.666667
vt 0.500000 0.500000
vt 0.990000 0.500000
vt 0.990000 0.666667
vt 0.990000 0.500000
vt 0.990000 0.333333
vt 0.500000 0.333333
vt 0.500000 0.500000
vt 0.500000 0.500000
vt 0.500000 0.333333
vt 0.990000 0.333333
vt 0.990000 0.500000
vt 0.990000 0.333333
vt 0.990000 0.166667
vt 0.500000 0.166667
vt 0.500000 0.333333
vt 0.500000 0.333333
vt 0.500000 0.166667
vt 0.990000 0.166667
vt 0.990000 0.333333
vt 0.990000 0.166667
vt 0.990000 0.000000
vt 0.500000 0.000000
vt 0.500000 0.166667
vt 0.500000 0.166667
vt 0.500000 0.000000
vt 0.990000 0.000000
vt 0.990000 0.166667
vn -0.822848 -0.473406 0.314338
vn -0.387258 -0.227784 0.893390
vn -0.420792 -0.144340 0.895601
vn -0.900073 -0.298910 0.317051
vn -0.387258 -0.227784 0.893390
vn 0.392009 0.218083 0.893739
vn 0.423549 0.134524 0.895829
vn -0.420792 -0.144340 0.895601
vn 0.392009 0.218083 0.893739
vn 0.824975 0.469567 0.314520
vn 0.900618 0.297311 0.317007
vn 0.423549 0.134524 0.895829
vn 0.824975 0.469567 0.314520
vn 0.824975 0.469567 -0.314520
vn 0.900618 0.297311 -0.317007
vn 0.900618 0.297311 0.317007
vn 0.824975 0.469567 -0.314520
vn 0.392009 0.218083 -0.893739
vn 0.423549 0.134524 -0.895829
vn 0.900618 0.297311 -0.317007
vn 0.392009 0.218083 -0.893739
vn -0.387258 -0.227784 -0.893390
vn -0.420792 -0.144340 -0.895601
vn 0.423549 0.134524 -0.895829
vn -0.387258 -0.227784 -0.893390
vn -0.822848 -0.473406 -0.314338
vn -0.900073 -0.298910 -0.317051
vn -0.420792 -0.144340 -0.895601
vn -0.822848 -0.473406 -0.314338
vn -0.822848 -0.473406 0.314338
vn -0.900073 -0.298910 0.317051
vn -0.900073 -0.298910 -0.317051
vn -0.900073 -0.298910 0.317051
vn -0.420792 -0.144340 0.895601
vn -0.430675 0.071127 0.899700
vn -0.932005 0.163998 0.323220
vn -0.420792 -0.144340 0.895601
vn 0.423549 0.134524 0.895829
vn 0.427127 -0.086292 0.900065
vn -0.430675 0.071127 0.899700
vn 0.423549 0.134524 0.895829
vn 0.900618 0.297311 0.317007
vn 0.929022 -0.178389 0.324183
vn 0.427127 -0.086292 0.900065
vn 0.900618 0.297311 0.317007
vn 0.900618 0.297311 -0.317007
vn 0.929022 -0.178389 -0.324183
vn 0.929022 -0.178389 0.324183
vn 0.900618 0.297311 -0.317007
vn 0.423549 0.134524 -0.895829
vn 0.427127 -0.086292 -0.900065
vn 0.929022 -0.178389 -0.324183
vn 0.423549 0.134524 -0.895829
vn -0.420792 -0.144340 -0.895601
vn -0.430675 0.071127 -0.899700
vn 0.427127 -0.086292 -0.900065
vn -0.420792 -0.144340 -0.895601
vn -0.900073 -0.298910 -0.317051
vn -0.932005 0.163998 -0.323220
vn -0.430675 0.071127 -0.899700
vn -0.900073 -0.298910 -0.317051
vn -0.900073 -0.298910 0.317051
vn -0.932005 0.163998 0.323220
vn -0.932005 0.163998 -0.323220
vn -0.932005 0.163998 0.323220
vn -0.430675 0.071127 0.899700
vn -0.402132 0.197335 0.894063
vn -0.848194 0.425634 0.315282
vn -0.430675 0.071127 0.899700
vn 0.427127 -0.086292 0.900065
vn 0.394683 -0.213735 0.893612
vn -0.402132 0.197335 0.894063
vn 0.427127 -0.086292 0.900065
vn 0.929022 -0.178389 0.324183
vn 0.838584 -0.444636 0.314764
vn 0.394683 -0.213735 0.893612
vn 0.929022 -0.178389 0.324183
vn 0.929022 -0.178389 -0.324183
vn 0.838584 -0.444636 -0.314764
vn 0.838584 -0.444636 0.314764
vn 0.929022 -0.178389 -0.324183
vn 0.427127 -0.086292 -0.900065
vn 0.394683 -0.213735 -0.893612
vn 0.838584 -0.444636 -0.314764
vn 0.427127 -0.086292 -0.900065
vn -0.430675 0.071127 -0.899700
vn -0.402132 0.197335 -0.894063
vn 0.394683 -0.213735 -0.893612
vn -0.430675 0.071127 -0.899700
vn -0.932005 0.163998 -0.323220
vn -0.848194 0.425634 -0.315282
vn -0.402132 0.197335 -0.894063
vn -0.932005 0.163998 -0.323220
vn -0.932005 0.163998 0.323220
vn -0.848194 0.425634 0.315282
vn -0.848194 0.425634 -0.315282
vn -0.848194 0.425634 0.315282
vn -0.402132 0.197335 0.894063
vn -0.402927 0.190953 0.895091
vn -0.852918 0.414262 0.317675
vn -0.402132 0.197335 0.894063
vn 0.394683 -0.213735 0.893612
vn 0.396589 -0.203791 0.895090
vn -0.402927 0.190953 0.895091
vn 0.394683 -0.213735 0.893612
vn 0.838584 -0.444636 0.314764
vn 0.847479 -0.425278 0.317674
vn 0.396589 -0.203791 0.895090
vn 0.838584 -0.444636 0.314764
vn 0.838584 -0.444636 -0.314764
vn 0.847479 -0.425278 -0.317674
vn 0.847479 -0.425278 0.317674
vn 0.838584 -0.444636 -0.314764
vn 0.394683 -0.213735 -0.893612
vn 0.396589 -0.203791 -0.895090
vn 0.847479 -0.425278 -0.317674
vn 0.394683 -0.213735 -0.893612
vn -0.402132 0.197335 -0.894063
vn -0.402927 0.190953 -0.895091
vn 0.396589 -0.203791 -0.895090
vn -0.402132 0.197335 -0.894063
vn -0.848194 0.425634 -0.315282
vn -0.852918 0.414262 -0.317675
vn -0.402927 0.190953 -0.895091
vn -0.848194 0.425634 -0.315282
vn -0.848194 0.425634 0.315282
vn -0.852918 0.414262 0.317675
vn -0.852918 0.414262 -0.317675
vn -0.852918 0.414262 0.317675
vn -0.402927 0.190953 0.895091
vn -0.405900 0.183794 0.895246
vn -0.859853 0.399407 0.318006
vn -0.402927 0.190953 0.895091
vn 0.396589 -0.203791 0.895090
vn 0.399734 -0.196846 0.895245
vn -0.405900 0.183794 0.895246
vn 0.396589 -0.203791 0.895090
vn 0.847479 -0.425278 0.317674
vn 0.854559 -0.410610 0.318005
vn 0.399734 -0.196846 0.895245
vn 0.847479 -0.425278 0.317674
vn 0.847479 -0.425278 -0.317674
vn 0.854559 -0.410610 -0.318005
vn 0.854559 -0.410610 0.318005
vn 0.847479 -0.425278 -0.317674
vn 0.396589 -0.203791 -0.895090
vn 0.399734 -0.196846 -0.895245
vn 0.854559 -0.410610 -0.318005
vn 0.396589 -0.203791 -0.895090
vn -0.402927 0.190953 -0.895091
vn -0.405900 0.183794 -0.895246
vn 0.399734 -0.196846 -0.895245
vn -0.402927 0.190953 -0.895091
vn -0.852918 0.414262 -0.317675
vn -0.859853 0.399407 -0.318006
vn -0.405900 0.183794 -0.895246
vn -0.852918 0.414262 -0.317675
vn -0.852918 0.414262 0.317675
vn -0.859853 0.399407 0.318006
vn -0.859853 0.399407 -0.318006
vn -0.859853 0.399407 0.318006
vn -0.405900 0.183794 0.895246
vn -0.408766 0.176571 0.895395
vn -0.866554 0.384388 0.318325
vn -0.405900 0.183794 0.895246
vn 0.399734 -0.196846 0.895245
vn 0.402779 -0.189833 0.895395
vn -0.408766 0.176571 0.895395
vn 0.399734 -0.196846 0.895245
vn 0.854559 -0.410610 0.318005
vn 0.861413 -0.395774 0.318325
vn 0.402779 -0.189833 0.895395
vn 0.854559 -0.410610 0.318005
vn 0.854559 -0.410610 -0.318005
vn 0.861413 -0.395774 -0.318325
vn 0.861413 -0.395774 0.318325
vn 0.854559 -0.410610 -0.318005
vn 0.399734 -0.196846 -0.895245
vn 0.402779 -0.189833 -0.895395
vn 0.861413 -0.395774 -0.318325
vn 0.399734 -0.196846 -0.895245
vn -0.405900 0.183794 -0.895246
vn -0.408766 0.176571 -0.895395
vn 0.402779 -0.189833 -0.895395
vn -0.405900 0.183794 -0.895246
vn -0.859853 0.399407 -0.318006
vn -0.866554 0.384388 -0.318325
vn -0.408766 0.176571 -0.895395
vn -0.859853 0.399407 -0.318006
vn -0.859853 0.399407 0.318006
vn -0.866554 0.384388 0.318325
vn -0.866554 0.384388 -0.318325
vn -0.866554 0.384388 0.318325
vn -0.408766 0.176571 0.895395
vn -0.411520 0.169293 0.895540
vn -0.873011 0.369223 0.318633
vn -0.408766 0.176571 0.895395
vn 0.402779 -0.189833 0.895395
vn 0.405720 -0.182758 0.895539
vn -0.411520 0.169293 0.895540
vn 0.402779 -0.189833 0.895395
vn 0.861413 -0.395774 0.318325
vn 0.868029 -0.380787 0.318633
vn 0.405720 -0.182758 0.895539
vn 0.861413 -0.395774 0.318325
vn 0.861413 -0.395774 -0.318325
vn 0.868029 -0.380787 -0.318633
vn 0.868029 -0.380787 0.318633
vn 0.861413 -0.395774 -0.318325
vn 0.402779 -0.189833 -0.895395
vn 0.405720 -0.182758 -0.895539
vn 0.868029 -0.380787 -0.318633
vn 0.402779 -0.189833 -0.895395
vn -0.408766 0.176571 -0.895395
vn -0.411520 0.169293 -0.895540
vn 0.405720 -0.182758 -0.895539
vn -0.408766 0.176571 -0.895395
vn -0.866554 0.384388 -0.318325
vn -0.873011 0.369223 -0.318633
vn -0.411520 0.169293 -0.895540
vn -0.866554 0.384388 -0.318325
vn -0.866554 0.384388 0.318325
vn -0.873011 0.369223 0.318633
vn -0.873011 0.369223 -0.318633
vn -0.873011 0.369223 0.318633
vn -0.411520 0.169293 0.895540
vn -0.414156 0.161968 0.895679
vn -0.879214 0.353931 0.318931
vn -0.411520 0.169293 0.895540
vn 0.405720 -0.182758 0.895539
vn 0.408551 -0.175629 0.895679
vn -0.414156 0.161968 0.895679
vn 0.405720 -0.182758 0.895539
vn 0.868029 -0.380787 0.318633
vn 0.874397 -0.365667 0.318930
vn 0.408551 -0.175629 0.895679
vn 0.868029 -0.380787 0.318633
vn 0.868029 -0.380787 -0.318633
vn 0.874397 -0.365667 -0.318930
vn 0.874397 -0.365667 0.318930
vn 0.868029 -0.380787 -0.318633
vn 0.405720 -0.182758 -0.895539
vn 0.408551 -0.175629 -0.895679
vn 0.874397 -0.365667 -0.318930
vn 0.405720 -0.182758 -0.895539
vn -0.411520 0.169293 -0.895540
vn -0.414156 0.161968 -0.895679
vn 0.408551 -0.175629 -0.895679
vn -0.411520 0.169293 -0.895540
vn -0.873011 0.369223 -0.318633
vn -0.879214 0.353931 -0.318931
vn -0.414156 0.161968 -0.895679
vn -0.873011 0.369223 -0.318633
vn -0.873011 0.369223 0.318633
vn -0.879214 0.353931 0.318931
vn -0.879214 0.353931 -0.318931
vn -0.879214 0.353931 0.318931
vn -0.414156 0.161968 0.895679
vn -0.416670 0.154608 0.895814
vn -0.885151 0.338538 0.319218
vn -0.414156 0.161968 0.895679
vn 0.408551 -0.175629 0.895679
vn 0.411266 -0.168459 0.895814
vn -0.416670 0.154608 0.895814
vn 0.408551 -0.175629 0.895679
vn 0.874397 -0.365667 0.318930
vn 0.880506 -0.350441 0.319218
vn 0.411266 -0.168459 0.895814
vn 0.874397 -0.365667 0.318930
vn 0.874397 -0.365667 -0.318930
vn 0.880506 -0.350441 -0.319218
vn 0.880506 -0.350441 0.319218
vn 0.874397 -0.365667 -0.318930
vn 0.408551 -0.175629 -0.895679
vn 0.411266 -0.168459 -0.895814
vn 0.880506 -0.350441 -0.319218
vn 0.408551 -0.175629 -0.895679
vn -0.414156 0.161968 -0.895679
vn -0.416670 0.154608 -0.895814
vn 0.411266 -0.168459 -0.895814
vn -0.414156 0.161968 -0.895679
vn -0.879214 0.353931 -0.318931
vn -0.885151 0.338538 -0.319218
vn -0.416670 0.154608 -0.895814
vn -0.879214 0.353931 -0.318931
vn -0.879214 0.353931 0.318931
vn -0.885151 0.338538 0.319218
vn -0.885151 0.338538 -0.319218
vn -0.885151 0.338538 0.319218
vn -0.416670 0.154608 0.895814
vn -0.419058 0.147222 0.895944
vn -0.890815 0.323065 0.319497
vn -0.416670 0.154608 0.895814
vn 0.411266 -0.168459 0.895814
vn 0.413861 -0.161257 0.895944
vn -0.419058 0.147222 0.895944
vn 0.411266 -0.168459 0.895814
vn 0.880506 -0.350441 0.319218
vn 0.886347 -0.335128 0.319497
vn 0.413861 -0.161257 0.895944
vn 0.880506 -0.350441 0.319218
vn 0.880506 -0.350441 -0.319218
vn 0.886347 -0.335128 -0.319497
vn 0.886347 -0.335128 0.319497
vn 0.880506 -0.350441 -0.319218
vn 0.411266 -0.168459 -0.895814
vn 0.413861 -0.161257 -0.895944
vn 0.886347 -0.335128 -0.319497
vn 0.411266 -0.168459 -0.895814
vn -0.416670 0.154608 -0.895814
vn -0.419058 0.147222 -0.895944
vn 0.413861 -0.161257 -0.895944
vn -0.416670 0.154608 -0.895814
vn -0.885151 0.338538 -0.319218
vn -0.890815 0.323065 -0.319497
vn -0.419058 0.147222 -0.895944
vn -0.885151 0.338538 -0.319218
vn -0.885151 0.338538 0.319218
vn -0.890815 0.323065 0.319497
vn -0.890815 0.323065 -0.319497
vn -0.890815 0.323065 0.319497
vn -0.419058 0.147222 0.895944
vn -0.421318 0.139822 0.896070
vn -0.896198 0.307536 0.319766
vn -0.419058 0.147222 0.895944
vn 0.413861 -0.161257 0.895944
vn 0.416333 -0.154032 0.896070
vn -0.421318 0.139822 0.896070
vn 0.413861 -0.161257 0.895944
vn 0.886347 -0.335128 0.319497
vn 0.891912 -0.319753 0.319766
vn 0.416333 -0.154032 0.896070
vn 0.886347 -0.335128 0.319497
vn 0.886347 -0.335128 -0.319497
vn 0.891912 -0.319753 -0.319766
vn 0.891912 -0.319753 0.319766
vn 0.886347 -0.335128 -0.319497
vn 0.413861 -0.161257 -0.895944
vn 0.416333 -0.154032 -0.896070
vn 0.891912 -0.319753 -0.319766
vn 0.413861 -0.161257 -0.895944
vn -0.419058 0.147222 -0.895944
vn -0.421318 0.139822 -0.896070
vn 0.416333 -0.154032 -0.896070
vn -0.419058 0.147222 -0.895944
vn -0.890815 0.323065 -0.319497
vn -0.896198 0.307536 -0.319766
vn -0.421318 0.139822 -0.896070
vn -0.890815 0.323065 -0.319497
vn -0.890815 0.323065 0.319497
vn -0.896198 0.307536 0.319766
vn -0.896198 0.307536 -0.319766
vn -0.896198 0.307536 0.319766
vn -0.421318 0.139822 0.896070
vn -0.423445 0.132420 0.896192
vn -0.901294 0.291978 0.320027
vn -0.421318 0.139822 0.896070
vn 0.416333 -0.154032 0.896070
vn 0.418678 -0.146797 0.896192
vn -0.423445 0.132420 0.896192
vn 0.416333 -0.154032 0.896070
vn 0.891912 -0.319753 0.319766
vn 0.897195 -0.304341 0.320027
vn 0.418678 -0.146797 0.896192
vn 0.891912 -0.319753 0.319766
vn 0.891912 -0.319753 -0.319766
vn 0.897195 -0.304341 -0.320027
vn 0.897195 -0.304341 0.320027
vn 0.891912 -0.319753 -0.319766
vn 0.416333 -0.154032 -0.896070
vn 0.418678 -0.146797 -0.896192
vn 0.897195 -0.304341 -0.320027
vn 0.416333 -0.154032 -0.896070
vn -0.421318 0.139822 -0.896070
vn -0.423445 0.132420 -0.896192
vn 0.418678 -0.146797 -0.896192
vn -0.421318 0.139822 -0.896070
vn -0.896198 0.307536 -0.319766
vn -0.901294 0.291978 -0.320027
vn -0.423445 0.132420 -0.896192
vn -0.896198 0.307536 -0.319766
vn -0.896198 0.307536 0.319766
vn -0.901294 0.291978 0.320027
vn -0.901294 0.291978 -0.320027
vn -0.901294 0.291978 0.320027
vn -0.423445 0.132420 0.896192
vn -0.425437 0.125028 0.896310
vn -0.906099 0.276417 0.320279
vn -0.423445 0.132420 0.896192
vn 0.418678 -0.146797 0.896192
vn 0.420893 -0.139563 0.896310
vn -0.425437 0.125028 0.896310
vn 0.418678 -0.146797 0.896192
vn 0.897195 -0.304341 0.320027
vn 0.902190 -0.288920 0.320279
vn 0.420893 -0.139563 0.896310
vn 0.897195 -0.304341 0.320027
vn 0.897195 -0.304341 -0.320027
vn 0.902190 -0.288920 -0.320279
vn 0.902190 -0.288920 0.320279
vn 0.897195 -0.304341 -0.320027
vn 0.418678 -0.146797 -0.896192
vn 0.420893 -0.139563 -0.896310
vn 0.902190 -0.288920 -0.320279
vn 0.418678 -0.146797 -0.896192
vn -0.423445 0.132420 -0.896192
vn -0.425437 0.125028 -0.896310
vn 0.420893 -0.139563 -0.896310
vn -0.423445 0.132420 -0.896192
vn -0.901294 0.291978 -0.320027
vn -0.906099 0.276417 -0.320279
vn -0.425437 0.125028 -0.896310
vn -0.901294 0.291978 -0.320027
vn -0.901294 0.291978 0.320027
vn -0.906099 0.276417 0.320279
vn -0.906099 0.276417 -0.320279
vn -0.906099 0.276417 0.320279
vn -0.425437 0.125028 0.896310
vn -0.427294 0.117659 0.896424
vn -0.910607 0.260883 0.320524
vn -0.425437 0.125028 0.896310
vn 0.420893 -0.139563 0.896310
vn 0.422976 -0.132344 0.896424
vn -0.427294 0.117659 0.896424
vn 0.420893 -0.139563 0.896310
vn 0.902190 -0.288920 0.320279
vn 0.906892 -0.273517 0.320524
vn 0.422976 -0.132344 0.896424
vn 0.902190 -0.288920 0.320279
vn 0.902190 -0.288920 -0.320279
vn 0.906892 -0.273517 -0.320524
vn 0.906892 -0.273517 0.320524
vn 0.902190 -0.288920 -0.320279
vn 0.420893 -0.139563 -0.896310
vn 0.422976 -0.132344 -0.896424
vn 0.906892 -0.273517 -0.320524
vn 0.420893 -0.139563 -0.896310
vn -0.425437 0.125028 -0.896310
vn -0.427294 0.117659 -0.896424
vn 0.422976 -0.132344 -0.896424
vn -0.425437 0.125028 -0.896310
vn -0.906099 0.276417 -0.320279
vn -0.910607 0.260883 -0.320524
vn -0.427294 0.117659 -0.896424
vn -0.906099 0.276417 -0.320279
vn -0.906099 0.276417 0.320279
vn -0.910607 0.260883 0.320524
vn -0.910607 0.260883 -0.320524
vn -0.910607 0.260883 0.320524
vn -0.427294 0.117659 0.896424
vn -0.429015 0.110325 0.896535
vn -0.914817 0.245401 0.320762
vn -0.427294 0.117659 0.896424
vn 0.422976 -0.132344 0.896424
vn 0.424926 -0.125151 0.896535
vn -0.429015 0.110325 0.896535
vn 0.422976 -0.132344 0.896424
vn 0.906892 -0.273517 0.320524
vn 0.911299 -0.258160 0.320762
vn 0.424926 -0.125151 0.896535
vn 0.906892 -0.273517 0.320524
vn 0.906892 -0.273517 -0.320524
vn 0.911299 -0.258160 -0.320762
vn 0.911299 -0.258160 0.320762
vn 0.906892 -0.273517 -0.320524
vn 0.422976 -0.132344 -0.896424
vn 0.424926 -0.125151 -0.896535
vn 0.911299 -0.258160 -0.320762
vn 0.422976 -0.132344 -0.896424
vn -0.427294 0.117659 -0.896424
vn -0.429015 0.110325 -0.896535
vn 0.424926 -0.125151 -0.896535
vn -0.427294 0.117659 -0.896424
vn -0.910607 0.260883 -0.320524
vn -0.914817 0.245401 -0.320762
vn -0.429015 0.110325 -0.896535
vn -0.910607 0.260883 -0.320524
vn -0.910607 0.260883 0.320524
vn -0.914817 0.245401 0.320762
vn -0.914817 0.245401 -0.320762
vn -0.914817 0.245401 0.320762
vn -0.429015 0.110325 0.896535
vn -0.430599 0.103038 0.896642
vn -0.918730 0.230000 0.320992
vn -0.429015 0.110325 0.896535
vn 0.424926 -0.125151 0.896535
vn 0.426743 -0.117997 0.896642
vn -0.430599 0.103038 0.896642
vn 0.424926 -0.125151 0.896535
vn 0.911299 -0.258160 0.320762
vn 0.915410 -0.242875 0.320992
vn 0.426743 -0.117997 0.896642
vn 0.911299 -0.258160 0.320762
vn 0.911299 -0.258160 -0.320762
vn 0.915410 -0.242875 -0.320992
vn 0.915410 -0.242875 0.320992
vn 0.911299 -0.258160 -0.320762
vn 0.424926 -0.125151 -0.896535
vn 0.426743 -0.117997 -0.896642
vn 0.915410 -0.242875 -0.320992
vn 0.424926 -0.125151 -0.896535
vn -0.429015 0.110325 -0.896535
vn -0.430599 0.103038 -0.896642
vn 0.426743 -0.117997 -0.896642
vn -0.429015 0.110325 -0.896535
vn -0.914817 0.245401 -0.320762
vn -0.918730 0.230000 -0.320992
vn -0.430599 0.103038 -0.896642
vn -0.914817 0.245401 -0.320762
vn -0.914817 0.245401 0.320762
vn -0.918730 0.230000 0.320992
vn -0.918730 0.230000 -0.320992
vn -0.918730 0.230000 0.320992
vn -0.430599 0.103038 0.896642
vn -0.432048 0.095815 0.896746
vn -0.922345 0.214711 0.321215
vn -0.430599 0.103038 0.896642
vn 0.426743 -0.117997 0.896642
vn 0.428425 -0.110896 0.896747
vn -0.432048 0.095815 0.896746
vn 0.426743 -0.117997 0.896642
vn 0.915410 -0.242875 0.320992
vn 0.919225 -0.227695 0.321216
vn 0.428425 -0.110896 0.896747
vn 0.915410 -0.242875 0.320992
vn 0.915410 -0.242875 -0.320992
vn 0.919225 -0.227695 -0.321216
vn 0.919225 -0.227695 0.321216
vn 0.915410 -0.242875 -0.320992
vn 0.426743 -0.117997 -0.896642
vn 0.428425 -0.110896 -0.896747
vn 0.919225 -0.227695 -0.321216
vn 0.426743 -0.117997 -0.896642
vn -0.430599 0.103038 -0.896642
vn -0.432048 0.095815 -0.896746
vn 0.428425 -0.110896 -0.896747
vn -0.430599 0.103038 -0.896642
vn -0.918730 0.230000 -0.320992
vn -0.922345 0.214711 -0.321215
vn -0.432048 0.095815 -0.896746
vn -0.918730 0.230000 -0.320992
vn -0.918730 0.230000 0.320992
vn -0.922345 0.214711 0.321215
vn -0.922345 0.214711 -0.321215
vn -0.922345 0.214711 0.321215
vn -0.432048 0.095815 0.896746
vn -0.433362 0.088666 0.896848
vn -0.925665 0.199564 0.321432
vn -0.432048 0.095815 0.896746
vn 0.428425 -0.110896 0.896747
vn 0.429973 -0.103862 0.896848
vn -0.433362 0.088666 0.896848
vn 0.428425 -0.110896 0.896747
vn 0.919225 -0.227695 0.321216
vn 0.922747 -0.212649 0.321433
vn 0.429973 -0.103862 0.896848
vn 0.919225 -0.227695 0.321216
vn 0.919225 -0.227695 -0.321216
vn 0.922747 -0.212649 -0.321433
vn 0.922747 -0.212649 0.321433
vn 0.919225 -0.227695 -0.321216
vn 0.428425 -0.110896 -0.896747
vn 0.429973 -0.103862 -0.896848
vn 0.922747 -0.212649 -0.321433
vn 0.428425 -0.110896 -0.896747
vn -0.432048 0.095815 -0.896746
vn -0.433362 0.088666 -0.896848
vn 0.429973 -0.103862 -0.896848
vn -0.432048 0.095815 -0.896746
vn -0.922345 0.214711 -0.321215
vn -0.925665 0.199564 -0.321432
vn -0.433362 0.088666 -0.896848
vn -0.922345 0.214711 -0.321215
vn -0.922345 0.214711 0.321215
vn -0.925665 0.199564 0.321432
vn -0.925665 0.199564 -0.321432
vn -0.925665 0.199564 0.321432
vn -0.433362 0.088666 0.896848
vn -0.434544 0.081607 0.896946
vn -0.928694 0.184587 0.321643
vn -0.433362 0.088666 0.896848
vn 0.429973 -0.103862 0.896848
vn 0.431389 -0.096907 0.896946
vn -0.434544 0.081607 0.896946
vn 0.429973 -0.103862 0.896848
vn 0.922747 -0.212649 0.321433
vn 0.925978 -0.197764 0.321643
vn 0.431389 -0.096907 0.896946
vn 0.922747 -0.212649 0.321433
vn 0.922747 -0.212649 -0.321433
vn 0.925978 -0.197764 -0.321643
vn 0.925978 -0.197764 0.321643
vn 0.922747 -0.212649 -0.321433
vn 0.429973 -0.103862 -0.896848
vn 0.431389 -0.096907 -0.896946
vn 0.925978 -0.197764 -0.321643
vn 0.429973 -0.103862 -0.896848
vn -0.433362 0.088666 -0.896848
vn -0.434544 0.081607 -0.896946
vn 0.431389 -0.096907 -0.896946
vn -0.433362 0.088666 -0.896848
vn -0.925665 0.199564 -0.321432
vn -0.928694 0.184587 -0.321643
vn -0.434544 0.081607 -0.896946
vn -0.925665 0.199564 -0.321432
vn -0.925665 0.199564 0.321432
vn -0.928694 0.184587 0.321643
vn -0.928694 0.184587 -0.321643
vn -0.928694 0.184587 0.321643
vn -0.434544 0.081607 0.896946
vn -0.435596 0.074651 0.897041
vn -0.931438 0.169814 0.321848
vn -0.434544 0.081607 0.896946
vn 0.431389 -0.096907 0.896946
vn 0.432676 -0.090047 0.897041
vn -0.435596 0.074651 0.897041
vn 0.431389 -0.096907 0.896946
vn 0.925978 -0.197764 0.321643
vn 0.928922 -0.183076 0.321848
vn 0.432676 -0.090047 0.897041
vn 0.925978 -0.197764 0.321643
vn 0.925978 -0.197764 -0.321643
vn 0.928922 -0.183076 -0.321848
vn 0.928922 -0.183076 0.321848
vn 0.925978 -0.197764 -0.321643
vn 0.431389 -0.096907 -0.896946
vn 0.432676 -0.090047 -0.897041
vn 0.928922 -0.183076 -0.321848
vn 0.431389 -0.096907 -0.896946
vn -0.434544 0.081607 -0.896946
vn -0.435596 0.074651 -0.897041
vn 0.432676 -0.090047 -0.897041
vn -0.434544 0.081607 -0.896946
vn -0.928694 0.184587 -0.321643
vn -0.931438 0.169814 -0.321848
vn -0.435596 0.074651 -0.897041
vn -0.928694 0.184587 -0.321643
vn -0.928694 0.184587 0.321643
vn -0.931438 0.169814 0.321848
vn -0.931438 0.169814 -0.321848
vn -0.931438 0.169814 0.321848
vn -0.435596 0.074651 0.897041
vn -0.436523 0.067814 0.897134
vn -0.933903 0.155275 0.322047
vn -0.435596 0.074651 0.897041
vn 0.432676 -0.090047 0.897041
vn 0.433834 -0.083296 0.897134
vn -0.436523 0.067814 0.897134
vn 0.432676 -0.090047 0.897041
vn 0.928922 -0.183076 0.321848
vn 0.931587 -0.168614 0.322048
vn 0.433834 -0.083296 0.897134
vn 0.928922 -0.183076 0.321848
vn 0.928922 -0.183076 -0.321848
vn 0.931587 -0.168614 -0.322048
vn 0.931587 -0.168614 0.322048
vn 0.928922 -0.183076 -0.321848
vn 0.432676 -0.090047 -0.897041
vn 0.433834 -0.083296 -0.897134
vn 0.931587 -0.168614 -0.322048
vn 0.432676 -0.090047 -0.897041
vn -0.435596 0.074651 -0.897041
vn -0.436523 0.067814 -0.897134
vn 0.433834 -0.083296 -0.897134
vn -0.435596 0.074651 -0.897041
vn -0.931438 0.169814 -0.321848
vn -0.933903 0.155275 -0.322047
vn -0.436523 0.067814 -0.897134
vn -0.931438 0.169814 -0.321848
vn -0.931438 0.169814 0.321848
vn -0.933903 0.155275 0.322047
vn -0.933903 0.155275 -0.322047
vn -0.933903 0.155275 0.322047
vn -0.436523 0.067814 0.897134
vn -0.437327 0.061107 0.897224
vn -0.936098 0.141001 0.322241
vn -0.436523 0.067814 0.897134
vn 0.433834 -0.083296 0.897134
vn 0.434868 -0.076667 0.897224
vn -0.437327 0.061107 0.897224
vn 0.433834 -0.083296 0.897134
vn 0.931587 -0.168614 0.322048
vn 0.933980 -0.154410 0.322241
vn 0.434868 -0.076667 0.897224
vn 0.931587 -0.168614 0.322048
vn 0.931587 -0.168614 -0.322048
vn 0.933980 -0.154410 -0.322241
vn 0.933980 -0.154410 0.322241
vn 0.931587 -0.168614 -0.322048
vn 0.433834 -0.083296 -0.897134
vn 0.434868 -0.076667 -0.897224
vn 0.933980 -0.154410 -0.322241
vn 0.433834 -0.083296 -0.897134
vn -0.436523 0.067814 -0.897134
vn -0.437327 0.061107 -0.897224
vn 0.434868 -0.076667 -0.897224
vn -0.436523 0.067814 -0.897134
vn -0.933903 0.155275 -0.322047
vn -0.936098 0.141001 -0.322241
vn -0.437327 0.061107 -0.897224
vn -0.933903 0.155275 -0.322047
vn -0.933903 0.155275 0.322047
vn -0.936098 0.141001 0.322241
vn -0.936098 0.141001 -0.322241
vn -0.936098 0.141001 0.322241
vn -0.437327 0.061107 0.897224
vn -0.438014 0.054550 0.897312
vn -0.938031 0.127029 0.322429
vn -0.437327 0.061107 0.897224
vn 0.434868 -0.076667 0.897224
vn 0.435782 -0.070178 0.897312
vn -0.438014 0.054550 0.897312
vn 0.434868 -0.076667 0.897224
vn 0.933980 -0.154410 0.322241
vn 0.936109 -0.140499 0.322430
vn 0.435782 -0.070178 0.897312
vn 0.933980 -0.154410 0.322241
vn 0.933980 -0.154410 -0.322241
vn 0.936109 -0.140499 -0.322430
vn 0.936109 -0.140499 0.322430
vn 0.933980 -0.154410 -0.322241
vn 0.434868 -0.076667 -0.897224
vn 0.435782 -0.070178 -0.897312
vn 0.936109 -0.140499 -0.322430
vn 0.434868 -0.076667 -0.897224
vn -0.437327 0.061107 -0.897224
vn -0.438014 0.054550 -0.897312
vn 0.435782 -0.070178 -0.897312
vn -0.437327 0.061107 -0.897224
vn -0.936098 0.141001 -0.322241
vn -0.938031 0.127029 -0.322429
vn -0.438014 0.054550 -0.897312
vn -0.936098 0.141001 -0.322241
vn -0.936098 0.141001 0.322241
vn -0.938031 0.127029 0.322429
vn -0.938031 0.127029 -0.322429
vn -0.938031 0.127029 0.322429
vn -0.438014 0.054550 0.897312
vn -0.438588 0.048154 0.897397
vn -0.939715 0.113389 0.322613
vn -0.438014 0.054550 0.897312
vn 0.435782 -0.070178 0.897312
vn 0.436579 -0.063844 0.897398
vn -0.438588 0.048154 0.897397
vn 0.435782 -0.070178 0.897312
vn 0.936109 -0.140499 0.322430
vn 0.937984 -0.126914 0.322613
vn 0.436579 -0.063844 0.897398
vn 0.936109 -0.140499 0.322430
vn 0.936109 -0.140499 -0.322430
vn 0.937984 -0.126914 -0.322613
vn 0.937984 -0.126914 0.322613
vn 0.936109 -0.140499 -0.322430
vn 0.435782 -0.070178 -0.897312
vn 0.436579 -0.063844 -0.897398
vn 0.937984 -0.126914 -0.322613
vn 0.435782 -0.070178 -0.897312
vn -0.438014 0.054550 -0.897312
vn -0.438588 0.048154 -0.897397
vn 0.436579 -0.063844 -0.897398
vn -0.438014 0.054550 -0.897312
vn -0.938031 0.127029 -0.322429
vn -0.939715 0.113389 -0.322613
vn -0.438588 0.048154 -0.897397
vn -0.938031 0.127029 -0.322429
vn -0.938031 0.127029 0.322429
vn -0.939715 0.113389 0.322613
vn -0.939715 0.113389 -0.322613
vn -0.939715 0.113389 0.322613
vn -0.438588 0.048154 0.897397
vn -0.439056 0.041937 0.897480
vn -0.941160 0.100117 0.322791
vn -0.438588 0.048154 0.897397
vn 0.436579 -0.063844 0.897398
vn 0.437266 -0.057680 0.897481
vn -0.439056 0.041937 0.897480
vn 0.436579 -0.063844 0.897398
vn 0.937984 -0.126914 0.322613
vn 0.939617 -0.113689 0.322792
vn 0.437266 -0.057680 0.897481
vn 0.937984 -0.126914 0.322613
vn 0.937984 -0.126914 -0.322613
vn 0.939617 -0.113689 -0.322792
vn 0.939617 -0.113689 0.322792
vn 0.937984 -0.126914 -0.322613
vn 0.436579 -0.063844 -0.897398
vn 0.437266 -0.057680 -0.897481
vn 0.939617 -0.113689 -0.322792
vn 0.436579 -0.063844 -0.897398
vn -0.438588 0.048154 -0.897397
vn -0.439056 0.041937 -0.897480
vn 0.437266 -0.057680 -0.897481
vn -0.438588 0.048154 -0.897397
vn -0.939715 0.113389 -0.322613
vn -0.941160 0.100117 -0.322791
vn -0.439056 0.041937 -0.897480
vn -0.939715 0.113389 -0.322613
vn -0.939715 0.113389 0.322613
vn -0.941160 0.100117 0.322791
vn -0.941160 0.100117 -0.322791
vn -0.941160 0.100117 0.322791
vn -0.439056 0.041937 0.897480
vn -0.439425 0.035916 0.897561
vn -0.942380 0.087252 0.322965
vn -0.439056 0.041937 0.897480
vn 0.437266 -0.057680 0.897481
vn 0.437847 -0.051704 0.897562
vn -0.439425 0.035916 0.897561
vn 0.437266 -0.057680 0.897481
vn 0.939617 -0.113689 0.322792
vn 0.941020 -0.100865 0.322966
vn 0.437847 -0.051704 0.897562
vn 0.939617 -0.113689 0.322792
vn 0.939617 -0.113689 -0.322792
vn 0.941020 -0.100865 -0.322966
vn 0.941020 -0.100865 0.322966
vn 0.939617 -0.113689 -0.322792
vn 0.437266 -0.057680 -0.897481
vn 0.437847 -0.051704 -0.897562
vn 0.941020 -0.100865 -0.322966
vn 0.437266 -0.057680 -0.897481
vn -0.439056 0.041937 -0.897480
vn -0.439425 0.035916 -0.897561
vn 0.437847 -0.051704 -0.897562
vn -0.439056 0.041937 -0.897480
vn -0.941160 0.100117 -0.322791
vn -0.942380 0.087252 -0.322965
vn -0.439425 0.035916 -0.897561
vn -0.941160 0.100117 -0.322791
vn -0.941160 0.100117 0.322791
vn -0.942380 0.087252 0.322965
vn -0.942380 0.087252 -0.322965
vn -0.942380 0.087252 0.322965
vn -0.439425 0.035916 0.897561
vn -0.439700 0.030108 0.897640
vn -0.943390 0.074831 0.323135
vn -0.439425 0.035916 0.897561
vn 0.437847 -0.051704 0.897562
vn 0.438328 -0.045934 0.897640
vn -0.439700 0.030108 0.897640
vn 0.437847 -0.051704 0.897562
vn 0.941020 -0.100865 0.322966
vn 0.942207 -0.088480 0.323135
vn 0.438328 -0.045934 0.897640
vn 0.941020 -0.100865 0.322966
vn 0.941020 -0.100865 -0.322966
vn 0.942207 -0.088480 -0.323135
vn 0.942207 -0.088480 0.323135
vn 0.941020 -0.100865 -0.322966
vn 0.437847 -0.051704 -0.897562
vn 0.438328 -0.045934 -0.897640
vn 0.942207 -0.088480 -0.323135
vn 0.437847 -0.051704 -0.897562
vn -0.439425 0.035916 -0.897561
vn -0.439700 0.030108 -0.897640
vn 0.438328 -0.045934 -0.897640
vn -0.439425 0.035916 -0.897561
vn -0.942380 0.087252 -0.322965
vn -0.943390 0.074831 -0.323135
vn -0.439700 0.030108 -0.897640
vn -0.942380 0.087252 -0.322965
vn -0.942380 0.087252 0.322965
vn -0.943390 0.074831 0.323135
vn -0.943390 0.074831 -0.323135
vn -0.943390 0.074831 0.323135
vn -0.439700 0.030108 0.897640
vn -0.439890 0.024533 0.897717
vn -0.944204 0.062897 0.323300
vn -0.439700 0.030108 0.897640
vn 0.438328 -0.045934 0.897640
vn 0.438717 -0.040390 0.897717
vn -0.439890 0.024533 0.897717
vn 0.438328 -0.045934 0.897640
vn 0.942207 -0.088480 0.323135
vn 0.943193 -0.076575 0.323301
vn 0.438717 -0.040390 0.897717
vn 0.942207 -0.088480 0.323135
vn 0.942207 -0.088480 -0.323135
vn 0.943193 -0.076575 -0.323301
vn 0.943193 -0.076575 0.323301
vn 0.942207 -0.088480 -0.323135
vn 0.438328 -0.045934 -0.897640
vn 0.438717 -0.040390 -0.897717
vn 0.943193 -0.076575 -0.323301
vn 0.438328 -0.045934 -0.897640
vn -0.439700 0.030108 -0.897640
vn -0.439890 0.024533 -0.897717
vn 0.438717 -0.040390 -0.897717
vn -0.439700 0.030108 -0.897640
vn -0.943390 0.074831 -0.323135
vn -0.944204 0.062897 -0.323300
vn -0.439890 0.024533 -0.897717
vn -0.943390 0.074831 -0.323135
vn -0.943390 0.074831 0.323135
vn -0.944204 0.062897 0.323300
vn -0.944204 0.062897 -0.323300
vn -0.944204 0.062897 0.323300
vn -0.439890 0.024533 0.897717
vn -0.440002 0.019212 0.897791
vn -0.944839 0.051499 0.323461
vn -0.439890 0.024533 0.897717
vn 0.438717 -0.040390 0.897717
vn 0.439019 -0.035095 0.897792
vn -0.440002 0.019212 0.897791
vn 0.438717 -0.040390 0.897717
vn 0.943193 -0.076575 0.323301
vn 0.943992 -0.065201 0.323462
vn 0.439019 -0.035095 0.897792
vn 0.943193 -0.076575 0.323301
vn 0.943193 -0.076575 -0.323301
vn 0.943992 -0.065201 -0.323462
vn 0.943992 -0.065201 0.323462
vn 0.943193 -0.076575 -0.323301
vn 0.438717 -0.040390 -0.897717
vn 0.439019 -0.035095 -0.897792
vn 0.943992 -0.065201 -0.323462
vn 0.438717 -0.040390 -0.897717
vn -0.439890 0.024533 -0.897717
vn -0.440002 0.019212 -0.897791
vn 0.439019 -0.035095 -0.897792
vn -0.439890 0.024533 -0.897717
vn -0.944204 0.062897 -0.323300
vn -0.944839 0.051499 -0.323461
vn -0.440002 0.019212 -0.897791
vn -0.944204 0.062897 -0.323300
vn -0.944204 0.062897 0.323300
vn -0.944839 0.051499 0.323461
vn -0.944839 0.051499 -0.323461
vn -0.944839 0.051499 0.323461
vn -0.440002 0.019212 0.897791
vn -0.440044 0.014171 0.897864
vn -0.945312 0.040691 0.323618
vn -0.440002 0.019212 0.897791
vn 0.439019 -0.035095 0.897792
vn 0.439242 -0.030073 0.897865
vn -0.440044 0.014171 0.897864
vn 0.439019 -0.035095 0.897792
vn 0.943992 -0.065201 0.323462
vn 0.944622 -0.054412 0.323619
vn 0.439242 -0.030073 0.897865
vn 0.943992 -0.065201 0.323462
vn 0.943992 -0.065201 -0.323462
vn 0.944622 -0.054412 -0.323619
vn 0.944622 -0.054412 0.323619
vn 0.943992 -0.065201 -0.323462
vn 0.439019 -0.035095 -0.897792
vn 0.439242 -0.030073 -0.897865
vn 0.944622 -0.054412 -0.323619
vn 0.439019 -0.035095 -0.897792
vn -0.440002 0.019212 -0.897791
vn -0.440044 0.014171 -0.897864
vn 0.439242 -0.030073 -0.897865
vn -0.440002 0.019212 -0.897791
vn -0.944839 0.051499 -0.323461
vn -0.945312 0.040691 -0.323618
vn -0.440044 0.014171 -0.897864
vn -0.944839 0.051499 -0.323461
vn -0.944839 0.051499 0.323461
vn -0.945312 0.040691 0.323618
vn -0.945312 0.040691 -0.323618
vn -0.945312 0.040691 0.323618
vn -0.440044 0.014171 0.897864
vn -0.440026 0.009437 0.897935
vn -0.945643 0.030537 0.323771
vn -0.440044 0.014171 0.897864
vn 0.439242 -0.030073 0.897865
vn 0.439394 -0.025355 0.897936
vn -0.440026 0.009437 0.897935
vn 0.439242 -0.030073 0.897865
vn 0.944622 -0.054412 0.323619
vn 0.945099 -0.044272 0.323772
vn 0.439394 -0.025355 0.897936
vn 0.944622 -0.054412 0.323619
vn 0.944622 -0.054412 -0.323619
vn 0.945099 -0.044272 -0.323772
vn 0.945099 -0.044272 0.323772
vn 0.944622 -0.054412 -0.323619
vn 0.439242 -0.030073 -0.897865
vn 0.439394 -0.025355 -0.897936
vn 0.945099 -0.044272 -0.323772
vn 0.439242 -0.030073 -0.897865
vn -0.440044 0.014171 -0.897864
vn -0.440026 0.009437 -0.897935
vn 0.439394 -0.025355 -0.897936
vn -0.440044 0.014171 -0.897864
vn -0.945312 0.040691 -0.323618
vn -0.945643 0.030537 -0.323771
vn -0.440026 0.009437 -0.897935
vn -0.945312 0.040691 -0.323618
vn -0.945312 0.040691 0.323618
vn -0.945643 0.030537 0.323771
vn -0.945643 0.030537 -0.323771
vn -0.945643 0.030537 0.323771
vn -0.440026 0.009437 0.897935
vn -0.439959 0.005052 0.898003
vn -0.945849 0.021120 0.323920
vn -0.440026 0.009437 0.897935
vn 0.439394 -0.025355 0.897936
vn 0.439479 -0.020981 0.898008
vn -0.439959 0.005052 0.898003
vn 0.439394 -0.025355 0.897936
vn 0.945099 -0.044272 0.323772
vn 0.945441 -0.034869 0.323923
vn 0.439479 -0.020981 0.898008
vn 0.945099 -0.044272 0.323772
vn 0.945099 -0.044272 -0.323772
vn 0.945441 -0.034869 -0.323923
vn 0.945441 -0.034869 0.323923
vn 0.945099 -0.044272 -0.323772
vn 0.439394 -0.025355 -0.897936
vn 0.439479 -0.020981 -0.898008
vn 0.945441 -0.034869 -0.323923
vn 0.439394 -0.025355 -0.897936
vn -0.440026 0.009437 -0.897935
vn -0.439959 0.005052 -0.898003
vn 0.439479 -0.020981 -0.898008
vn -0.440026 0.009437 -0.897935
vn -0.945643 0.030537 -0.323771
vn -0.945849 0.021120 -0.323920
vn -0.439959 0.005052 -0.898003
vn -0.945643 0.030537 -0.323771
vn -0.945643 0.030537 0.323771
vn -0.945849 0.021120 0.323920
vn -0.945849 0.021120 -0.323920
vn -0.945849 0.021120 0.323920
vn -0.439959 0.005052 0.898003
vn -0.439873 0.001595 0.898058
vn -0.945944 0.013694 0.324041
vn -0.439959 0.005052 0.898003
vn 0.439479 -0.020981 0.898008
vn 0.439509 -0.017533 0.898067
vn -0.439873 0.001595 0.898058
vn 0.439479 -0.020981 0.898008
vn 0.945441 -0.034869 0.323923
vn 0.945642 -0.027459 0.324048
vn 0.439509 -0.017533 0.898067
vn 0.945441 -0.034869 0.323923
vn 0.945441 -0.034869 -0.323923
vn 0.945642 -0.027459 -0.324048
vn 0.945642 -0.027459 0.324048
vn 0.945441 -0.034869 -0.323923
vn 0.439479 -0.020981 -0.898008
vn 0.439509 -0.017533 -0.898067
vn 0.945642 -0.027459 -0.324048
vn 0.439479 -0.020981 -0.898008
vn -0.439959 0.005052 -0.898003
vn -0.439873 0.001595 -0.898058
vn 0.439509 -0.017533 -0.898067
vn -0.439959 0.005052 -0.898003
vn -0.945849 0.021120 -0.323920
vn -0.945944 0.013694 -0.324041
vn -0.439873 0.001595 -0.898058
vn -0.945849 0.021120 -0.323920
vn -0.945849 0.021120 0.323920
vn -0.945944 0.013694 0.324041
vn -0.945944 0.013694 -0.324041
vn -0.945944 0.013694 0.324041
vn -0.439873 0.001595 0.898058
vn -0.373886 -0.337520 0.863880
vn -0.833520 -0.455006 0.313391
vn -0.439873 0.001595 0.898058
vn 0.439509 -0.017533 0.898067
vn 0.363617 -0.348642 0.863847
vn -0.373886 -0.337520 0.863880
vn 0.439509 -0.017533 0.898067
vn 0.945642 -0.027459 0.324048
vn 0.819368 -0.479925 0.313541
vn 0.363617 -0.348642 0.863847
vn 0.945642 -0.027459 0.324048
vn 0.945642 -0.027459 -0.324048
vn 0.819368 -0.479925 -0.313541
vn 0.819368 -0.479925 0.313541
vn 0.945642 -0.027459 -0.324048
vn 0.439509 -0.017533 -0.898067
vn 0.363617 -0.348642 -0.863847
vn 0.819368 -0.479925 -0.313541
vn 0.439509 -0.017533 -0.898067
vn -0.439873 0.001595 -0.898058
vn -0.373886 -0.337520 -0.863880
vn 0.363617 -0.348642 -0.863847
vn -0.439873 0.001595 -0.898058
vn -0.945944 0.013694 -0.324041
vn -0.833520 -0.455006 -0.313391
vn -0.373886 -0.337520 -0.863880
vn -0.945944 0.013694 -0.324041
vn -0.945944 0.013694 0.324041
vn -0.833520 -0.455006 0.313391
vn -0.833520 -0.455006 -0.313391
vn -0.833520 -0.455006 0.313391
vn -0.373886 -0.337520 0.863880
vn -0.333375 -0.328605 0.883674
vn -0.812315 -0.461676 0.356372
vn -0.373886 -0.337520 0.863880
vn 0.363617 -0.348642 0.863847
vn 0.323736 -0.336685 0.884216
vn -0.333375 -0.328605 0.883674
vn 0.363617 -0.348642 0.863847
vn 0.819368 -0.479925 0.313541
vn 0.800013 -0.482050 0.357220
vn 0.323736 -0.336685 0.884216
vn 0.819368 -0.479925 0.313541
vn 0.819368 -0.479925 -0.313541
vn 0.800013 -0.482050 -0.357220
vn 0.800013 -0.482050 0.357220
vn 0.819368 -0.479925 -0.313541
vn 0.363617 -0.348642 -0.863847
vn 0.323736 -0.336685 -0.884216
vn 0.800013 -0.482050 -0.357220
vn 0.363617 -0.348642 -0.863847
vn -0.373886 -0.337520 -0.863880
vn -0.333375 -0.328605 -0.883674
vn 0.323736 -0.336685 -0.884216
vn -0.373886 -0.337520 -0.863880
vn -0.833520 -0.455006 -0.313391
vn -0.812315 -0.461676 -0.356372
vn -0.333375 -0.328605 -0.883674
vn -0.833520 -0.455006 -0.313391
vn -0.833520 -0.455006 0.313391
vn -0.812315 -0.461676 0.356372
vn -0.812315 -0.461676 -0.356372
vn -0.812315 -0.461676 0.356372
vn -0.333375 -0.328605 0.883674
vn -0.360573 0.004100 0.932722
vn -0.914455 0.010399 0.404554
vn -0.333375 -0.328605 0.883674
vn 0.323736 -0.336685 0.884216
vn 0.360573 -0.004096 0.932722
vn -0.360573 0.004100 0.932722
vn 0.323736 -0.336685 0.884216
vn 0.800013 -0.482050 0.357220
vn 0.914455 -0.010387 0.404554
vn 0.360573 -0.004096 0.932722
vn 0.800013 -0.482050 0.357220
vn 0.800013 -0.482050 -0.357220
vn 0.914455 -0.010387 -0.404554
vn 0.914455 -0.010387 0.404554
vn 0.800013 -0.482050 -0.357220
vn 0.323736 -0.336685 -0.884216
vn 0.360573 -0.004096 -0.932722
vn 0.914455 -0.010387 -0.404554
vn 0.323736 -0.336685 -0.884216
vn -0.333375 -0.328605 -0.883674
vn -0.360573 0.004100 -0.932722
vn 0.360573 -0.004096 -0.932722
vn -0.333375 -0.328605 -0.883674
vn -0.812315 -0.461676 -0.356372
vn -0.914455 0.010399 -0.404554
vn -0.360573 0.004100 -0.932722
vn -0.812315 -0.461676 -0.356372
vn -0.812315 -0.461676 0.356372
vn -0.914455 0.010399 0.404554
vn -0.914455 0.010399 -0.404554
vn -0.914455 0.010399 0.404554
vn -0.360573 0.004100 0.932722
vn -0.360590 0.002129 0.932722
vn -0.914498 0.005399 0.404554
vn -0.360573 0.004100 0.932722
vn 0.360573 -0.004096 0.932722
vn 0.360590 -0.002129 0.932722
vn -0.360590 0.002129 0.932722
vn 0.360573 -0.004096 0.932722
vn 0.914455 -0.010387 0.404554
vn 0.914498 -0.005399 0.404554
vn 0.360590 -0.002129 0.932722
vn 0.914455 -0.010387 0.404554
vn 0.914455 -0.010387 -0.404554
vn 0.914498 -0.005399 -0.404554
vn 0.914498 -0.005399 0.404554
vn 0.914455 -0.010387 -0.404554
vn 0.360573 -0.004096 -0.932722
vn 0.360590 -0.002129 -0.932722
vn 0.914498 -0.005399 -0.404554
vn 0.360573 -0.004096 -0.932722
vn -0.360573 0.004100 -0.932722
vn -0.360590 0.002129 -0.932722
vn 0.360590 -0.002129 -0.932722
vn -0.360573 0.004100 -0.932722
vn -0.914455 0.010399 -0.404554
vn -0.914498 0.005399 -0.404554
vn -0.360590 0.002129 -0.932722
vn -0.914455 0.010399 -0.404554
vn -0.914455 0.010399 0.404554
vn -0.914498 0.005399 0.404554
vn -0.914498 0.005399 -0.404554
vn -0.914498 0.005399 0.404554
vn -0.360590 0.002129 0.932722
vn -0.360596 0.000531 0.932722
vn -0.914513 0.001347 0.404554
vn -0.360590 0.002129 0.932722
vn 0.360590 -0.002129 0.932722
vn 0.360596 -0.000532 0.932722
vn -0.360596 0.000531 0.932722
vn 0.360590 -0.002129 0.932722
vn 0.914498 -0.005399 0.404554
vn 0.914513 -0.001349 0.404554
vn 0.360596 -0.000532 0.932722
vn 0.914498 -0.005399 0.404554
vn 0.914498 -0.005399 -0.404554
vn 0.914513 -0.001349 -0.404554
vn 0.914513 -0.001349 0.404554
vn 0.914498 -0.005399 -0.404554
vn 0.360590 -0.002129 -0.932722
vn 0.360596 -0.000532 -0.932722
vn 0.914513 -0.001349 -0.404554
vn 0.360590 -0.002129 -0.932722
vn -0.360590 0.002129 -0.932722
vn -0.360596 0.000531 -0.932722
vn 0.360596 -0.000532 -0.932722
vn -0.360590 0.002129 -0.932722
vn -0.914498 0.005399 -0.404554
vn -0.914513 0.001347 -0.404554
vn -0.360596 0.000531 -0.932722
vn -0.914498 0.005399 -0.404554
vn -0.914498 0.005399 0.404554
vn -0.914513 0.001347 0.404554
vn -0.914513 0.001347 -0.404554
vn -0.914513 0.001347 0.404554
vn -0.360596 0.000531 0.932722
vn -0.360597 -0.000171 0.932722
vn -0.914514 -0.000433 0.404554
vn -0.360596 0.000531 0.932722
vn 0.360596 -0.000532 0.932722
vn 0.360597 0.000170 0.932722
vn -0.360597 -0.000171 0.932722
vn 0.360596 -0.000532 0.932722
vn 0.914513 -0.001349 0.404554
vn 0.914514 0.000432 0.404554
vn 0.360597 0.000170 0.932722
vn 0.914513 -0.001349 0.404554
vn 0.914513 -0.001349 -0.404554
vn 0.914514 0.000432 -0.404554
vn 0.914514 0.000432 0.404554
vn 0.914513 -0.001349 -0.404554
vn 0.360596 -0.000532 -0.932722
vn 0.360597 0.000170 -0.932722
vn 0.914514 0.000432 -0.404554
vn 0.360596 -0.000532 -0.932722
vn -0.360596 0.000531 -0.932722
vn -0.360597 -0.000171 -0.932722
vn 0.360597 0.000170 -0.932722
vn -0.360596 0.000531 -0.932722
vn -0.914513 0.001347 -0.404554
vn -0.914514 -0.000433 -0.404554
vn -0.360597 -0.000171 -0.932722
vn -0.914513 0.001347 -0.404554
vn -0.914513 0.001347 0.404554
vn -0.914514 -0.000433 0.404554
vn -0.914514 -0.000433 -0.404554
vn -0.914514 -0.000433 0.404554
vn -0.360597 -0.000171 0.932722
vn -0.360596 -0.000556 0.932722
vn -0.914513 -0.001410 0.404554
vn -0.360597 -0.000171 0.932722
vn 0.360597 0.000170 0.932722
vn 0.360596 0.000556 0.932722
vn -0.360596 -0.000556 0.932722
vn 0.360597 0.000170 0.932722
vn 0.914514 0.000432 0.404554
vn 0.914513 0.001410 0.404554
vn 0.360596 0.000556 0.932722
vn 0.914514 0.000432 0.404554
vn 0.914514 0.000432 -0.404554
vn 0.914513 0.001410 -0.404554
vn 0.914513 0.001410 0.404554
vn 0.914514 0.000432 -0.404554
vn 0.360597 0.000170 -0.932722
vn 0.360596 0.000556 -0.932722
vn 0.914513 0.001410 -0.404554
vn 0.360597 0.000170 -0.932722
vn -0.360597 -0.000171 -0.932722
vn -0.360596 -0.000556 -0.932722
vn 0.360596 0.000556 -0.932722
vn -0.360597 -0.000171 -0.932722
vn -0.914514 -0.000433 -0.404554
vn -0.914513 -0.001410 -0.404554
vn -0.360596 -0.000556 -0.932722
vn -0.914514 -0.000433 -0.404554
vn -0.914514 -0.000433 0.404554
vn -0.914513 -0.001410 0.404554
vn -0.914513 -0.001410 -0.404554
vn -0.914513 -0.001410 0.404554
vn -0.360596 -0.000556 0.932722
vn -0.360596 -0.000912 0.932722
vn -0.914511 -0.002313 0.404554
vn -0.360596 -0.000556 0.932722
vn 0.360596 0.000556 0.932722
vn 0.360596 0.000911 0.932722
vn -0.360596 -0.000912 0.932722
vn 0.360596 0.000556 0.932722
vn 0.914513 0.001410 0.404554
vn 0.914511 0.002310 0.404554
vn 0.360596 0.000911 0.932722
vn 0.914513 0.001410 0.404554
vn 0.914513 0.001410 -0.404554
vn 0.914511 0.002310 -0.404554
vn 0.914511 0.002310 0.404554
vn 0.914513 0.001410 -0.404554
vn 0.360596 0.000556 -0.932722
vn 0.360596 0.000911 -0.932722
vn 0.914511 0.002310 -0.404554
vn 0.360596 0.000556 -0.932722
vn -0.360596 -0.000556 -0.932722
vn -0.360596 -0.000912 -0.932722
vn 0.360596 0.000911 -0.932722
vn -0.360596 -0.000556 -0.932722
vn -0.914513 -0.001410 -0.404554
vn -0.914511 -0.002313 -0.404554
vn -0.360596 -0.000912 -0.932722
vn -0.914513 -0.001410 -0.404554
vn -0.914513 -0.001410 0.404554
vn -0.914511 -0.002313 0.404554
vn -0.914511 -0.002313 -0.404554
vn -0.914511 -0.002313 0.404554
vn -0.360596 -0.000912 0.932722
vn -0.332114 0.314561 0.889242
vn -0.811586 0.460985 0.358916
vn -0.360596 -0.000912 0.932722
vn 0.360596 0.000911 0.932722
vn 0.330240 0.316223 0.889351
vn -0.332114 0.314561 0.889242
vn 0.360596 0.000911 0.932722
vn 0.914511 0.002310 0.404554
vn 0.809110 0.465179 0.359094
vn 0.330240 0.316223 0.889351
vn 0.914511 0.002310 0.404554
vn 0.914511 0.002310 -0.404554
vn 0.809110 0.465179 -0.359094
vn 0.809110 0.465179 0.359094
vn 0.914511 0.002310 -0.404554
vn 0.360596 0.000911 -0.932722
vn 0.330240 0.316223 -0.889351
vn 0.809110 0.465179 -0.359094
vn 0.360596 0.000911 -0.932722
vn -0.360596 -0.000912 -0.932722
vn -0.332114 0.314561 -0.889242
vn 0.330240 0.316223 -0.889351
vn -0.360596 -0.000912 -0.932722
vn -0.914511 -0.002313 -0.404554
vn -0.811586 0.460985 -0.358916
vn -0.332114 0.314561 -0.889242
vn -0.914511 -0.002313 -0.404554
vn -0.914511 -0.002313 0.404554
vn -0.811586 0.460985 0.358916
vn -0.811586 0.460985 -0.358916
vn -0.811586 0.460985 0.358916
vn -0.332114 0.314561 0.889242
vn -0.372509 0.322515 0.870185
vn -0.832582 0.454809 0.316160
vn -0.332114 0.314561 0.889242
vn 0.330240 0.316223 0.889351
vn 0.370527 0.324791 0.870184
vn -0.372509 0.322515 0.870185
vn 0.330240 0.316223 0.889351
vn 0.809110 0.465179 0.359094
vn 0.829758 0.459911 0.316203
vn 0.370527 0.324791 0.870184
vn 0.809110 0.465179 0.359094
vn 0.809110 0.465179 -0.359094
vn 0.829758 0.459911 -0.316203
vn 0.829758 0.459911 0.316203
vn 0.809110 0.465179 -0.359094
vn 0.330240 0.316223 -0.889351
vn 0.370527 0.324791 -0.870184
vn 0.829758 0.459911 -0.316203
vn 0.330240 0.316223 -0.889351
vn -0.332114 0.314561 -0.889242
vn -0.372509 0.322515 -0.870185
vn 0.370527 0.324791 -0.870184
vn -0.332114 0.314561 -0.889242
vn -0.811586 0.460985 -0.358916
vn -0.832582 0.454809 -0.316160
vn -0.372509 0.322515 -0.870185
vn -0.811586 0.460985 -0.358916
vn -0.811586 0.460985 0.358916
vn -0.832582 0.454809 0.316160
vn -0.832582 0.454809 -0.316160
vn -0.832582 0.454809 0.316160
vn -0.372509 0.322515 0.870185
vn -0.439605 0.001965 0.898189
vn -0.945961 -0.000903 0.324279
vn -0.372509 0.322515 0.870185
vn 0.370527 0.324791 0.870184
vn 0.439567 0.005999 0.898190
vn -0.439605 0.001965 0.898189
vn 0.370527 0.324791 0.870184
vn 0.829758 0.459911 0.316203
vn 0.945929 0.007778 0.324279
vn 0.439567 0.005999 0.898190
vn 0.829758 0.459911 0.316203
vn 0.829758 0.459911 -0.316203
vn 0.945929 0.007778 -0.324279
vn 0.945929 0.007778 0.324279
vn 0.829758 0.459911 -0.316203
vn 0.370527 0.324791 -0.870184
vn 0.439567 0.005999 -0.898190
vn 0.945929 0.007778 -0.324279
vn 0.370527 0.324791 -0.870184
vn -0.372509 0.322515 -0.870185
vn -0.439605 0.001965 -0.898189
vn 0.439567 0.005999 -0.898190
vn -0.372509 0.322515 -0.870185
vn -0.832582 0.454809 -0.316160
vn -0.945961 -0.000903 -0.324279
vn -0.439605 0.001965 -0.898189
vn -0.832582 0.454809 -0.316160
vn -0.832582 0.454809 0.316160
vn -0.945961 -0.000903 0.324279
vn -0.945961 -0.000903 -0.324279
vn -0.945961 -0.000903 0.324279
vn -0.439605 0.001965 0.898189
vn -0.439670 0.001224 0.898159
vn -0.945981 -0.002498 0.324213
vn -0.439605 0.001965 0.898189
vn 0.439567 0.005999 0.898190
vn 0.439619 0.006740 0.898159
vn -0.439670 0.001224 0.898159
vn 0.439567 0.005999 0.898190
vn 0.945929 0.007778 0.324279
vn 0.945938 0.009372 0.324213
vn 0.439619 0.006740 0.898159
vn 0.945929 0.007778 0.324279
vn 0.945929 0.007778 -0.324279
vn 0.945938 0.009372 -0.324213
vn 0.945938 0.009372 0.324213
vn 0.945929 0.007778 -0.324279
vn 0.439567 0.005999 -0.898190
vn 0.439619 0.006740 -0.898159
vn 0.945938 0.009372 -0.324213
vn 0.439567 0.005999 -0.898190
vn -0.439605 0.001965 -0.898189
vn -0.439670 0.001224 -0.898159
vn 0.439619 0.006740 -0.898159
vn -0.439605 0.001965 -0.898189
vn -0.945961 -0.000903 -0.324279
vn -0.945981 -0.002498 -0.324213
vn -0.439670 0.001224 -0.898159
vn -0.945961 -0.000903 -0.324279
vn -0.945961 -0.000903 0.324279
vn -0.945981 -0.002498 0.324213
vn -0.945981 -0.002498 -0.324213
vn -0.945981 -0.002498 0.324213
vn -0.439670 0.001224 0.898159
vn -0.439738 0.000370 0.898126
vn -0.945999 -0.004335 0.324142
vn -0.439670 0.001224 0.898159
vn 0.439619 0.006740 0.898159
vn 0.439673 0.007595 0.898126
vn -0.439738 0.000370 0.898126
vn 0.439619 0.006740 0.898159
vn 0.945938 0.009372 0.324213
vn 0.945942 0.011209 0.324142
vn 0.439673 0.007595 0.898126
vn 0.945938 0.009372 0.324213
vn 0.945938 0.009372 -0.324213
vn 0.945942 0.011209 -0.324142
vn 0.945942 0.011209 0.324142
vn 0.945938 0.009372 -0.324213
vn 0.439619 0.006740 -0.898159
vn 0.439673 0.007595 -0.898126
vn 0.945942 0.011209 -0.324142
vn 0.439619 0.006740 -0.898159
vn -0.439670 0.001224 -0.898159
vn -0.439738 0.000370 -0.898126
vn 0.439673 0.007595 -0.898126
vn -0.439670 0.001224 -0.898159
vn -0.945981 -0.002498 -0.324213
vn -0.945999 -0.004335 -0.324142
vn -0.439738 0.000370 -0.898126
vn -0.945981 -0.002498 -0.324213
vn -0.945981 -0.002498 0.324213
vn -0.945999 -0.004335 0.324142
vn -0.945999 -0.004335 -0.324142
vn -0.945999 -0.004335 0.324142
vn -0.439738 0.000370 0.898126
vn -0.439806 -0.000548 0.898093
vn -0.946012 -0.006308 0.324070
vn -0.439738 0.000370 0.898126
vn 0.439673 0.007595 0.898126
vn 0.439724 0.008512 0.898093
vn -0.439806 -0.000548 0.898093
vn 0.439673 0.007595 0.898126
vn 0.945942 0.011209 0.324142
vn 0.945941 0.013181 0.324070
vn 0.439724 0.008512 0.898093
vn 0.945942 0.011209 0.324142
vn 0.945942 0.011209 -0.324142
vn 0.945941 0.013181 -0.324070
vn 0.945941 0.013181 0.324070
vn 0.945942 0.011209 -0.324142
vn 0.439673 0.007595 -0.898126
vn 0.439724 0.008512 -0.898093
vn 0.945941 0.013181 -0.324070
vn 0.439673 0.007595 -0.898126
vn -0.439738 0.000370 -0.898126
vn -0.439806 -0.000548 -0.898093
vn 0.439724 0.008512 -0.898093
vn -0.439738 0.000370 -0.898126
vn -0.945999 -0.004335 -0.324142
vn -0.946012 -0.006308 -0.324070
vn -0.439806 -0.000548 -0.898093
vn -0.945999 -0.004335 -0.324142
vn -0.945999 -0.004335 0.324142
vn -0.946012 -0.006308 0.324070
vn -0.946012 -0.006308 -0.324070
vn -0.946012 -0.006308 0.324070
vn -0.439806 -0.000548 0.898093
vn -0.439873 -0.001523 0.898059
vn -0.946021 -0.008403 0.323998
vn -0.439806 -0.000548 0.898093
vn 0.439724 0.008512 0.898093
vn 0.439773 0.009487 0.898059
vn -0.439873 -0.001523 0.898059
vn 0.439724 0.008512 0.898093
vn 0.945941 0.013181 0.324070
vn 0.945934 0.015276 0.323998
vn 0.439773 0.009487 0.898059
vn 0.945941 0.013181 0.324070
vn 0.945941 0.013181 -0.324070
vn 0.945934 0.015276 -0.323998
vn 0.945934 0.015276 0.323998
vn 0.945941 0.013181 -0.324070
vn 0.439724 0.008512 -0.898093
vn 0.439773 0.009487 -0.898059
vn 0.945934 0.015276 -0.323998
vn 0.439724 0.008512 -0.898093
vn -0.439806 -0.000548 -0.898093
vn -0.439873 -0.001523 -0.898059
vn 0.439773 0.009487 -0.898059
vn -0.439806 -0.000548 -0.898093
vn -0.946012 -0.006308 -0.324070
vn -0.946021 -0.008403 -0.323998
vn -0.439873 -0.001523 -0.898059
vn -0.946012 -0.006308 -0.324070
vn -0.946012 -0.006308 0.324070
vn -0.946021 -0.008403 0.323998
vn -0.946021 -0.008403 -0.323998
vn -0.946021 -0.008403 0.323998
vn -0.439873 -0.001523 0.898059
vn -0.439938 -0.002550 0.898025
vn -0.946024 -0.010611 0.323924
vn -0.439873 -0.001523 0.898059
vn 0.439773 0.009487 0.898059
vn 0.439819 0.010514 0.898025
vn -0.439938 -0.002550 0.898025
vn 0.439773 0.009487 0.898059
vn 0.945934 0.015276 0.323998
vn 0.945921 0.017484 0.323924
vn 0.439819 0.010514 0.898025
vn 0.945934 0.015276 0.323998
vn 0.945934 0.015276 -0.323998
vn 0.945921 0.017484 -0.323924
vn 0.945921 0.017484 0.323924
vn 0.945934 0.015276 -0.323998
vn 0.439773 0.009487 -0.898059
vn 0.439819 0.010514 -0.898025
vn 0.945921 0.017484 -0.323924
vn 0.439773 0.009487 -0.898059
vn -0.439873 -0.001523 -0.898059
vn -0.439938 -0.002550 -0.898025
vn 0.439819 0.010514 -0.898025
vn -0.439873 -0.001523 -0.898059
vn -0.946021 -0.008403 -0.323998
vn -0.946024 -0.010611 -0.323924
vn -0.439938 -0.002550 -0.898025
vn -0.946021 -0.008403 -0.323998
vn -0.946021 -0.008403 0.323998
vn -0.946024 -0.010611 0.323924
vn -0.946024 -0.010611 -0.323924
vn -0.946024 -0.010611 0.323924
vn -0.439938 -0.002550 0.898025
vn -0.440001 -0.003626 0.897990
vn -0.946020 -0.012924 0.323850
vn -0.439938 -0.002550 0.898025
vn 0.439819 0.010514 0.898025
vn 0.439863 0.011590 0.897990
vn -0.440001 -0.003626 0.897990
vn 0.439819 0.010514 0.898025
vn 0.945921 0.017484 0.323924
vn 0.945901 0.019795 0.323850
vn 0.439863 0.011590 0.897990
vn 0.945921 0.017484 0.323924
vn 0.945921 0.017484 -0.323924
vn 0.945901 0.019795 -0.323850
vn 0.945901 0.019795 0.323850
vn 0.945921 0.017484 -0.323924
vn 0.439819 0.010514 -0.898025
vn 0.439863 0.011590 -0.897990
vn 0.945901 0.019795 -0.323850
vn 0.439819 0.010514 -0.898025
vn -0.439938 -0.002550 -0.898025
vn -0.440001 -0.003626 -0.897990
vn 0.439863 0.011590 -0.897990
vn -0.439938 -0.002550 -0.898025
vn -0.946024 -0.010611 -0.323924
vn -0.946020 -0.012924 -0.323850
vn -0.440001 -0.003626 -0.897990
vn -0.946024 -0.010611 -0.323924
vn -0.946024 -0.010611 0.323924
vn -0.946020 -0.012924 0.323850
vn -0.946020 -0.012924 -0.323850
vn -0.946020 -0.012924 0.323850
vn -0.440001 -0.003626 0.897990
vn -0.440061 -0.004749 0.897955
vn -0.946010 -0.015334 0.323775
vn -0.440001 -0.003626 0.897990
vn 0.439863 0.011590 0.897990
vn 0.439903 0.012711 0.897955
vn -0.440061 -0.004749 0.897955
vn 0.439863 0.011590 0.897990
vn 0.945901 0.019795 0.323850
vn 0.945874 0.022205 0.323775
vn 0.439903 0.012711 0.897955
vn 0.945901 0.019795 0.323850
vn 0.945901 0.019795 -0.323850
vn 0.945874 0.022205 -0.323775
vn 0.945874 0.022205 0.323775
vn 0.945901 0.019795 -0.323850
vn 0.439863 0.011590 -0.897990
vn 0.439903 0.012711 -0.897955
vn 0.945874 0.022205 -0.323775
vn 0.439863 0.011590 -0.897990
vn -0.440001 -0.003626 -0.897990
vn -0.440061 -0.004749 -0.897955
vn 0.439903 0.012711 -0.897955
vn -0.440001 -0.003626 -0.897990
vn -0.946020 -0.012924 -0.323850
vn -0.946010 -0.015334 -0.323775
vn -0.440061 -0.004749 -0.897955
vn -0.946020 -0.012924 -0.323850
vn -0.946020 -0.012924 0.323850
vn -0.946010 -0.015334 0.323775
vn -0.946010 -0.015334 -0.323775
vn -0.946010 -0.015334 0.323775
vn -0.440061 -0.004749 0.897955
vn -0.440120 -0.005914 0.897920
vn -0.945992 -0.017837 0.323698
vn -0.440061 -0.004749 0.897955
vn 0.439903 0.012711 0.897955
vn 0.439940 0.013876 0.897920
vn -0.440120 -0.005914 0.897920
vn 0.439903 0.012711 0.897955
vn 0.945874 0.022205 0.323775
vn 0.945838 0.024706 0.323699
vn 0.439940 0.013876 0.897920
vn 0.945874 0.022205 0.323775
vn 0.945874 0.022205 -0.323775
vn 0.945838 0.024706 -0.323699
vn 0.945838 0.024706 0.323699
vn 0.945874 0.022205 -0.323775
vn 0.439903 0.012711 -0.897955
vn 0.439940 0.013876 -0.897920
vn 0.945838 0.024706 -0.323699
vn 0.439903 0.012711 -0.897955
vn -0.440061 -0.004749 -0.897955
vn -0.440120 -0.005914 -0.897920
vn 0.439940 0.013876 -0.897920
vn -0.440061 -0.004749 -0.897955
vn -0.946010 -0.015334 -0.323775
vn -0.945992 -0.017837 -0.323698
vn -0.440120 -0.005914 -0.897920
vn -0.946010 -0.015334 -0.323775
vn -0.946010 -0.015334 0.323775
vn -0.945992 -0.017837 0.323698
vn -0.945992 -0.017837 -0.323698
vn -0.945992 -0.017837 0.323698
vn -0.440120 -0.005914 0.897920
vn -0.440175 -0.007120 0.897884
vn -0.945966 -0.020426 0.323621
vn -0.440120 -0.005914 0.897920
vn 0.439940 0.013876 0.897920
vn 0.439974 0.015081 0.897884
vn -0.440175 -0.007120 0.897884
vn 0.439940 0.013876 0.897920
vn 0.945838 0.024706 0.323699
vn 0.945793 0.027294 0.323621
vn 0.439974 0.015081 0.897884
vn 0.945838 0.024706 0.323699
vn 0.945838 0.024706 -0.323699
vn 0.945793 0.027294 -0.323621
vn 0.945793 0.027294 0.323621
vn 0.945838 0.024706 -0.323699
vn 0.439940 0.013876 -0.897920
vn 0.439974 0.015081 -0.897884
vn 0.945793 0.027294 -0.323621
vn 0.439940 0.013876 -0.897920
vn -0.440120 -0.005914 -0.897920
vn -0.440175 -0.007120 -0.897884
vn 0.439974 0.015081 -0.897884
vn -0.440120 -0.005914 -0.897920
vn -0.945992 -0.017837 -0.323698
vn -0.945966 -0.020426 -0.323621
vn -0.440175 -0.007120 -0.897884
vn -0.945992 -0.017837 -0.323698
vn -0.945992 -0.017837 0.323698
vn -0.945966 -0.020426 0.323621
vn -0.945966 -0.020426 -0.323621
vn -0.945966 -0.020426 0.323621
vn -0.440175 -0.007120 0.897884
vn -0.440227 -0.008365 0.897847
vn -0.945931 -0.023098 0.323543
vn -0.440175 -0.007120 0.897884
vn 0.439974 0.015081 0.897884
vn 0.440004 0.016325 0.897848
vn -0.440227 -0.008365 0.897847
vn 0.439974 0.015081 0.897884
vn 0.945793 0.027294 0.323621
vn 0.945739 0.029965 0.323543
vn 0.440004 0.016325 0.897848
vn 0.945793 0.027294 0.323621
vn 0.945793 0.027294 -0.323621
vn 0.945739 0.029965 -0.323543
vn 0.945739 0.029965 0.323543
vn 0.945793 0.027294 -0.323621
vn 0.439974 0.015081 -0.897884
vn 0.440004 0.016325 -0.897848
vn 0.945739 0.029965 -0.323543
vn 0.439974 0.015081 -0.897884
vn -0.440175 -0.007120 -0.897884
vn -0.440227 -0.008365 -0.897847
vn 0.440004 0.016325 -0.897848
vn -0.440175 -0.007120 -0.897884
vn -0.945966 -0.020426 -0.323621
vn -0.945931 -0.023098 -0.323543
vn -0.440227 -0.008365 -0.897847
vn -0.945966 -0.020426 -0.323621
vn -0.945966 -0.020426 0.323621
vn -0.945931 -0.023098 0.323543
vn -0.945931 -0.023098 -0.323543
vn -0.945931 -0.023098 0.323543
vn -0.440227 -0.008365 0.897847
vn -0.440276 -0.009648 0.897811
vn -0.945887 -0.025849 0.323464
vn -0.440227 -0.008365 0.897847
vn 0.440004 0.016325 0.897848
vn 0.440029 0.017607 0.897811
vn -0.440276 -0.009648 0.897811
vn 0.440004 0.016325 0.897848
vn 0.945739 0.029965 0.323543
vn 0.945675 0.032715 0.323464
vn 0.440029 0.017607 0.897811
vn 0.945739 0.029965 0.323543
vn 0.945739 0.029965 -0.323543
vn 0.945675 0.032715 -0.323464
vn 0.945675 0.032715 0.323464
vn 0.945739 0.029965 -0.323543
vn 0.440004 0.016325 -0.897848
vn 0.440029 0.017607 -0.897811
vn 0.945675 0.032715 -0.323464
vn 0.440004 0.016325 -0.897848
vn -0.440227 -0.008365 -0.897847
vn -0.440276 -0.009648 -0.897811
vn 0.440029 0.017607 -0.897811
vn -0.440227 -0.008365 -0.897847
vn -0.945931 -0.023098 -0.323543
vn -0.945887 -0.025849 -0.323464
vn -0.440276 -0.009648 -0.897811
vn -0.945931 -0.023098 -0.323543
vn -0.945931 -0.023098 0.323543
vn -0.945887 -0.025849 0.323464
vn -0.945887 -0.025849 -0.323464
vn -0.945887 -0.025849 0.323464
vn -0.440276 -0.009648 0.897811
vn -0.440321 -0.010966 0.897773
vn -0.945833 -0.028676 0.323384
vn -0.440276 -0.009648 0.897811
vn 0.440029 0.017607 0.897811
vn 0.440051 0.018923 0.897774
vn -0.440321 -0.010966 0.897773
vn 0.440029 0.017607 0.897811
vn 0.945675 0.032715 0.323464
vn 0.945600 0.035540 0.323384
vn 0.440051 0.018923 0.897774
vn 0.945675 0.032715 0.323464
vn 0.945675 0.032715 -0.323464
vn 0.945600 0.035540 -0.323384
vn 0.945600 0.035540 0.323384
vn 0.945675 0.032715 -0.323464
vn 0.440029 0.017607 -0.897811
vn 0.440051 0.018923 -0.897774
vn 0.945600 0.035540 -0.323384
vn 0.440029 0.017607 -0.897811
vn -0.440276 -0.009648 -0.897811
vn -0.440321 -0.010966 -0.897773
vn 0.440051 0.018923 -0.897774
vn -0.440276 -0.009648 -0.897811
vn -0.945887 -0.025849 -0.323464
vn -0.945833 -0.028676 -0.323384
vn -0.440321 -0.010966 -0.897773
vn -0.945887 -0.025849 -0.323464
vn -0.945887 -0.025849 0.323464
vn -0.945833 -0.028676 0.323384
vn -0.945833 -0.028676 -0.323384
vn -0.945833 -0.028676 0.323384
vn -0.440321 -0.010966 0.897773
vn -0.440362 -0.012318 0.897736
vn -0.945769 -0.031575 0.323303
vn -0.440321 -0.010966 0.897773
vn 0.440051 0.018923 0.897774
vn 0.440068 0.020274 0.897736
vn -0.440362 -0.012318 0.897736
vn 0.440051 0.018923 0.897774
vn 0.945600 0.035540 0.323384
vn 0.945515 0.038437 0.323303
vn 0.440068 0.020274 0.897736
vn 0.945600 0.035540 0.323384
vn 0.945600 0.035540 -0.323384
vn 0.945515 0.038437 -0.323303
vn 0.945515 0.038437 0.323303
vn 0.945600 0.035540 -0.323384
vn 0.440051 0.018923 -0.897774
vn 0.440068 0.020274 -0.897736
vn 0.945515 0.038437 -0.323303
vn 0.440051 0.018923 -0.897774
vn -0.440321 -0.010966 -0.897773
vn -0.440362 -0.012318 -0.897736
vn 0.440068 0.020274 -0.897736
vn -0.440321 -0.010966 -0.897773
vn -0.945833 -0.028676 -0.323384
vn -0.945769 -0.031575 -0.323303
vn -0.440362 -0.012318 -0.897736
vn -0.945833 -0.028676 -0.323384
vn -0.945833 -0.028676 0.323384
vn -0.945769 -0.031575 0.323303
vn -0.945769 -0.031575 -0.323303
vn -0.945769 -0.031575 0.323303
vn -0.440362 -0.012318 0.897736
vn -0.440399 -0.013703 0.897698
vn -0.945693 -0.034544 0.323221
vn -0.440362 -0.012318 0.897736
vn 0.440068 0.020274 0.897736
vn 0.440080 0.021657 0.897698
vn -0.440399 -0.013703 0.897698
vn 0.440068 0.020274 0.897736
vn 0.945515 0.038437 0.323303
vn 0.945417 0.041404 0.323221
vn 0.440080 0.021657 0.897698
vn 0.945515 0.038437 0.323303
vn 0.945515 0.038437 -0.323303
vn 0.945417 0.041404 -0.323221
vn 0.945417 0.041404 0.323221
vn 0.945515 0.038437 -0.323303
vn 0.440068 0.020274 -0.897736
vn 0.440080 0.021657 -0.897698
vn 0.945417 0.041404 -0.323221
vn 0.440068 0.020274 -0.897736
vn -0.440362 -0.012318 -0.897736
vn -0.440399 -0.013703 -0.897698
vn 0.440080 0.021657 -0.897698
vn -0.440362 -0.012318 -0.897736
vn -0.945769 -0.031575 -0.323303
vn -0.945693 -0.034544 -0.323221
vn -0.440399 -0.013703 -0.897698
vn -0.945769 -0.031575 -0.323303
vn -0.945769 -0.031575 0.323303
vn -0.945693 -0.034544 0.323221
vn -0.945693 -0.034544 -0.323221
vn -0.945693 -0.034544 0.323221
vn -0.440399 -0.013703 0.897698
vn -0.440432 -0.015120 0.897659
vn -0.945605 -0.037580 0.323138
vn -0.440399 -0.013703 0.897698
vn 0.440080 0.021657 0.897698
vn 0.440087 0.023072 0.897659
vn -0.440432 -0.015120 0.897659
vn 0.440080 0.021657 0.897698
vn 0.945417 0.041404 0.323221
vn 0.945308 0.044438 0.323138
vn 0.440087 0.023072 0.897659
vn 0.945417 0.041404 0.323221
vn 0.945417 0.041404 -0.323221
vn 0.945308 0.044438 -0.323138
vn 0.945308 0.044438 0.323138
vn 0.945417 0.041404 -0.323221
vn 0.440080 0.021657 -0.897698
vn 0.440087 0.023072 -0.897659
vn 0.945308 0.044438 -0.323138
vn 0.440080 0.021657 -0.897698
vn -0.440399 -0.013703 -0.897698
vn -0.440432 -0.015120 -0.897659
vn 0.440087 0.023072 -0.897659
vn -0.440399 -0.013703 -0.897698
vn -0.945693 -0.034544 -0.323221
vn -0.945605 -0.037580 -0.323138
vn -0.440432 -0.015120 -0.897659
vn -0.945693 -0.034544 -0.323221
vn -0.945693 -0.034544 0.323221
vn -0.945605 -0.037580 0.323138
vn -0.945605 -0.037580 -0.323138
vn -0.945605 -0.037580 0.323138
vn -0.440432 -0.015120 0.897659
vn -0.440460 -0.016567 0.897620
vn -0.945506 -0.040681 0.323054
vn -0.440432 -0.015120 0.897659
vn 0.440087 0.023072 0.897659
vn 0.440089 0.024517 0.897620
vn -0.440460 -0.016567 0.897620
vn 0.440087 0.023072 0.897659
vn 0.945308 0.044438 0.323138
vn 0.945186 0.047536 0.323054
vn 0.440089 0.024517 0.897620
vn 0.945308 0.044438 0.323138
vn 0.945308 0.044438 -0.323138
vn 0.945186 0.047536 -0.323054
vn 0.945186 0.047536 0.323054
vn 0.945308 0.044438 -0.323138
vn 0.440087 0.023072 -0.897659
vn 0.440089 0.024517 -0.897620
vn 0.945186 0.047536 -0.323054
vn 0.440087 0.023072 -0.897659
vn -0.440432 -0.015120 -0.897659
vn -0.440460 -0.016567 -0.897620
vn 0.440089 0.024517 -0.897620
vn -0.440432 -0.015120 -0.897659
vn -0.945605 -0.037580 -0.323138
vn -0.945506 -0.040681 -0.323054
vn -0.440460 -0.016567 -0.897620
vn -0.945605 -0.037580 -0.323138
vn -0.945605 -0.037580 0.323138
vn -0.945506 -0.040681 0.323054
vn -0.945506 -0.040681 -0.323054
vn -0.945506 -0.040681 0.323054
vn -0.440460 -0.016567 0.897620
vn -0.440482 -0.018045 0.897580
vn -0.945394 -0.043844 0.322968
vn -0.440460 -0.016567 0.897620
vn 0.440089 0.024517 0.897620
vn 0.440085 0.025992 0.897580
vn -0.440482 -0.018045 0.897580
vn 0.440089 0.024517 0.897620
vn 0.945186 0.047536 0.323054
vn 0.945051 0.050697 0.322968
vn 0.440085 0.025992 0.897580
vn 0.945186 0.047536 0.323054
vn 0.945186 0.047536 -0.323054
vn 0.945051 0.050697 -0.322968
vn 0.945051 0.050697 0.322968
vn 0.945186 0.047536 -0.323054
vn 0.440089 0.024517 -0.897620
vn 0.440085 0.025992 -0.897580
vn 0.945051 0.050697 -0.322968
vn 0.440089 0.024517 -0.897620
vn -0.440460 -0.016567 -0.897620
vn -0.440482 -0.018045 -0.897580
vn 0.440085 0.025992 -0.897580
vn -0.440460 -0.016567 -0.897620
vn -0.945506 -0.040681 -0.323054
vn -0.945394 -0.043844 -0.322968
vn -0.440482 -0.018045 -0.897580
vn -0.945506 -0.040681 -0.323054
vn -0.945506 -0.040681 0.323054
vn -0.945394 -0.043844 0.322968
vn -0.945394 -0.043844 -0.322968
vn -0.945394 -0.043844 0.322968
vn -0.440482 -0.018045 0.897580
vn -0.440500 -0.019550 0.897540
vn -0.945268 -0.047068 0.322882
vn -0.440482 -0.018045 0.897580
vn 0.440085 0.025992 0.897580
vn 0.440076 0.027495 0.897540
vn -0.440500 -0.019550 0.897540
vn 0.440085 0.025992 0.897580
vn 0.945051 0.050697 0.322968
vn 0.944902 0.053917 0.322882
vn 0.440076 0.027495 0.897540
vn 0.945051 0.050697 0.322968
vn 0.945051 0.050697 -0.322968
vn 0.944902 0.053917 -0.322882
vn 0.944902 0.053917 0.322882
vn 0.945051 0.050697 -0.322968
vn 0.440085 0.025992 -0.897580
vn 0.440076 0.027495 -0.897540
vn 0.944902 0.053917 -0.322882
vn 0.440085 0.025992 -0.897580
vn -0.440482 -0.018045 -0.897580
vn -0.440500 -0.019550 -0.897540
vn 0.440076 0.027495 -0.897540
vn -0.440482 -0.018045 -0.897580
vn -0.945394 -0.043844 -0.322968
vn -0.945268 -0.047068 -0.322882
vn -0.440500 -0.019550 -0.897540
vn -0.945394 -0.043844 -0.322968
vn -0.945394 -0.043844 0.322968
vn -0.945268 -0.047068 0.322882
vn -0.945268 -0.047068 -0.322882
vn -0.945268 -0.047068 0.322882
vn -0.440500 -0.019550 0.897540
vn -0.440513 -0.021084 0.897499
vn -0.945129 -0.050350 0.322794
vn -0.440500 -0.019550 0.897540
vn 0.440076 0.027495 0.897540
vn 0.440061 0.029026 0.897499
vn -0.440513 -0.021084 0.897499
vn 0.440076 0.027495 0.897540
vn 0.944902 0.053917 0.322882
vn 0.944739 0.057197 0.322794
vn 0.440061 0.029026 0.897499
vn 0.944902 0.053917 0.322882
vn 0.944902 0.053917 -0.322882
vn 0.944739 0.057197 -0.322794
vn 0.944739 0.057197 0.322794
vn 0.944902 0.053917 -0.322882
vn 0.440076 0.027495 -0.897540
vn 0.440061 0.029026 -0.897499
vn 0.944739 0.057197 -0.322794
vn 0.440076 0.027495 -0.897540
vn -0.440500 -0.019550 -0.897540
vn -0.440513 -0.021084 -0.897499
vn 0.440061 0.029026 -0.897499
vn -0.440500 -0.019550 -0.897540
vn -0.945268 -0.047068 -0.322882
vn -0.945129 -0.050350 -0.322794
vn -0.440513 -0.021084 -0.897499
vn -0.945268 -0.047068 -0.322882
vn -0.945268 -0.047068 0.322882
vn -0.945129 -0.050350 0.322794
vn -0.945129 -0.050350 -0.322794
vn -0.945129 -0.050350 0.322794
vn -0.440513 -0.021084 0.897499
vn -0.440519 -0.022645 0.897457
vn -0.944975 -0.053689 0.322706
vn -0.440513 -0.021084 0.897499
vn 0.440061 0.029026 0.897499
vn 0.440039 0.030584 0.897457
vn -0.440519 -0.022645 0.897457
vn 0.440061 0.029026 0.897499
vn 0.944739 0.057197 0.322794
vn 0.944562 0.060532 0.322706
vn 0.440039 0.030584 0.897457
vn 0.944739 0.057197 0.322794
vn 0.944739 0.057197 -0.322794
vn 0.944562 0.060532 -0.322706
vn 0.944562 0.060532 0.322706
vn 0.944739 0.057197 -0.322794
vn 0.440061 0.029026 -0.897499
vn 0.440039 0.030584 -0.897457
vn 0.944562 0.060532 -0.322706
vn 0.440061 0.029026 -0.897499
vn -0.440513 -0.021084 -0.897499
vn -0.440519 -0.022645 -0.897457
vn 0.440039 0.030584 -0.897457
vn -0.440513 -0.021084 -0.897499
vn -0.945129 -0.050350 -0.322794
vn -0.944975 -0.053689 -0.322706
vn -0.440519 -0.022645 -0.897457
vn -0.945129 -0.050350 -0.322794
vn -0.945129 -0.050350 0.322794
vn -0.944975 -0.053689 0.322706
vn -0.944975 -0.053689 -0.322706
vn -0.944975 -0.053689 0.322706
vn -0.440519 -0.022645 0.897457
vn -0.440520 -0.024232 0.897416
vn -0.944807 -0.057082 0.322616
vn -0.440519 -0.022645 0.897457
vn 0.440039 0.030584 0.897457
vn 0.440012 0.032167 0.897416
vn -0.440520 -0.024232 0.897416
vn 0.440039 0.030584 0.897457
vn 0.944562 0.060532 0.322706
vn 0.944369 0.063922 0.322616
vn 0.440012 0.032167 0.897416
vn 0.944562 0.060532 0.322706
vn 0.944562 0.060532 -0.322706
vn 0.944369 0.063922 -0.322616
vn 0.944369 0.063922 0.322616
vn 0.944562 0.060532 -0.322706
vn 0.440039 0.030584 -0.897457
vn 0.440012 0.032167 -0.897416
vn 0.944369 0.063922 -0.322616
vn 0.440039 0.030584 -0.897457
vn -0.440519 -0.022645 -0.897457
vn -0.440520 -0.024232 -0.897416
vn 0.440012 0.032167 -0.897416
vn -0.440519 -0.022645 -0.897457
vn -0.944975 -0.053689 -0.322706
vn -0.944807 -0.057082 -0.322616
vn -0.440520 -0.024232 -0.897416
vn -0.944975 -0.053689 -0.322706
vn -0.944975 -0.053689 0.322706
vn -0.944807 -0.057082 0.322616
vn -0.944807 -0.057082 -0.322616
vn -0.944807 -0.057082 0.322616
vn -0.440520 -0.024232 0.897416
vn -0.440515 -0.025844 0.897373
vn -0.944624 -0.060530 0.322525
vn -0.440520 -0.024232 0.897416
vn 0.440012 0.032167 0.897416
vn 0.439978 0.033776 0.897373
vn -0.440515 -0.025844 0.897373
vn 0.440012 0.032167 0.897416
vn 0.944369 0.063922 0.322616
vn 0.944161 0.067366 0.322525
vn 0.439978 0.033776 0.897373
vn 0.944369 0.063922 0.322616
vn 0.944369 0.063922 -0.322616
vn 0.944161 0.067366 -0.322525
vn 0.944161 0.067366 0.322525
vn 0.944369 0.063922 -0.322616
vn 0.440012 0.032167 -0.897416
vn 0.439978 0.033776 -0.897373
vn 0.944161 0.067366 -0.322525
vn 0.440012 0.032167 -0.897416
vn -0.440520 -0.024232 -0.897416
vn -0.440515 -0.025844 -0.897373
vn 0.439978 0.033776 -0.897373
vn -0.440520 -0.024232 -0.897416
vn -0.944807 -0.057082 -0.322616
vn -0.944624 -0.060530 -0.322525
vn -0.440515 -0.025844 -0.897373
vn -0.944807 -0.057082 -0.322616
vn -0.944807 -0.057082 0.322616
vn -0.944624 -0.060530 0.322525
vn -0.944624 -0.060530 -0.322525
vn -0.944624 -0.060530 0.322525
vn -0.440515 -0.025844 0.897373
vn -0.440504 -0.027482 0.897330
vn -0.944425 -0.064029 0.322432
vn -0.440515 -0.025844 0.897373
vn 0.439978 0.033776 0.897373
vn 0.439937 0.035410 0.897330
vn -0.440504 -0.027482 0.897330
vn 0.439978 0.033776 0.897373
vn 0.944161 0.067366 0.322525
vn 0.943937 0.070861 0.322432
vn 0.439937 0.035410 0.897330
vn 0.944161 0.067366 0.322525
vn 0.944161 0.067366 -0.322525
vn 0.943937 0.070861 -0.322432
vn 0.943937 0.070861 0.322432
vn 0.944161 0.067366 -0.322525
vn 0.439978 0.033776 -0.897373
vn 0.439937 0.035410 -0.897330
vn 0.943937 0.070861 -0.322432
vn 0.439978 0.033776 -0.897373
vn -0.440515 -0.025844 -0.897373
vn -0.440504 -0.027482 -0.897330
vn 0.439937 0.035410 -0.897330
vn -0.440515 -0.025844 -0.897373
vn -0.944624 -0.060530 -0.322525
vn -0.944425 -0.064029 -0.322432
vn -0.440504 -0.027482 -0.897330
vn -0.944624 -0.060530 -0.322525
vn -0.944624 -0.060530 0.322525
vn -0.944425 -0.064029 0.322432
vn -0.944425 -0.064029 -0.322432
vn -0.944425 -0.064029 0.322432
vn -0.440504 -0.027482 0.897330
vn -0.440486 -0.029143 0.897286
vn -0.944209 -0.067578 0.322339
vn -0.440504 -0.027482 0.897330
vn 0.439937 0.035410 0.897330
vn 0.439890 0.037067 0.897286
vn -0.440486 -0.029143 0.897286
vn 0.439937 0.035410 0.897330
vn 0.943937 0.070861 0.322432
vn 0.943696 0.074406 0.322339
vn 0.439890 0.037067 0.897286
vn 0.943937 0.070861 0.322432
vn 0.943937 0.070861 -0.322432
vn 0.943696 0.074406 -0.322339
vn 0.943696 0.074406 0.322339
vn 0.943937 0.070861 -0.322432
vn 0.439937 0.035410 -0.897330
vn 0.439890 0.037067 -0.897286
vn 0.943696 0.074406 -0.322339
vn 0.439937 0.035410 -0.897330
vn -0.440504 -0.027482 -0.897330
vn -0.440486 -0.029143 -0.897286
vn 0.439890 0.037067 -0.897286
vn -0.440504 -0.027482 -0.897330
vn -0.944425 -0.064029 -0.322432
vn -0.944209 -0.067578 -0.322339
vn -0.440486 -0.029143 -0.897286
vn -0.944425 -0.064029 -0.322432
vn -0.944425 -0.064029 0.322432
vn -0.944209 -0.067578 0.322339
vn -0.944209 -0.067578 -0.322339
vn -0.944209 -0.067578 0.322339
vn -0.440486 -0.029143 0.897286
vn -0.440461 -0.030828 0.897242
vn -0.943977 -0.071177 0.322244
vn -0.440486 -0.029143 0.897286
vn 0.439890 0.037067 0.897286
vn 0.439835 0.038748 0.897242
vn -0.440461 -0.030828 0.897242
vn 0.439890 0.037067 0.897286
vn 0.943696 0.074406 0.322339
vn 0.943438 0.078001 0.322244
vn 0.439835 0.038748 0.897242
vn 0.943696 0.074406 0.322339
vn 0.943696 0.074406 -0.322339
vn 0.943438 0.078001 -0.322244
vn 0.943438 0.078001 0.322244
vn 0.943696 0.074406 -0.322339
vn 0.439890 0.037067 -0.897286
vn 0.439835 0.038748 -0.897242
vn 0.943438 0.078001 -0.322244
vn 0.439890 0.037067 -0.897286
vn -0.440486 -0.029143 -0.897286
vn -0.440461 -0.030828 -0.897242
vn 0.439835 0.038748 -0.897242
vn -0.440486 -0.029143 -0.897286
vn -0.944209 -0.067578 -0.322339
vn -0.943977 -0.071177 -0.322244
vn -0.440461 -0.030828 -0.897242
vn -0.944209 -0.067578 -0.322339
vn -0.944209 -0.067578 0.322339
vn -0.943977 -0.071177 0.322244
vn -0.943977 -0.071177 -0.322244
vn -0.943977 -0.071177 0.322244
vn -0.440461 -0.030828 0.897242
vn -0.440430 -0.032536 0.897197
vn -0.943728 -0.074823 0.322147
vn -0.440461 -0.030828 0.897242
vn 0.439835 0.038748 0.897242
vn 0.439773 0.040451 0.897197
vn -0.440430 -0.032536 0.897197
vn 0.439835 0.038748 0.897242
vn 0.943438 0.078001 0.322244
vn 0.943163 0.081642 0.322147
vn 0.439773 0.040451 0.897197
vn 0.943438 0.078001 0.322244
vn 0.943438 0.078001 -0.322244
vn 0.943163 0.081642 -0.322147
vn 0.943163 0.081642 0.322147
vn 0.943438 0.078001 -0.322244
vn 0.439835 0.038748 -0.897242
vn 0.439773 0.040451 -0.897197
vn 0.943163 0.081642 -0.322147
vn 0.439835 0.038748 -0.897242
vn -0.440461 -0.030828 -0.897242
vn -0.440430 -0.032536 -0.897197
vn 0.439773 0.040451 -0.897197
vn -0.440461 -0.030828 -0.897242
vn -0.943977 -0.071177 -0.322244
vn -0.943728 -0.074823 -0.322147
vn -0.440430 -0.032536 -0.897197
vn -0.943977 -0.071177 -0.322244
vn -0.943977 -0.071177 0.322244
vn -0.943728 -0.074823 0.322147
vn -0.943728 -0.074823 -0.322147
vn -0.943728 -0.074823 0.322147
vn -0.440430 -0.032536 0.897197
vn -0.440391 -0.034267 0.897152
vn -0.943461 -0.078515 0.322050
vn -0.440430 -0.032536 0.897197
vn 0.439773 0.040451 0.897197
vn 0.439704 0.042177 0.897152
vn -0.440391 -0.034267 0.897152
vn 0.439773 0.040451 0.897197
vn 0.943163 0.081642 0.322147
vn 0.942869 0.085329 0.322050
vn 0.439704 0.042177 0.897152
vn 0.943163 0.081642 0.322147
vn 0.943163 0.081642 -0.322147
vn 0.942869 0.085329 -0.322050
vn 0.942869 0.085329 0.322050
vn 0.943163 0.081642 -0.322147
vn 0.439773 0.040451 -0.897197
vn 0.439704 0.042177 -0.897152
vn 0.942869 0.085329 -0.322050
vn 0.439773 0.040451 -0.897197
vn -0.440430 -0.032536 -0.897197
vn -0.440391 -0.034267 -0.897152
vn 0.439704 0.042177 -0.897152
vn -0.440430 -0.032536 -0.897197
vn -0.943728 -0.074823 -0.322147
vn -0.943461 -0.078515 -0.322050
vn -0.440391 -0.034267 -0.897152
vn -0.943728 -0.074823 -0.322147
vn -0.943728 -0.074823 0.322147
vn -0.943461 -0.078515 0.322050
vn -0.943461 -0.078515 -0.322050
vn -0.943461 -0.078515 0.322050
vn -0.440391 -0.034267 0.897152
vn -0.440345 -0.036019 0.897106
vn -0.943177 -0.082252 0.321951
vn -0.440391 -0.034267 0.897152
vn 0.439704 0.042177 0.897152
vn 0.439627 0.043924 0.897106
vn -0.440345 -0.036019 0.897106
vn 0.439704 0.042177 0.897152
vn 0.942869 0.085329 0.322050
vn 0.942558 0.089061 0.321951
vn 0.439627 0.043924 0.897106
vn 0.942869 0.085329 0.322050
vn 0.942869 0.085329 -0.322050
vn 0.942558 0.089061 -0.321951
vn 0.942558 0.089061 0.321951
vn 0.942869 0.085329 -0.322050
vn 0.439704 0.042177 -0.897152
vn 0.439627 0.043924 -0.897106
vn 0.942558 0.089061 -0.321951
vn 0.439704 0.042177 -0.897152
vn -0.440391 -0.034267 -0.897152
vn -0.440345 -0.036019 -0.897106
vn 0.439627 0.043924 -0.897106
vn -0.440391 -0.034267 -0.897152
vn -0.943461 -0.078515 -0.322050
vn -0.943177 -0.082252 -0.321951
vn -0.440345 -0.036019 -0.897106
vn -0.943461 -0.078515 -0.322050
vn -0.943461 -0.078515 0.322050
vn -0.943177 -0.082252 0.321951
vn -0.943177 -0.082252 -0.321951
vn -0.943177 -0.082252 0.321951
vn -0.440345 -0.036019 0.897106
vn -0.440292 -0.037792 0.897059
vn -0.942873 -0.086033 0.321851
vn -0.440345 -0.036019 0.897106
vn 0.439627 0.043924 0.897106
vn 0.439543 0.045691 0.897059
vn -0.440292 -0.037792 0.897059
vn 0.439627 0.043924 0.897106
vn 0.942558 0.089061 0.321951
vn 0.942228 0.092837 0.321851
vn 0.439543 0.045691 0.897059
vn 0.942558 0.089061 0.321951
vn 0.942558 0.089061 -0.321951
vn 0.942228 0.092837 -0.321851
vn 0.942228 0.092837 0.321851
vn 0.942558 0.089061 -0.321951
vn 0.439627 0.043924 -0.897106
vn 0.439543 0.045691 -0.897059
vn 0.942228 0.092837 -0.321851
vn 0.439627 0.043924 -0.897106
vn -0.440345 -0.036019 -0.897106
vn -0.440292 -0.037792 -0.897059
vn 0.439543 0.045691 -0.897059
vn -0.440345 -0.036019 -0.897106
vn -0.943177 -0.082252 -0.321951
vn -0.942873 -0.086033 -0.321851
vn -0.440292 -0.037792 -0.897059
vn -0.943177 -0.082252 -0.321951
vn -0.943177 -0.082252 0.321951
vn -0.942873 -0.086033 0.321851
vn -0.942873 -0.086033 -0.321851
vn -0.942873 -0.086033 0.321851
vn -0.440292 -0.037792 0.897059
vn -0.440231 -0.039587 0.897011
vn -0.942552 -0.089857 0.321749
vn -0.440292 -0.037792 0.897059
vn 0.439543 0.045691 0.897059
vn 0.439450 0.047479 0.897011
vn -0.440231 -0.039587 0.897011
vn 0.439543 0.045691 0.897059
vn 0.942228 0.092837 0.321851
vn 0.941879 0.096655 0.321749
vn 0.439450 0.047479 0.897011
vn 0.942228 0.092837 0.321851
vn 0.942228 0.092837 -0.321851
vn 0.941879 0.096655 -0.321749
vn 0.941879 0.096655 0.321749
vn 0.942228 0.092837 -0.321851
vn 0.439543 0.045691 -0.897059
vn 0.439450 0.047479 -0.897011
vn 0.941879 0.096655 -0.321749
vn 0.439543 0.045691 -0.897059
vn -0.440292 -0.037792 -0.897059
vn -0.440231 -0.039587 -0.897011
vn 0.439450 0.047479 -0.897011
vn -0.440292 -0.037792 -0.897059
vn -0.942873 -0.086033 -0.321851
vn -0.942552 -0.089857 -0.321749
vn -0.440231 -0.039587 -0.897011
vn -0.942873 -0.086033 -0.321851
vn -0.942873 -0.086033 0.321851
vn -0.942552 -0.089857 0.321749
vn -0.942552 -0.089857 -0.321749
vn -0.942552 -0.089857 0.321749
vn -0.440231 -0.039587 0.897011
vn -0.440162 -0.041401 0.896963
vn -0.942210 -0.093722 0.321646
vn -0.440231 -0.039587 0.897011
vn 0.439450 0.047479 0.897011
vn 0.439349 0.049288 0.896963
vn -0.440162 -0.041401 0.896963
vn 0.439450 0.047479 0.897011
vn 0.941879 0.096655 0.321749
vn 0.941510 0.100514 0.321646
vn 0.439349 0.049288 0.896963
vn 0.941879 0.096655 0.321749
vn 0.941879 0.096655 -0.321749
vn 0.941510 0.100514 -0.321646
vn 0.941510 0.100514 0.321646
vn 0.941879 0.096655 -0.321749
vn 0.439450 0.047479 -0.897011
vn 0.439349 0.049288 -0.896963
vn 0.941510 0.100514 -0.321646
vn 0.439450 0.047479 -0.897011
vn -0.440231 -0.039587 -0.897011
vn -0.440162 -0.041401 -0.896963
vn 0.439349 0.049288 -0.896963
vn -0.440231 -0.039587 -0.897011
vn -0.942552 -0.089857 -0.321749
vn -0.942210 -0.093722 -0.321646
vn -0.440162 -0.041401 -0.896963
vn -0.942552 -0.089857 -0.321749
vn -0.942552 -0.089857 0.321749
vn -0.942210 -0.093722 0.321646
vn -0.942210 -0.093722 -0.321646
vn -0.942210 -0.093722 0.321646
vn -0.440162 -0.041401 0.896963
vn -0.440086 -0.043235 0.896914
vn -0.941849 -0.097627 0.321541
vn -0.440162 -0.041401 0.896963
vn 0.439349 0.049288 0.896963
vn 0.439240 0.051115 0.896914
vn -0.440086 -0.043235 0.896914
vn 0.439349 0.049288 0.896963
vn 0.941510 0.100514 0.321646
vn 0.941121 0.104413 0.321541
vn 0.439240 0.051115 0.896914
vn 0.941510 0.100514 0.321646
vn 0.941510 0.100514 -0.321646
vn 0.941121 0.104413 -0.321541
vn 0.941121 0.104413 0.321541
vn 0.941510 0.100514 -0.321646
vn 0.439349 0.049288 -0.896963
vn 0.439240 0.051115 -0.896914
vn 0.941121 0.104413 -0.321541
vn 0.439349 0.049288 -0.896963
vn -0.440162 -0.041401 -0.896963
vn -0.440086 -0.043235 -0.896914
vn 0.439240 0.051115 -0.896914
vn -0.440162 -0.041401 -0.896963
vn -0.942210 -0.093722 -0.321646
vn -0.941849 -0.097627 -0.321541
vn -0.440086 -0.043235 -0.896914
vn -0.942210 -0.093722 -0.321646
vn -0.942210 -0.093722 0.321646
vn -0.941849 -0.097627 0.321541
vn -0.941849 -0.097627 -0.321541
vn -0.941849 -0.097627 0.321541
vn -0.440086 -0.043235 0.896914
vn -0.440001 -0.045088 0.896865
vn -0.941468 -0.101572 0.321435
vn -0.440086 -0.043235 0.896914
vn 0.439240 0.051115 0.896914
vn 0.439123 0.052961 0.896865
vn -0.440001 -0.045088 0.896865
vn 0.439240 0.051115 0.896914
vn 0.941121 0.104413 0.321541
vn 0.940712 0.108350 0.321435
vn 0.439123 0.052961 0.896865
vn 0.941121 0.104413 0.321541
vn 0.941121 0.104413 -0.321541
vn 0.940712 0.108350 -0.321435
vn 0.940712 0.108350 0.321435
vn 0.941121 0.104413 -0.321541
vn 0.439240 0.051115 -0.896914
vn 0.439123 0.052961 -0.896865
vn 0.940712 0.108350 -0.321435
vn 0.439240 0.051115 -0.896914
vn -0.440086 -0.043235 -0.896914
vn -0.440001 -0.045088 -0.896865
vn 0.439123 0.052961 -0.896865
vn -0.440086 -0.043235 -0.896914
vn -0.941849 -0.097627 -0.321541
vn -0.941468 -0.101572 -0.321435
vn -0.440001 -0.045088 -0.896865
vn -0.941849 -0.097627 -0.321541
vn -0.941849 -0.097627 0.321541
vn -0.941468 -0.101572 0.321435
vn -0.941468 -0.101572 -0.321435
vn -0.941468 -0.101572 0.321435
vn -0.440001 -0.045088 0.896865
vn -0.439908 -0.046960 0.896814
vn -0.941067 -0.105555 0.321327
vn -0.440001 -0.045088 0.896865
vn 0.439123 0.052961 0.896865
vn 0.438997 0.054826 0.896814
vn -0.439908 -0.046960 0.896814
vn 0.439123 0.052961 0.896865
vn 0.940712 0.108350 0.321435
vn 0.940283 0.112326 0.321327
vn 0.438997 0.054826 0.896814
vn 0.940712 0.108350 0.321435
vn 0.940712 0.108350 -0.321435
vn 0.940283 0.112326 -0.321327
vn 0.940283 0.112326 0.321327
vn 0.940712 0.108350 -0.321435
vn 0.439123 0.052961 -0.896865
vn 0.438997 0.054826 -0.896814
vn 0.940283 0.112326 -0.321327
vn 0.439123 0.052961 -0.896865
vn -0.440001 -0.045088 -0.896865
vn -0.439908 -0.046960 -0.896814
vn 0.438997 0.054826 -0.896814
vn -0.440001 -0.045088 -0.896865
vn -0.941468 -0.101572 -0.321435
vn -0.941067 -0.105555 -0.321327
vn -0.439908 -0.046960 -0.896814
vn -0.941468 -0.101572 -0.321435
vn -0.941468 -0.101572 0.321435
vn -0.941067 -0.105555 0.321327
vn -0.941067 -0.105555 -0.321327
vn -0.941067 -0.105555 0.321327
vn -0.439908 -0.046960 0.896814
vn -0.439806 -0.048851 0.896763
vn -0.940645 -0.109574 0.321218
vn -0.439908 -0.046960 0.896814
vn 0.438997 0.054826 0.896814
vn 0.438862 0.056708 0.896763
vn -0.439806 -0.048851 0.896763
vn 0.438997 0.054826 0.896814
vn 0.940283 0.112326 0.321327
vn 0.939832 0.116339 0.321218
vn 0.438862 0.056708 0.896763
vn 0.940283 0.112326 0.321327
vn 0.940283 0.112326 -0.321327
vn 0.939832 0.116339 -0.321218
vn 0.939832 0.116339 0.321218
vn 0.940283 0.112326 -0.321327
vn 0.438997 0.054826 -0.896814
vn 0.438862 0.056708 -0.896763
vn 0.939832 0.116339 -0.321218
vn 0.438997 0.054826 -0.896814
vn -0.439908 -0.046960 -0.896814
vn -0.439806 -0.048851 -0.896763
vn 0.438862 0.056708 -0.896763
vn -0.439908 -0.046960 -0.896814
vn -0.941067 -0.105555 -0.321327
vn -0.940645 -0.109574 -0.321218
vn -0.439806 -0.048851 -0.896763
vn -0.941067 -0.105555 -0.321327
vn -0.941067 -0.105555 0.321327
vn -0.940645 -0.109574 0.321218
vn -0.940645 -0.109574 -0.321218
vn -0.940645 -0.109574 0.321218
vn -0.439806 -0.048851 0.896763
vn -0.439695 -0.050759 0.896712
vn -0.940201 -0.113630 0.321107
vn -0.439806 -0.048851 0.896763
vn 0.438862 0.056708 0.896763
vn 0.438718 0.058608 0.896712
vn -0.439695 -0.050759 0.896712
vn 0.438862 0.056708 0.896763
vn 0.939832 0.116339 0.321218
vn 0.939360 0.120387 0.321107
vn 0.438718 0.058608 0.896712
vn 0.939832 0.116339 0.321218
vn 0.939832 0.116339 -0.321218
vn 0.939360 0.120387 -0.321107
vn 0.939360 0.120387 0.321107
vn 0.939832 0.116339 -0.321218
vn 0.438862 0.056708 -0.896763
vn 0.438718 0.058608 -0.896712
vn 0.939360 0.120387 -0.321107
vn 0.438862 0.056708 -0.896763
vn -0.439806 -0.048851 -0.896763
vn -0.439695 -0.050759 -0.896712
vn 0.438718 0.058608 -0.896712
vn -0.439806 -0.048851 -0.896763
vn -0.940645 -0.109574 -0.321218
vn -0.940201 -0.113630 -0.321107
vn -0.439695 -0.050759 -0.896712
vn -0.940645 -0.109574 -0.321218
vn -0.940645 -0.109574 0.321218
vn -0.940201 -0.113630 0.321107
vn -0.940201 -0.113630 -0.321107
vn -0.940201 -0.113630 0.321107
vn -0.439695 -0.050759 0.896712
vn -0.439576 -0.052684 0.896659
vn -0.939736 -0.117721 0.320994
vn -0.439695 -0.050759 0.896712
vn 0.438718 0.058608 0.896712
vn 0.438565 0.060526 0.896659
vn -0.439576 -0.052684 0.896659
vn 0.438718 0.058608 0.896712
vn 0.939360 0.120387 0.321107
vn 0.938866 0.124470 0.320994
vn 0.438565 0.060526 0.896659
vn 0.939360 0.120387 0.321107
vn 0.939360 0.120387 -0.321107
vn 0.938866 0.124470 -0.320994
vn 0.938866 0.124470 0.320994
vn 0.939360 0.120387 -0.321107
vn 0.438718 0.058608 -0.896712
vn 0.438565 0.060526 -0.896659
vn 0.938866 0.124470 -0.320994
vn 0.438718 0.058608 -0.896712
vn -0.439695 -0.050759 -0.896712
vn -0.439576 -0.052684 -0.896659
vn 0.438565 0.060526 -0.896659
vn -0.439695 -0.050759 -0.896712
vn -0.940201 -0.113630 -0.321107
vn -0.939736 -0.117721 -0.320994
vn -0.439576 -0.052684 -0.896659
vn -0.940201 -0.113630 -0.321107
vn -0.940201 -0.113630 0.321107
vn -0.939736 -0.117721 0.320994
vn -0.939736 -0.117721 -0.320994
vn -0.939736 -0.117721 0.320994
vn -0.439576 -0.052684 0.896659
vn -0.439448 -0.054627 0.896605
vn -0.939249 -0.121846 0.320880
vn -0.439576 -0.052684 0.896659
vn 0.438565 0.060526 0.896659
vn 0.438403 0.062459 0.896605
vn -0.439448 -0.054627 0.896605
vn 0.438565 0.060526 0.896659
vn 0.938866 0.124470 0.320994
vn 0.938350 0.128586 0.320880
vn 0.438403 0.062459 0.896605
vn 0.938866 0.124470 0.320994
vn 0.938866 0.124470 -0.320994
vn 0.938350 0.128586 -0.320880
vn 0.938350 0.128586 0.320880
vn 0.938866 0.124470 -0.320994
vn 0.438565 0.060526 -0.896659
vn 0.438403 0.062459 -0.896605
vn 0.938350 0.128586 -0.320880
vn 0.438565 0.060526 -0.896659
vn -0.439576 -0.052684 -0.896659
vn -0.439448 -0.054627 -0.896605
vn 0.438403 0.062459 -0.896605
vn -0.439576 -0.052684 -0.896659
vn -0.939736 -0.117721 -0.320994
vn -0.939249 -0.121846 -0.320880
vn -0.439448 -0.054627 -0.896605
vn -0.939736 -0.117721 -0.320994
vn -0.939736 -0.117721 0.320994
vn -0.939249 -0.121846 0.320880
vn -0.939249 -0.121846 -0.320880
vn -0.939249 -0.121846 0.320880
vn -0.439448 -0.054627 0.896605
vn -0.439311 -0.056586 0.896551
vn -0.938740 -0.126003 0.320764
vn -0.439448 -0.054627 0.896605
vn 0.438403 0.062459 0.896605
vn 0.438232 0.064409 0.896551
vn -0.439311 -0.056586 0.896551
vn 0.438403 0.062459 0.896605
vn 0.938350 0.128586 0.320880
vn 0.937812 0.132736 0.320764
vn 0.438232 0.064409 0.896551
vn 0.938350 0.128586 0.320880
vn 0.938350 0.128586 -0.320880
vn 0.937812 0.132736 -0.320764
vn 0.937812 0.132736 0.320764
vn 0.938350 0.128586 -0.320880
vn 0.438403 0.062459 -0.896605
vn 0.438232 0.064409 -0.896551
vn 0.937812 0.132736 -0.320764
vn 0.438403 0.062459 -0.896605
vn -0.439448 -0.054627 -0.896605
vn -0.439311 -0.056586 -0.896551
vn 0.438232 0.064409 -0.896551
vn -0.439448 -0.054627 -0.896605
vn -0.939249 -0.121846 -0.320880
vn -0.938740 -0.126003 -0.320764
vn -0.439311 -0.056586 -0.896551
vn -0.939249 -0.121846 -0.320880
vn -0.939249 -0.121846 0.320880
vn -0.938740 -0.126003 0.320764
vn -0.938740 -0.126003 -0.320764
vn -0.938740 -0.126003 0.320764
vn -0.439311 -0.056586 0.896551
vn -0.439164 -0.058561 0.896496
vn -0.938209 -0.130193 0.320646
vn -0.439311 -0.056586 0.896551
vn 0.438232 0.064409 0.896551
vn 0.438051 0.066375 0.896496
vn -0.439164 -0.058561 0.896496
vn 0.438232 0.064409 0.896551
vn 0.937812 0.132736 0.320764
vn 0.937251 0.136916 0.320646
vn 0.438051 0.066375 0.896496
vn 0.937812 0.132736 0.320764
vn 0.937812 0.132736 -0.320764
vn 0.937251 0.136916 -0.320646
vn 0.937251 0.136916 0.320646
vn 0.937812 0.132736 -0.320764
vn 0.438232 0.064409 -0.896551
vn 0.438051 0.066375 -0.896496
vn 0.937251 0.136916 -0.320646
vn 0.438232 0.064409 -0.896551
vn -0.439311 -0.056586 -0.896551
vn -0.439164 -0.058561 -0.896496
vn 0.438051 0.066375 -0.896496
vn -0.439311 -0.056586 -0.896551
vn -0.938740 -0.126003 -0.320764
vn -0.938209 -0.130193 -0.320646
vn -0.439164 -0.058561 -0.896496
vn -0.938740 -0.126003 -0.320764
vn -0.938740 -0.126003 0.320764
vn -0.938209 -0.130193 0.320646
vn -0.938209 -0.130193 -0.320646
vn -0.938209 -0.130193 0.320646
vn -0.439164 -0.058561 0.896496
vn -0.439009 -0.060551 0.896440
vn -0.937654 -0.134413 0.320527
vn -0.439164 -0.058561 0.896496
vn 0.438051 0.066375 0.896496
vn 0.437861 0.068355 0.896440
vn -0.439009 -0.060551 0.896440
vn 0.438051 0.066375 0.896496
vn 0.937251 0.136916 0.320646
vn 0.936667 0.141127 0.320527
vn 0.437861 0.068355 0.896440
vn 0.937251 0.136916 0.320646
vn 0.937251 0.136916 -0.320646
vn 0.936667 0.141127 -0.320527
vn 0.936667 0.141127 0.320527
vn 0.937251 0.136916 -0.320646
vn 0.438051 0.066375 -0.896496
vn 0.437861 0.068355 -0.896440
vn 0.936667 0.141127 -0.320527
vn 0.438051 0.066375 -0.896496
vn -0.439164 -0.058561 -0.896496
vn -0.439009 -0.060551 -0.896440
vn 0.437861 0.068355 -0.896440
vn -0.439164 -0.058561 -0.896496
vn -0.938209 -0.130193 -0.320646
vn -0.937654 -0.134413 -0.320527
vn -0.439009 -0.060551 -0.896440
vn -0.938209 -0.130193 -0.320646
vn -0.938209 -0.130193 0.320646
vn -0.937654 -0.134413 0.320527
vn -0.937654 -0.134413 -0.320527
vn -0.937654 -0.134413 0.320527
vn -0.439009 -0.060551 0.896440
vn -0.438843 -0.062557 0.896383
vn -0.937077 -0.138664 0.320405
vn -0.439009 -0.060551 0.896440
vn 0.437861 0.068355 0.896440
vn 0.437661 0.070351 0.896383
vn -0.438843 -0.062557 0.896383
vn 0.437861 0.068355 0.896440
vn 0.936667 0.141127 0.320527
vn 0.936060 0.145369 0.320405
vn 0.437661 0.070351 0.896383
vn 0.936667 0.141127 0.320527
vn 0.936667 0.141127 -0.320527
vn 0.936060 0.145369 -0.320405
vn 0.936060 0.145369 0.320405
vn 0.936667 0.141127 -0.320527
vn 0.437861 0.068355 -0.896440
vn 0.437661 0.070351 -0.896383
vn 0.936060 0.145369 -0.320405
vn 0.437861 0.068355 -0.896440
vn -0.439009 -0.060551 -0.896440
vn -0.438843 -0.062557 -0.896383
vn 0.437661 0.070351 -0.896383
vn -0.439009 -0.060551 -0.896440
vn -0.937654 -0.134413 -0.320527
vn -0.937077 -0.138664 -0.320405
vn -0.438843 -0.062557 -0.896383
vn -0.937654 -0.134413 -0.320527
vn -0.937654 -0.134413 0.320527
vn -0.937077 -0.138664 0.320405
vn -0.937077 -0.138664 -0.320405
vn -0.937077 -0.138664 0.320405
vn -0.438843 -0.062557 0.896383
vn -0.438668 -0.064578 0.896326
vn -0.936476 -0.142944 0.320282
vn -0.438843 -0.062557 0.896383
vn 0.437661 0.070351 0.896383
vn 0.437452 0.072361 0.896326
vn -0.438668 -0.064578 0.896326
vn 0.437661 0.070351 0.896383
vn 0.936060 0.145369 0.320405
vn 0.935429 0.149638 0.320282
vn 0.437452 0.072361 0.896326
vn 0.936060 0.145369 0.320405
vn 0.936060 0.145369 -0.320405
vn 0.935429 0.149638 -0.320282
vn 0.935429 0.149638 0.320282
vn 0.936060 0.145369 -0.320405
vn 0.437661 0.070351 -0.896383
vn 0.437452 0.072361 -0.896326
vn 0.935429 0.149638 -0.320282
vn 0.437661 0.070351 -0.896383
vn -0.438843 -0.062557 -0.896383
vn -0.438668 -0.064578 -0.896326
vn 0.437452 0.072361 -0.896326
vn -0.438843 -0.062557 -0.896383
vn -0.937077 -0.138664 -0.320405
vn -0.936476 -0.142944 -0.320282
vn -0.438668 -0.064578 -0.896326
vn -0.937077 -0.138664 -0.320405
vn -0.937077 -0.138664 0.320405
vn -0.936476 -0.142944 0.320282
vn -0.936476 -0.142944 -0.320282
vn -0.936476 -0.142944 0.320282
vn -0.438668 -0.064578 0.896326
vn -0.438484 -0.066613 0.896267
vn -0.935851 -0.147251 0.320157
vn -0.438668 -0.064578 0.896326
vn 0.437452 0.072361 0.896326
vn 0.437233 0.074385 0.896267
vn -0.438484 -0.066613 0.896267
vn 0.437452 0.072361 0.896326
vn 0.935429 0.149638 0.320282
vn 0.934775 0.153936 0.320157
vn 0.437233 0.074385 0.896267
vn 0.935429 0.149638 0.320282
vn 0.935429 0.149638 -0.320282
vn 0.934775 0.153936 -0.320157
vn 0.934775 0.153936 0.320157
vn 0.935429 0.149638 -0.320282
vn 0.437452 0.072361 -0.896326
vn 0.437233 0.074385 -0.896267
vn 0.934775 0.153936 -0.320157
vn 0.437452 0.072361 -0.896326
vn -0.438668 -0.064578 -0.896326
vn -0.438484 -0.066613 -0.896267
vn 0.437233 0.074385 -0.896267
vn -0.438668 -0.064578 -0.896326
vn -0.936476 -0.142944 -0.320282
vn -0.935851 -0.147251 -0.320157
vn -0.438484 -0.066613 -0.896267
vn -0.936476 -0.142944 -0.320282
vn -0.936476 -0.142944 0.320282
vn -0.935851 -0.147251 0.320157
vn -0.935851 -0.147251 -0.320157
vn -0.935851 -0.147251 0.320157
vn -0.438484 -0.066613 0.896267
vn -0.438290 -0.068662 0.896207
vn -0.935202 -0.151587 0.320029
vn -0.438484 -0.066613 0.896267
vn 0.437233 0.074385 0.896267
vn 0.437003 0.076423 0.896207
vn -0.438290 -0.068662 0.896207
vn 0.437233 0.074385 0.896267
vn 0.934775 0.153936 0.320157
vn 0.934096 0.158260 0.320029
vn 0.437003 0.076423 0.896207
vn 0.934775 0.153936 0.320157
vn 0.934775 0.153936 -0.320157
vn 0.934096 0.158260 -0.320029
vn 0.934096 0.158260 0.320029
vn 0.934775 0.153936 -0.320157
vn 0.437233 0.074385 -0.896267
vn 0.437003 0.076423 -0.896207
vn 0.934096 0.158260 -0.320029
vn 0.437233 0.074385 -0.896267
vn -0.438484 -0.066613 -0.896267
vn -0.438290 -0.068662 -0.896207
vn 0.437003 0.076423 -0.896207
vn -0.438484 -0.066613 -0.896267
vn -0.935851 -0.147251 -0.320157
vn -0.935202 -0.151587 -0.320029
vn -0.438290 -0.068662 -0.896207
vn -0.935851 -0.147251 -0.320157
vn -0.935851 -0.147251 0.320157
vn -0.935202 -0.151587 0.320029
vn -0.935202 -0.151587 -0.320029
vn -0.935202 -0.151587 0.320029
vn -0.438290 -0.068662 0.896207
vn -0.438085 -0.070725 0.896147
vn -0.934529 -0.155948 0.319900
vn -0.438290 -0.068662 0.896207
vn 0.437003 0.076423 0.896207
vn 0.436764 0.078473 0.896147
vn -0.438085 -0.070725 0.896147
vn 0.437003 0.076423 0.896207
vn 0.934096 0.158260 0.320029
vn 0.933393 0.162611 0.319900
vn 0.436764 0.078473 0.896147
vn 0.934096 0.158260 0.320029
vn 0.934096 0.158260 -0.320029
vn 0.933393 0.162611 -0.319900
vn 0.933393 0.162611 0.319900
vn 0.934096 0.158260 -0.320029
vn 0.437003 0.076423 -0.896207
vn 0.436764 0.078473 -0.896147
vn 0.933393 0.162611 -0.319900
vn 0.437003 0.076423 -0.896207
vn -0.438290 -0.068662 -0.896207
vn -0.438085 -0.070725 -0.896147
vn 0.436764 0.078473 -0.896147
vn -0.438290 -0.068662 -0.896207
vn -0.935202 -0.151587 -0.320029
vn -0.934529 -0.155948 -0.319900
vn -0.438085 -0.070725 -0.896147
vn -0.935202 -0.151587 -0.320029
vn -0.935202 -0.151587 0.320029
vn -0.934529 -0.155948 0.319900
vn -0.934529 -0.155948 -0.319900
vn -0.934529 -0.155948 0.319900
vn -0.438085 -0.070725 0.896147
vn -0.437871 -0.072800 0.896085
vn -0.933831 -0.160335 0.319769
vn -0.438085 -0.070725 0.896147
vn 0.436764 0.078473 0.896147
vn 0.436514 0.080537 0.896085
vn -0.437871 -0.072800 0.896085
vn 0.436764 0.078473 0.896147
vn 0.933393 0.162611 0.319900
vn 0.932665 0.166986 0.319769
vn 0.436514 0.080537 0.896085
vn 0.933393 0.162611 0.319900
vn 0.933393 0.162611 -0.319900
vn 0.932665 0.166986 -0.319769
vn 0.932665 0.166986 0.319769
vn 0.933393 0.162611 -0.319900
vn 0.436764 0.078473 -0.896147
vn 0.436514 0.080537 -0.896085
vn 0.932665 0.166986 -0.319769
vn 0.436764 0.078473 -0.896147
vn -0.438085 -0.070725 -0.896147
vn -0.437871 -0.072800 -0.896085
vn 0.436514 0.080537 -0.896085
vn -0.438085 -0.070725 -0.896147
vn -0.934529 -0.155948 -0.319900
vn -0.933831 -0.160335 -0.319769
vn -0.437871 -0.072800 -0.896085
vn -0.934529 -0.155948 -0.319900
vn -0.934529 -0.155948 0.319900
vn -0.933831 -0.160335 0.319769
vn -0.933831 -0.160335 -0.319769
vn -0.933831 -0.160335 0.319769
vn -0.437871 -0.072800 0.896085
vn -0.437647 -0.074889 0.896023
vn -0.933109 -0.164746 0.319635
vn -0.437871 -0.072800 0.896085
vn 0.436514 0.080537 0.896085
vn 0.436255 0.082613 0.896023
vn -0.437647 -0.074889 0.896023
vn 0.436514 0.080537 0.896085
vn 0.932665 0.166986 0.319769
vn 0.931912 0.171386 0.319635
vn 0.436255 0.082613 0.896023
vn 0.932665 0.166986 0.319769
vn 0.932665 0.166986 -0.319769
vn 0.931912 0.171386 -0.319635
vn 0.931912 0.171386 0.319635
vn 0.932665 0.166986 -0.319769
vn 0.436514 0.080537 -0.896085
vn 0.436255 0.082613 -0.896023
vn 0.931912 0.171386 -0.319635
vn 0.436514 0.080537 -0.896085
vn -0.437871 -0.072800 -0.896085
vn -0.437647 -0.074889 -0.896023
vn 0.436255 0.082613 -0.896023
vn -0.437871 -0.072800 -0.896085
vn -0.933831 -0.160335 -0.319769
vn -0.933109 -0.164746 -0.319635
vn -0.437647 -0.074889 -0.896023
vn -0.933831 -0.160335 -0.319769
vn -0.933831 -0.160335 0.319769
vn -0.933109 -0.164746 0.319635
vn -0.933109 -0.164746 -0.319635
vn -0.933109 -0.164746 0.319635
vn -0.437647 -0.074889 0.896023
vn -0.437412 -0.076991 0.895959
vn -0.932362 -0.169181 0.319499
vn -0.437647 -0.074889 0.896023
vn 0.436255 0.082613 0.896023
vn 0.435985 0.084701 0.895959
vn -0.437412 -0.076991 0.895959
vn 0.436255 0.082613 0.896023
vn 0.931912 0.171386 0.319635
vn 0.931135 0.175808 0.319499
vn 0.435985 0.084701 0.895959
vn 0.931912 0.171386 0.319635
vn 0.931912 0.171386 -0.319635
vn 0.931135 0.175808 -0.319499
vn 0.931135 0.175808 0.319499
vn 0.931912 0.171386 -0.319635
vn 0.436255 0.082613 -0.896023
vn 0.435985 0.084701 -0.895959
vn 0.931135 0.175808 -0.319499
vn 0.436255 0.082613 -0.896023
vn -0.437647 -0.074889 -0.896023
vn -0.437412 -0.076991 -0.895959
vn 0.435985 0.084701 -0.895959
vn -0.437647 -0.074889 -0.896023
vn -0.933109 -0.164746 -0.319635
vn -0.932362 -0.169181 -0.319499
vn -0.437412 -0.076991 -0.895959
vn -0.933109 -0.164746 -0.319635
vn -0.933109 -0.164746 0.319635
vn -0.932362 -0.169181 0.319499
vn -0.932362 -0.169181 -0.319499
vn -0.932362 -0.169181 0.319499
vn -0.437412 -0.076991 0.895959
vn -0.437168 -0.079104 0.895895
vn -0.931589 -0.173638 0.319361
vn -0.437412 -0.076991 0.895959
vn 0.435985 0.084701 0.895959
vn 0.435705 0.086801 0.895895
vn -0.437168 -0.079104 0.895895
vn 0.435985 0.084701 0.895959
vn 0.931135 0.175808 0.319499
vn 0.930332 0.180253 0.319361
vn 0.435705 0.086801 0.895895
vn 0.931135 0.175808 0.319499
vn 0.931135 0.175808 -0.319499
vn 0.930332 0.180253 -0.319361
vn 0.930332 0.180253 0.319361
vn 0.931135 0.175808 -0.319499
vn 0.435985 0.084701 -0.895959
vn 0.435705 0.086801 -0.895895
vn 0.930332 0.180253 -0.319361
vn 0.435985 0.084701 -0.895959
vn -0.437412 -0.076991 -0.895959
vn -0.437168 -0.079104 -0.895895
vn 0.435705 0.086801 -0.895895
vn -0.437412 -0.076991 -0.895959
vn -0.932362 -0.169181 -0.319499
vn -0.931589 -0.173638 -0.319361
vn -0.437168 -0.079104 -0.895895
vn -0.932362 -0.169181 -0.319499
vn -0.932362 -0.169181 0.319499
vn -0.931589 -0.173638 0.319361
vn -0.931589 -0.173638 -0.319361
vn -0.931589 -0.173638 0.319361
vn -0.437168 -0.079104 0.895895
vn -0.436913 -0.081229 0.895829
vn -0.930791 -0.178118 0.319221
vn -0.437168 -0.079104 0.895895
vn 0.435705 0.086801 0.895895
vn 0.435414 0.088912 0.895829
vn -0.436913 -0.081229 0.895829
vn 0.435705 0.086801 0.895895
vn 0.930332 0.180253 0.319361
vn 0.929503 0.184720 0.319221
vn 0.435414 0.088912 0.895829
vn 0.930332 0.180253 0.319361
vn 0.930332 0.180253 -0.319361
vn 0.929503 0.184720 -0.319221
vn 0.929503 0.184720 0.319221
vn 0.930332 0.180253 -0.319361
vn 0.435705 0.086801 -0.895895
vn 0.435414 0.088912 -0.895829
vn 0.929503 0.184720 -0.319221
vn 0.435705 0.086801 -0.895895
vn -0.437168 -0.079104 -0.895895
vn -0.436913 -0.081229 -0.895829
vn 0.435414 0.088912 -0.895829
vn -0.437168 -0.079104 -0.895895
vn -0.931589 -0.173638 -0.319361
vn -0.930791 -0.178118 -0.319221
vn -0.436913 -0.081229 -0.895829
vn -0.931589 -0.173638 -0.319361
vn -0.931589 -0.173638 0.319361
vn -0.930791 -0.178118 0.319221
vn -0.930791 -0.178118 -0.319221
vn -0.930791 -0.178118 0.319221
vn -0.436913 -0.081229 0.895829
vn -0.436647 -0.083365 0.895762
vn -0.929968 -0.182618 0.319078
vn -0.436913 -0.081229 0.895829
vn 0.435414 0.088912 0.895829
vn 0.435113 0.091034 0.895762
vn -0.436647 -0.083365 0.895762
vn 0.435414 0.088912 0.895829
vn 0.929503 0.184720 0.319221
vn 0.928649 0.189207 0.319078
vn 0.435113 0.091034 0.895762
vn 0.929503 0.184720 0.319221
vn 0.929503 0.184720 -0.319221
vn 0.928649 0.189207 -0.319078
vn 0.928649 0.189207 0.319078
vn 0.929503 0.184720 -0.319221
vn 0.435414 0.088912 -0.895829
vn 0.435113 0.091034 -0.895762
vn 0.928649 0.189207 -0.319078
vn 0.435414 0.088912 -0.895829
vn -0.436913 -0.081229 -0.895829
vn -0.436647 -0.083365 -0.895762
vn 0.435113 0.091034 -0.895762
vn -0.436913 -0.081229 -0.895829
vn -0.930791 -0.178118 -0.319221
vn -0.929968 -0.182618 -0.319078
vn -0.436647 -0.083365 -0.895762
vn -0.930791 -0.178118 -0.319221
vn -0.930791 -0.178118 0.319221
vn -0.929968 -0.182618 0.319078
vn -0.929968 -0.182618 -0.319078
vn -0.929968 -0.182618 0.319078
vn -0.436647 -0.083365 0.895762
vn -0.436372 -0.085513 0.895694
vn -0.929118 -0.187138 0.318933
vn -0.436647 -0.083365 0.895762
vn 0.435113 0.091034 0.895762
vn 0.434802 0.093167 0.895694
vn -0.436372 -0.085513 0.895694
vn 0.435113 0.091034 0.895762
vn 0.928649 0.189207 0.319078
vn 0.927770 0.193714 0.318933
vn 0.434802 0.093167 0.895694
vn 0.928649 0.189207 0.319078
vn 0.928649 0.189207 -0.319078
vn 0.927770 0.193714 -0.318933
vn 0.927770 0.193714 0.318933
vn 0.928649 0.189207 -0.319078
vn 0.435113 0.091034 -0.895762
vn 0.434802 0.093167 -0.895694
vn 0.927770 0.193714 -0.318933
vn 0.435113 0.091034 -0.895762
vn -0.436647 -0.083365 -0.895762
vn -0.436372 -0.085513 -0.895694
vn 0.434802 0.093167 -0.895694
vn -0.436647 -0.083365 -0.895762
vn -0.929968 -0.182618 -0.319078
vn -0.929118 -0.187138 -0.318933
vn -0.436372 -0.085513 -0.895694
vn -0.929968 -0.182618 -0.319078
vn -0.929968 -0.182618 0.319078
vn -0.929118 -0.187138 0.318933
vn -0.929118 -0.187138 -0.318933
vn -0.929118 -0.187138 0.318933
vn -0.436372 -0.085513 0.895694
vn -0.436085 -0.087671 0.895625
vn -0.928243 -0.191678 0.318786
vn -0.436372 -0.085513 0.895694
vn 0.434802 0.093167 0.895694
vn 0.434480 0.095310 0.895625
vn -0.436085 -0.087671 0.895625
vn 0.434802 0.093167 0.895694
vn 0.927770 0.193714 0.318933
vn 0.926864 0.198240 0.318786
vn 0.434480 0.095310 0.895625
vn 0.927770 0.193714 0.318933
vn 0.927770 0.193714 -0.318933
vn 0.926864 0.198240 -0.318786
vn 0.926864 0.198240 0.318786
vn 0.927770 0.193714 -0.318933
vn 0.434802 0.093167 -0.895694
vn 0.434480 0.095310 -0.895625
vn 0.926864 0.198240 -0.318786
vn 0.434802 0.093167 -0.895694
vn -0.436372 -0.085513 -0.895694
vn -0.436085 -0.087671 -0.895625
vn 0.434480 0.095310 -0.895625
vn -0.436372 -0.085513 -0.895694
vn -0.929118 -0.187138 -0.318933
vn -0.928243 -0.191678 -0.318786
vn -0.436085 -0.087671 -0.895625
vn -0.929118 -0.187138 -0.318933
vn -0.929118 -0.187138 0.318933
vn -0.928243 -0.191678 0.318786
vn -0.928243 -0.191678 -0.318786
vn -0.928243 -0.191678 0.318786
vn -0.436085 -0.087671 0.895625
vn -0.435789 -0.089839 0.895554
vn -0.927342 -0.196236 0.318636
vn -0.436085 -0.087671 0.895625
vn 0.434480 0.095310 0.895625
vn 0.434147 0.097462 0.895554
vn -0.435789 -0.089839 0.895554
vn 0.434480 0.095310 0.895625
vn 0.926864 0.198240 0.318786
vn 0.925932 0.202783 0.318636
vn 0.434147 0.097462 0.895554
vn 0.926864 0.198240 0.318786
vn 0.926864 0.198240 -0.318786
vn 0.925932 0.202783 -0.318636
vn 0.925932 0.202783 0.318636
vn 0.926864 0.198240 -0.318786
vn 0.434480 0.095310 -0.895625
vn 0.434147 0.097462 -0.895554
vn 0.925932 0.202783 -0.318636
vn 0.434480 0.095310 -0.895625
vn -0.436085 -0.087671 -0.895625
vn -0.435789 -0.089839 -0.895554
vn 0.434147 0.097462 -0.895554
vn -0.436085 -0.087671 -0.895625
vn -0.928243 -0.191678 -0.318786
vn -0.927342 -0.196236 -0.318636
vn -0.435789 -0.089839 -0.895554
vn -0.928243 -0.191678 -0.318786
vn -0.928243 -0.191678 0.318786
vn -0.927342 -0.196236 0.318636
vn -0.927342 -0.196236 -0.318636
vn -0.927342 -0.196236 0.318636
vn -0.435789 -0.089839 0.895554
vn -0.435481 -0.092017 0.895483
vn -0.926414 -0.200811 0.318483
vn -0.435789 -0.089839 0.895554
vn 0.434147 0.097462 0.895554
vn 0.433804 0.099624 0.895483
vn -0.435481 -0.092017 0.895483
vn 0.434147 0.097462 0.895554
vn 0.925932 0.202783 0.318636
vn 0.924974 0.207344 0.318483
vn 0.433804 0.099624 0.895483
vn 0.925932 0.202783 0.318636
vn 0.925932 0.202783 -0.318636
vn 0.924974 0.207344 -0.318483
vn 0.924974 0.207344 0.318483
vn 0.925932 0.202783 -0.318636
vn 0.434147 0.097462 -0.895554
vn 0.433804 0.099624 -0.895483
vn 0.924974 0.207344 -0.318483
vn 0.434147 0.097462 -0.895554
vn -0.435789 -0.089839 -0.895554
vn -0.435481 -0.092017 -0.895483
vn 0.433804 0.099624 -0.895483
vn -0.435789 -0.089839 -0.895554
vn -0.927342 -0.196236 -0.318636
vn -0.926414 -0.200811 -0.318483
vn -0.435481 -0.092017 -0.895483
vn -0.927342 -0.196236 -0.318636
vn -0.927342 -0.196236 0.318636
vn -0.926414 -0.200811 0.318483
vn -0.926414 -0.200811 -0.318483
vn -0.926414 -0.200811 0.318483
vn -0.435481 -0.092017 0.895483
vn -0.435163 -0.094205 0.895410
vn -0.925460 -0.205403 0.318328
vn -0.435481 -0.092017 0.895483
vn 0.433804 0.099624 0.895483
vn 0.433450 0.101796 0.895410
vn -0.435163 -0.094205 0.895410
vn 0.433804 0.099624 0.895483
vn 0.924974 0.207344 0.318483
vn 0.923990 0.211921 0.318328
vn 0.433450 0.101796 0.895410
vn 0.924974 0.207344 0.318483
vn 0.924974 0.207344 -0.318483
vn 0.923990 0.211921 -0.318328
vn 0.923990 0.211921 0.318328
vn 0.924974 0.207344 -0.318483
vn 0.433804 0.099624 -0.895483
vn 0.433450 0.101796 -0.895410
vn 0.923990 0.211921 -0.318328
vn 0.433804 0.099624 -0.895483
vn -0.435481 -0.092017 -0.895483
vn -0.435163 -0.094205 -0.895410
vn 0.433450 0.101796 -0.895410
vn -0.435481 -0.092017 -0.895483
vn -0.926414 -0.200811 -0.318483
vn -0.925460 -0.205403 -0.318328
vn -0.435163 -0.094205 -0.895410
vn -0.926414 -0.200811 -0.318483
vn -0.926414 -0.200811 0.318483
vn -0.925460 -0.205403 0.318328
vn -0.925460 -0.205403 -0.318328
vn -0.925460 -0.205403 0.318328
vn -0.435163 -0.094205 0.895410
vn -0.434835 -0.096402 0.895335
vn -0.924480 -0.210011 0.318169
vn -0.435163 -0.094205 0.895410
vn 0.433450 0.101796 0.895410
vn 0.433086 0.103976 0.895335
vn -0.434835 -0.096402 0.895335
vn 0.433450 0.101796 0.895410
vn 0.923990 0.211921 0.318328
vn 0.922979 0.216513 0.318169
vn 0.433086 0.103976 0.895335
vn 0.923990 0.211921 0.318328
vn 0.923990 0.211921 -0.318328
vn 0.922979 0.216513 -0.318169
vn 0.922979 0.216513 0.318169
vn 0.923990 0.211921 -0.318328
vn 0.433450 0.101796 -0.895410
vn 0.433086 0.103976 -0.895335
vn 0.922979 0.216513 -0.318169
vn 0.433450 0.101796 -0.895410
vn -0.435163 -0.094205 -0.895410
vn -0.434835 -0.096402 -0.895335
vn 0.433086 0.103976 -0.895335
vn -0.435163 -0.094205 -0.895410
vn -0.925460 -0.205403 -0.318328
vn -0.924480 -0.210011 -0.318169
vn -0.434835 -0.096402 -0.895335
vn -0.925460 -0.205403 -0.318328
vn -0.925460 -0.205403 0.318328
vn -0.924480 -0.210011 0.318169
vn -0.924480 -0.210011 -0.318169
vn -0.924480 -0.210011 0.318169
vn -0.434835 -0.096402 0.895335
vn -0.434496 -0.098607 0.895260
vn -0.923473 -0.214634 0.318009
vn -0.434835 -0.096402 0.895335
vn 0.433086 0.103976 0.895335
vn 0.432711 0.106164 0.895260
vn -0.434496 -0.098607 0.895260
vn 0.433086 0.103976 0.895335
vn 0.922979 0.216513 0.318169
vn 0.921942 0.221120 0.318009
vn 0.432711 0.106164 0.895260
vn 0.922979 0.216513 0.318169
vn 0.922979 0.216513 -0.318169
vn 0.921942 0.221120 -0.318009
vn 0.921942 0.221120 0.318009
vn 0.922979 0.216513 -0.318169
vn 0.433086 0.103976 -0.895335
vn 0.432711 0.106164 -0.895260
vn 0.921942 0.221120 -0.318009
vn 0.433086 0.103976 -0.895335
vn -0.434835 -0.096402 -0.895335
vn -0.434496 -0.098607 -0.895260
vn 0.432711 0.106164 -0.895260
vn -0.434835 -0.096402 -0.895335
vn -0.924480 -0.210011 -0.318169
vn -0.923473 -0.214634 -0.318009
vn -0.434496 -0.098607 -0.895260
vn -0.924480 -0.210011 -0.318169
vn -0.924480 -0.210011 0.318169
vn -0.923473 -0.214634 0.318009
vn -0.923473 -0.214634 -0.318009
vn -0.923473 -0.214634 0.318009
vn -0.434496 -0.098607 0.895260
vn -0.434146 -0.100821 0.895183
vn -0.922440 -0.219270 0.317845
vn -0.434496 -0.098607 0.895260
vn 0.432711 0.106164 0.895260
vn 0.432326 0.108361 0.895183
vn -0.434146 -0.100821 0.895183
vn 0.432711 0.106164 0.895260
vn 0.921942 0.221120 0.318009
vn 0.920878 0.225741 0.317845
vn 0.432326 0.108361 0.895183
vn 0.921942 0.221120 0.318009
vn 0.921942 0.221120 -0.318009
vn 0.920878 0.225741 -0.317845
vn 0.920878 0.225741 0.317845
vn 0.921942 0.221120 -0.318009
vn 0.432711 0.106164 -0.895260
vn 0.432326 0.108361 -0.895183
vn 0.920878 0.225741 -0.317845
vn 0.432711 0.106164 -0.895260
vn -0.434496 -0.098607 -0.895260
vn -0.434146 -0.100821 -0.895183
vn 0.432326 0.108361 -0.895183
vn -0.434496 -0.098607 -0.895260
vn -0.923473 -0.214634 -0.318009
vn -0.922440 -0.219270 -0.317845
vn -0.434146 -0.100821 -0.895183
vn -0.923473 -0.214634 -0.318009
vn -0.923473 -0.214634 0.318009
vn -0.922440 -0.219270 0.317845
vn -0.922440 -0.219270 -0.317845
vn -0.922440 -0.219270 0.317845
vn -0.434146 -0.100821 0.895183
vn -0.433786 -0.103044 0.895104
vn -0.921380 -0.223920 0.317678
vn -0.434146 -0.100821 0.895183
vn 0.432326 0.108361 0.895183
vn 0.431930 0.110565 0.895104
vn -0.433786 -0.103044 0.895104
vn 0.432326 0.108361 0.895183
vn 0.920878 0.225741 0.317845
vn 0.919787 0.230374 0.317678
vn 0.431930 0.110565 0.895104
vn 0.920878 0.225741 0.317845
vn 0.920878 0.225741 -0.317845
vn 0.919787 0.230374 -0.317678
vn 0.919787 0.230374 0.317678
vn 0.920878 0.225741 -0.317845
vn 0.432326 0.108361 -0.895183
vn 0.431930 0.110565 -0.895104
vn 0.919787 0.230374 -0.317678
vn 0.432326 0.108361 -0.895183
vn -0.434146 -0.100821 -0.895183
vn -0.433786 -0.103044 -0.895104
vn 0.431930 0.110565 -0.895104
vn -0.434146 -0.100821 -0.895183
vn -0.922440 -0.219270 -0.317845
vn -0.921380 -0.223920 -0.317678
vn -0.433786 -0.103044 -0.895104
vn -0.922440 -0.219270 -0.317845
vn -0.922440 -0.219270 0.317845
vn -0.921380 -0.223920 0.317678
vn -0.921380 -0.223920 -0.317678
vn -0.921380 -0.223920 0.317678
vn -0.433786 -0.103044 0.895104
vn -0.433415 -0.105274 0.895024
vn -0.920293 -0.228582 0.317508
vn -0.433786 -0.103044 0.895104
vn 0.431930 0.110565 0.895104
vn 0.431524 0.112776 0.895024
vn -0.433415 -0.105274 0.895024
vn 0.431930 0.110565 0.895104
vn 0.919787 0.230374 0.317678
vn 0.918670 0.235019 0.317508
vn 0.431524 0.112776 0.895024
vn 0.919787 0.230374 0.317678
vn 0.919787 0.230374 -0.317678
vn 0.918670 0.235019 -0.317508
vn 0.918670 0.235019 0.317508
vn 0.919787 0.230374 -0.317678
vn 0.431930 0.110565 -0.895104
vn 0.431524 0.112776 -0.895024
vn 0.918670 0.235019 -0.317508
vn 0.431930 0.110565 -0.895104
vn -0.433786 -0.103044 -0.895104
vn -0.433415 -0.105274 -0.895024
vn 0.431524 0.112776 -0.895024
vn -0.433786 -0.103044 -0.895104
vn -0.921380 -0.223920 -0.317678
vn -0.920293 -0.228582 -0.317508
vn -0.433415 -0.105274 -0.895024
vn -0.921380 -0.223920 -0.317678
vn -0.921380 -0.223920 0.317678
vn -0.920293 -0.228582 0.317508
vn -0.920293 -0.228582 -0.317508
vn -0.920293 -0.228582 0.317508
vn -0.433415 -0.105274 0.895024
vn -0.433034 -0.107511 0.894943
vn -0.919179 -0.233256 0.317335
vn -0.433415 -0.105274 0.895024
vn 0.431524 0.112776 0.895024
vn 0.431107 0.114995 0.894943
vn -0.433034 -0.107511 0.894943
vn 0.431524 0.112776 0.895024
vn 0.918670 0.235019 0.317508
vn 0.917526 0.239675 0.317335
vn 0.431107 0.114995 0.894943
vn 0.918670 0.235019 0.317508
vn 0.918670 0.235019 -0.317508
vn 0.917526 0.239675 -0.317335
vn 0.917526 0.239675 0.317335
vn 0.918670 0.235019 -0.317508
vn 0.431524 0.112776 -0.895024
vn 0.431107 0.114995 -0.894943
vn 0.917526 0.239675 -0.317335
vn 0.431524 0.112776 -0.895024
vn -0.433415 -0.105274 -0.895024
vn -0.433034 -0.107511 -0.894943
vn 0.431107 0.114995 -0.894943
vn -0.433415 -0.105274 -0.895024
vn -0.920293 -0.228582 -0.317508
vn -0.919179 -0.233256 -0.317335
vn -0.433034 -0.107511 -0.894943
vn -0.920293 -0.228582 -0.317508
vn -0.920293 -0.228582 0.317508
vn -0.919179 -0.233256 0.317335
vn -0.919179 -0.233256 -0.317335
vn -0.919179 -0.233256 0.317335
vn -0.433034 -0.107511 0.894943
vn -0.432909 -0.109578 0.894753
vn -0.918274 -0.237390 0.316889
vn -0.433034 -0.107511 0.894943
vn 0.431107 0.114995 0.894943
vn 0.430947 0.117600 0.894682
vn -0.432909 -0.109578 0.894753
vn 0.431107 0.114995 0.894943
vn 0.917526 0.239675 0.317335
vn 0.916279 0.245061 0.316824
vn 0.430947 0.117600 0.894682
vn 0.917526 0.239675 0.317335
vn 0.917526 0.239675 -0.317335
vn 0.916279 0.245061 -0.316824
vn 0.916279 0.245061 0.316824
vn 0.917526 0.239675 -0.317335
vn 0.431107 0.114995 -0.894943
vn 0.430947 0.117600 -0.894682
vn 0.916279 0.245061 -0.316824
vn 0.431107 0.114995 -0.894943
vn -0.433034 -0.107511 -0.894943
vn -0.432909 -0.109578 -0.894753
vn 0.430947 0.117600 -0.894682
vn -0.433034 -0.107511 -0.894943
vn -0.919179 -0.233256 -0.317335
vn -0.918274 -0.237390 -0.316889
vn -0.432909 -0.109578 -0.894753
vn -0.919179 -0.233256 -0.317335
vn -0.919179 -0.233256 0.317335
vn -0.918274 -0.237390 0.316889
vn -0.918274 -0.237390 -0.316889
vn -0.918274 -0.237390 0.316889
vn -0.432909 -0.109578 0.894753
vn -0.440712 -0.064556 0.895324
vn -0.937493 -0.142287 0.317586
vn -0.432909 -0.109578 0.894753
vn 0.430947 0.117600 0.894682
vn 0.439531 0.072882 0.895266
vn -0.440712 -0.064556 0.895324
vn 0.430947 0.117600 0.894682
vn 0.916279 0.245061 0.316824
vn 0.936248 0.150334 0.317552
vn 0.439531 0.072882 0.895266
vn 0.916279 0.245061 0.316824
vn 0.916279 0.245061 -0.316824
vn 0.936248 0.150334 -0.317552
vn 0.936248 0.150334 0.317552
vn 0.916279 0.245061 -0.316824
vn 0.430947 0.117600 -0.894682
vn 0.439531 0.072882 -0.895266
vn 0.936248 0.150334 -0.317552
vn 0.430947 0.117600 -0.894682
vn -0.432909 -0.109578 -0.894753
vn -0.440712 -0.064556 -0.895324
vn 0.439531 0.072882 -0.895266
vn -0.432909 -0.109578 -0.894753
vn -0.918274 -0.237390 -0.316889
vn -0.937493 -0.142287 -0.317586
vn -0.440712 -0.064556 -0.895324
vn -0.918274 -0.237390 -0.316889
vn -0.918274 -0.237390 0.316889
vn -0.937493 -0.142287 0.317586
vn -0.937493 -0.142287 -0.317586
vn -0.937493 -0.142287 0.317586
vn -0.440712 -0.064556 0.895324
vn -0.444535 0.030444 0.895244
vn -0.946395 0.059761 0.317435
vn -0.440712 -0.064556 0.895324
vn 0.439531 0.072882 0.895266
vn 0.444849 -0.023042 0.895309
vn -0.444535 0.030444 0.895244
vn 0.439531 0.072882 0.895266
vn 0.936248 0.150334 0.317552
vn 0.946707 -0.054168 0.317507
vn 0.444849 -0.023042 0.895309
vn 0.936248 0.150334 0.317552
vn 0.936248 0.150334 -0.317552
vn 0.946707 -0.054168 -0.317507
vn 0.946707 -0.054168 0.317507
vn 0.936248 0.150334 -0.317552
vn 0.439531 0.072882 -0.895266
vn 0.444849 -0.023042 -0.895309
vn 0.946707 -0.054168 -0.317507
vn 0.439531 0.072882 -0.895266
vn -0.440712 -0.064556 -0.895324
vn -0.444535 0.030444 -0.895244
vn 0.444849 -0.023042 -0.895309
vn -0.440712 -0.064556 -0.895324
vn -0.937493 -0.142287 -0.317586
vn -0.946395 0.059761 -0.317435
vn -0.444535 0.030444 -0.895244
vn -0.937493 -0.142287 -0.317586
vn -0.937493 -0.142287 0.317586
vn -0.946395 0.059761 0.317435
vn -0.946395 0.059761 -0.317435
vn -0.946395 0.059761 0.317435
vn -0.444535 0.030444 0.895244
vn -0.436565 0.096314 0.894503
vn -0.927425 0.199496 0.316360
vn -0.444535 0.030444 0.895244
vn 0.444849 -0.023042 0.895309
vn 0.437992 -0.089221 0.894541
vn -0.436565 0.096314 0.894503
vn 0.444849 -0.023042 0.895309
vn 0.946707 -0.054168 0.317507
vn 0.928525 -0.194286 0.316376
vn 0.437992 -0.089221 0.894541
vn 0.946707 -0.054168 0.317507
vn 0.946707 -0.054168 -0.317507
vn 0.928525 -0.194286 -0.316376
vn 0.928525 -0.194286 0.316376
vn 0.946707 -0.054168 -0.317507
vn 0.444849 -0.023042 -0.895309
vn 0.437992 -0.089221 -0.894541
vn 0.928525 -0.194286 -0.316376
vn 0.444849 -0.023042 -0.895309
vn -0.444535 0.030444 -0.895244
vn -0.436565 0.096314 -0.894503
vn 0.437992 -0.089221 -0.894541
vn -0.444535 0.030444 -0.895244
vn -0.946395 0.059761 -0.317435
vn -0.927425 0.199496 -0.316360
vn -0.436565 0.096314 -0.894503
vn -0.946395 0.059761 -0.317435
vn -0.946395 0.059761 0.317435
vn -0.927425 0.199496 0.316360
vn -0.927425 0.199496 -0.316360
vn -0.927425 0.199496 0.316360
vn -0.436565 0.096314 0.894503
vn -0.428736 0.126439 0.894538
vn -0.911230 0.263667 0.316447
vn -0.436565 0.096314 0.894503
vn 0.437992 -0.089221 0.894541
vn 0.430777 -0.119119 0.894562
vn -0.428736 0.126439 0.894538
vn 0.437992 -0.089221 0.894541
vn 0.928525 -0.194286 0.316376
vn 0.912983 -0.257509 0.316466
vn 0.430777 -0.119119 0.894562
vn 0.928525 -0.194286 0.316376
vn 0.928525 -0.194286 -0.316376
vn 0.912983 -0.257509 -0.316466
vn 0.912983 -0.257509 0.316466
vn 0.928525 -0.194286 -0.316376
vn 0.437992 -0.089221 -0.894541
vn 0.430777 -0.119119 -0.894562
vn 0.912983 -0.257509 -0.316466
vn 0.437992 -0.089221 -0.894541
vn -0.436565 0.096314 -0.894503
vn -0.428736 0.126439 -0.894538
vn 0.430777 -0.119119 -0.894562
vn -0.436565 0.096314 -0.894503
vn -0.927425 0.199496 -0.316360
vn -0.911230 0.263667 -0.316447
vn -0.428736 0.126439 -0.894538
vn -0.927425 0.199496 -0.316360
vn -0.927425 0.199496 0.316360
vn -0.911230 0.263667 0.316447
vn -0.911230 0.263667 -0.316447
vn -0.911230 0.263667 0.316447
vn -0.428736 0.126439 0.894538
vn -0.424910 0.139491 0.894424
vn -0.902838 0.291317 0.316257
vn -0.428736 0.126439 0.894538
vn 0.430777 -0.119119 0.894562
vn 0.427124 -0.132309 0.894460
vn -0.424910 0.139491 0.894424
vn 0.430777 -0.119119 0.894562
vn 0.912983 -0.257509 0.316466
vn 0.904744 -0.285310 0.316285
vn 0.427124 -0.132309 0.894460
vn 0.912983 -0.257509 0.316466
vn 0.912983 -0.257509 -0.316466
vn 0.904744 -0.285310 -0.316285
vn 0.904744 -0.285310 0.316285
vn 0.912983 -0.257509 -0.316466
vn 0.430777 -0.119119 -0.894562
vn 0.427124 -0.132309 -0.894460
vn 0.904744 -0.285310 -0.316285
vn 0.430777 -0.119119 -0.894562
vn -0.428736 0.126439 -0.894538
vn -0.424910 0.139491 -0.894424
vn 0.427124 -0.132309 -0.894460
vn -0.428736 0.126439 -0.894538
vn -0.911230 0.263667 -0.316447
vn -0.902838 0.291317 -0.316257
vn -0.424910 0.139491 -0.894424
vn -0.911230 0.263667 -0.316447
vn -0.911230 0.263667 0.316447
vn -0.902838 0.291317 0.316257
vn -0.902838 0.291317 -0.316257
vn -0.000000 -1.000000 0.000000
vn -0.000000 -1.000000 0.000000
vn -0.000000 -1.000000 0.000000
vn -0.000000 -1.000000 0.000000
vn -0.000000 -1.000000 0.000000
vn -0.000000 -1.000000 0.000000
vn -0.000000 -1.000000 0.000000
vn -0.000000 -1.000000 0.000000
vn -0.000000 -1.000000 0.000000
vn -0.000000 -1.000000 0.000000
vn -0.000000 -1.000000 0.000000
vn -0.000000 -1.000000 0.000000
vn -0.000000 -1.000000 0.000000
vn -0.000000 -1.000000 0.000000
vn -0.000000 -1.000000 0.000000
vn -0.000000 -1.000000 0.000000
vn -0.000000 -1.000000 0.000000
vn -0.000000 -1.000000 0.000000
vn -0.000000 -1.000000 0.000000
vn -0.000000 -1.000000 0.000000
vn -0.000000 -1.000000 0.000000
vn -0.000000 -1.000000 0.000000
vn -0.000000 -1.000000 0.000000
vn -0.000000 -1.000000 0.000000
vn -0.000000 1.000000 0.000000
vn -0.000000 1.000000 0.000000
vn -0.000000 1.000000 0.000000
vn -0.000000 1.000000 0.000000
vn -0.000000 1.000000 0.000000
vn -0.000000 1.000000 0.000000
vn -0.000000 1.000000 0.000000
vn -0.000000 1.000000 0.000000
vn -0.000000 1.000000 0.000000
vn -0.000000 1.000000 0.000000
vn -0.000000 1.000000 0.000000
vn -0.000000 1.000000 0.000000
vn -0.000000 1.000000 0.000000
vn -0.000000 1.000000 0.000000
vn -0.000000 1.000000 0.000000
vn -0.000000 1.000000 0.000000
vn -0.000000 1.000000 0.000000
vn -0.000000 1.000000 0.000000
vn -0.000000 1.000000 0.000000
vn -0.000000 1.000000 0.000000
vn -0.000000 1.000000 0.000000
vn -0.000000 1.000000 0.000000
vn -0.000000 1.000000 0.000000
vn -0.000000 1.000000 0.000000
vn 0.999997 -0.002609 0.000000
vn 0.499998 -0.001304 -0.866025
vn 0.499998 -0.001304 -0.866025
vn 0.999997 -0.002609 0.000000
vn 0.499998 -0.001304 -0.866025
vn -0.499998 0.001304 -0.866025
vn -0.499998 0.001304 -0.866025
vn 0.499998 -0.001304 -0.866025
vn -0.499998 0.001304 -0.866025
vn -0.999997 0.002609 0.000000
vn -0.999997 0.002609 0.000000
vn -0.499998 0.001304 -0.866025
vn -0.999997 0.002609 0.000000
vn -0.499998 0.001304 0.866025
vn -0.499998 0.001304 0.866025
vn -0.999997 0.002609 0.000000
vn -0.499998 0.001304 0.866025
vn 0.499998 -0.001304 0.866025
vn 0.499998 -0.001304 0.866025
vn -0.499998 0.001304 0.866025
vn 0.499998 -0.001304 0.866025
vn 0.999997 -0.002609 0.000000
vn 0.999997 -0.002609 0.000000
vn 0.499998 -0.001304 0.866025
vn 0.119852 0.957710 -0.261586
vn 0.119852 0.957710 -0.261586
vn 0.183794 0.944499 -0.272288
vn 0.183794 0.944499 -0.272288
vn 0.119852 0.957710 0.261586
vn 0.119852 0.957710 0.261586
vn 0.183794 0.944499 0.272288
vn 0.183794 0.944499 0.272288
vn 0.119852 -0.957710 0.261586
vn 0.119852 -0.957710 0.261586
vn 0.183794 -0.944499 0.272288
vn 0.183794 -0.944499 0.272288
vn 0.119852 -0.957710 -0.261586
vn 0.119852 -0.957710 -0.261586
vn 0.183794 -0.944499 -0.272288
vn 0.183794 -0.944499 -0.272288
vn -0.020954 0.963283 -0.267670
vn -0.020954 0.963283 -0.267670
vn 0.119852 0.957710 -0.261586
vn 0.119852 0.957710 -0.261586
vn -0.020954 0.963283 0.267670
vn -0.020954 0.963283 0.267670
vn 0.119852 0.957710 0.261586
vn 0.119852 0.957710 0.261586
vn -0.020954 -0.963283 0.267670
vn -0.020954 -0.963283 0.267670
vn 0.119852 -0.957710 0.261586
vn 0.119852 -0.957710 0.261586
vn -0.020954 -0.963283 -0.267670
vn -0.020954 -0.963283 -0.267670
vn 0.119852 -0.957710 -0.261586
vn 0.119852 -0.957710 -0.261586
vn -0.077184 0.913814 -0.398730
vn -0.077184 0.913814 -0.398730
vn -0.020954 0.963283 -0.267670
vn -0.020954 0.963283 -0.267670
vn -0.077184 0.913814 0.398730
vn -0.077184 0.913814 0.398730
vn -0.020954 0.963283 0.267670
vn -0.020954 0.963283 0.267670
vn -0.077184 -0.913814 0.398730
vn -0.077184 -0.913814 0.398730
vn -0.020954 -0.963283 0.267670
vn -0.020954 -0.963283 0.267670
vn -0.077184 -0.913814 -0.398730
vn -0.077184 -0.913814 -0.398730
vn -0.020954 -0.963283 -0.267670
vn -0.020954 -0.963283 -0.267670
vn -0.056032 0.859855 -0.507455
vn -0.056032 0.859855 -0.507455
vn -0.077184 0.913814 -0.398730
vn -0.077184 0.913814 -0.398730
vn -0.056032 0.859855 0.507455
vn -0.056032 0.859855 0.507455
vn -0.077184 0.913814 0.398730
vn -0.077184 0.913814 0.398730
vn -0.056032 -0.859855 0.507455
vn -0.056032 -0.859855 0.507455
vn -0.077184 -0.913814 0.398730
vn -0.077184 -0.913814 0.398730
vn -0.056032 -0.859855 -0.507455
vn -0.056032 -0.859855 -0.507455
vn -0.077184 -0.913814 -0.398730
vn -0.077184 -0.913814 -0.398730
vn 1.000000 0.000000 0.000000
vn 1.000000 0.000000 0.000000
vn 1.000000 0.000000 0.000000
vn 1.000000 0.000000 0.000000
vn 1.000000 0.000000 0.000000
vn 1.000000 0.000000 0.000000
vn 1.000000 0.000000 0.000000
vn 1.000000 0.000000 0.000000
vn 1.000000 0.000000 0.000000
vn 1.000000 0.000000 0.000000
vn 1.000000 0.000000 0.000000
vn 1.000000 0.000000 0.000000
vn 0.088540 -0.000000 -0.996073
vn 0.088540 0.704330 -0.704330
vn 0.088540 0.704330 -0.704330
vn 0.088540 -0.000000 -0.996073
vn 0.088540 0.704330 -0.704330
vn 0.088540 0.996073 0.000000
vn 0.088540 0.996073 0.000000
vn 0.088540 0.704330 -0.704330
vn 0.088540 0.996073 0.000000
vn 0.088540 0.704330 0.704330
vn 0.088540 0.704330 0.704330
vn 0.088540 0.996073 0.000000
vn 0.088540 0.704330 0.704330
vn 0.088540 0.000000 0.996073
vn 0.088540 0.000000 0.996073
vn 0.088540 0.704330 0.704330
vn 0.088540 0.000000 0.996073
vn 0.088540 -0.704330 0.704330
vn 0.088540 -0.704330 0.704330
vn 0.088540 0.000000 0.996073
vn 0.088540 -0.704330 0.704330
vn 0.088540 -0.996073 0.000000
vn 0.088540 -0.996073 0.000000
vn 0.088540 -0.704330 0.704330
vn 0.088540 -0.996073 0.000000
vn 0.088540 -0.704330 -0.704330
vn 0.088540 -0.704330 -0.704330
vn 0.088540 -0.996073 0.000000
vn 0.088540 -0.704330 -0.704330
vn 0.088540 -0.000000 -0.996073
vn 0.088540 -0.000000 -0.996073
vn 0.088540 -0.704330 -0.704330
vn -0.000000 -0.000000 -1.000000
vn -0.000000 0.707107 -0.707107
vn -0.000000 0.707107 -0.707107
vn -0.000000 -0.000000 -1.000000
vn -0.000000 0.707107 -0.707107
vn -0.000000 1.000000 -0.000000
vn -0.000000 1.000000 0.000000
vn -0.000000 0.707107 -0.707107
vn -0.000000 1.000000 -0.000000
vn -0.000000 0.707107 0.707107
vn -0.000000 0.707107 0.707107
vn -0.000000 1.000000 0.000000
vn -0.000000 0.707107 0.707107
vn -0.000000 0.000000 1.000000
vn -0.000000 0.000000 1.000000
vn -0.000000 0.707107 0.707107
vn -0.000000 0.000000 1.000000
vn -0.000000 -0.707107 0.707107
vn -0.000000 -0.707107 0.707107
vn -0.000000 0.000000 1.000000
vn -0.000000 -0.707107 0.707107
vn -0.000000 -1.000000 0.000000
vn -0.000000 -1.000000 0.000000
vn -0.000000 -0.707107 0.707107
vn -0.000000 -1.000000 0.000000
vn -0.000000 -0.707107 -0.707107
vn -0.000000 -0.707107 -0.707107
vn -0.000000 -1.000000 0.000000
vn -0.000000 -0.707107 -0.707107
vn -0.000000 -0.000000 -1.000000
vn -0.000000 -0.000000 -1.000000
vn -0.000000 -0.707107 -0.707107
vn -0.000000 -0.000000 -1.000000
vn -0.000000 0.707107 -0.707107
vn -0.000000 0.707107 -0.707107
vn -0.000000 -0.000000 -1.000000
vn -0.000000 0.707107 -0.707107
vn -0.000000 1.000000 -0.000000
vn -0.000000 1.000000 -0.000000
vn -0.000000 0.707107 -0.707107
vn -0.000000 1.000000 -0.000000
vn -0.000000 0.707107 0.707107
vn -0.000000 0.707107 0.707107
vn -0.000000 1.000000 -0.000000
vn -0.000000 0.707107 0.707107
vn -0.000000 0.000000 1.000000
vn -0.000000 0.000000 1.000000
vn -0.000000 0.707107 0.707107
vn -0.000000 0.000000 1.000000
vn -0.000000 -0.707107 0.707107
vn -0.000000 -0.707107 0.707107
vn -0.000000 0.000000 1.000000
vn -0.000000 -0.707107 0.707107
vn -0.000000 -1.000000 0.000000
vn -0.000000 -1.000000 0.000000
vn -0.000000 -0.707107 0.707107
vn -0.000000 -1.000000 0.000000
vn -0.000000 -0.707107 -0.707107
vn -0.000000 -0.707107 -0.707107
vn -0.000000 -1.000000 0.000000
vn -0.000000 -0.707107 -0.707107
vn -0.000000 -0.000000 -1.000000
vn -0.000000 -0.000000 -1.000000
vn -0.000000 -0.707107 -0.707107
vn -0.000000 -0.000000 -1.000000
vn -0.000000 0.707107 -0.707107
vn -0.000000 0.707107 -0.707107
vn -0.000000 -0.000000 -1.000000
vn -0.000000 0.707107 -0.707107
vn -0.000000 1.000000 -0.000000
vn -0.000000 1.000000 -0.000000
vn -0.000000 0.707107 -0.707107
vn -0.000000 1.000000 -0.000000
vn -0.000000 0.707107 0.707107
vn -0.000000 0.707107 0.707107
vn -0.000000 1.000000 -0.000000
vn -0.000000 0.707107 0.707107
vn -0.000000 0.000000 1.000000
vn -0.000000 0.000000 1.000000
vn -0.000000 0.707107 0.707107
vn -0.000000 0.000000 1.000000
vn -0.000000 -0.707107 0.707107
vn -0.000000 -0.707107 0.707107
vn -0.000000 0.000000 1.000000
vn -0.000000 -0.707107 0.707107
vn -0.000000 -1.000000 0.000000
vn -0.000000 -1.000000 0.000000
vn -0.000000 -0.707107 0.707107
vn -0.000000 -1.000000 0.000000
vn -0.000000 -0.707107 -0.707107
vn -0.000000 -0.707107 -0.707107
vn -0.000000 -1.000000 0.000000
vn -0.000000 -0.707107 -0.707107
vn -0.000000 -0.000000 -1.000000
vn -0.000000 -0.000000 -1.000000
vn -0.000000 -0.707107 -0.707107
vn -0.000000 -0.000000 -1.000000
vn -0.000000 0.707107 -0.707107
vn -0.000000 0.707107 -0.707107
vn -0.000000 -0.000000 -1.000000
vn -0.000000 0.707107 -0.707107
vn -0.000000 1.000000 -0.000000
vn -0.000000 1.000000 -0.000000
vn -0.000000 0.707107 -0.707107
vn -0.000000 1.000000 -0.000000
vn -0.000000 0.707107 0.707107
vn -0.000000 0.707107 0.707107
vn -0.000000 1.000000 -0.000000
vn -0.000000 0.707107 0.707107
vn -0.000000 0.000000 1.000000
vn -0.000000 0.000000 1.000000
vn -0.000000 0.707107 0.707107
vn -0.000000 0.000000 1.000000
vn -0.000000 -0.707107 0.707107
vn -0.000000 -0.707107 0.707107
vn -0.000000 0.000000 1.000000
vn -0.000000 -0.707107 0.707107
vn -0.000000 -1.000000 0.000000
vn -0.000000 -1.000000 0.000000
vn -0.000000 -0.707107 0.707107
vn -0.000000 -1.000000 0.000000
vn -0.000000 -0.707107 -0.707107
vn -0.000000 -0.707107 -0.707107
vn -0.000000 -1.000000 0.000000
vn -0.000000 -0.707107 -0.707107
vn -0.000000 -0.000000 -1.000000
vn -0.000000 -0.000000 -1.000000
vn -0.000000 -0.707107 -0.707107
vn -0.000000 -0.000000 -1.000000
vn -0.000000 0.707107 -0.707107
vn -0.000000 0.707107 -0.707107
vn -0.000000 -0.000000 -1.000000
vn -0.000000 0.707107 -0.707107
vn -0.000000 1.000000 -0.000000
vn -0.000000 1.000000 -0.000000
vn -0.000000 0.707107 -0.707107
vn -0.000000 1.000000 -0.000000
vn -0.000000 0.707107 0.707107
vn -0.000000 0.707107 0.707107
vn -0.000000 1.000000 -0.000000
vn -0.000000 0.707107 0.707107
vn -0.000000 0.000000 1.000000
vn -0.000000 0.000000 1.000000
vn -0.000000 0.707107 0.707107
vn -0.000000 0.000000 1.000000
vn -0.000000 -0.707107 0.707107
vn -0.000000 -0.707107 0.707107
vn -0.000000 0.000000 1.000000
vn -0.000000 -0.707107 0.707107
vn -0.000000 -1.000000 0.000000
vn -0.000000 -1.000000 0.000000
vn -0.000000 -0.707107 0.707107
vn -0.000000 -1.000000 0.000000
vn -0.000000 -0.707107 -0.707107
vn -0.000000 -0.707107 -0.707107
vn -0.000000 -1.000000 0.000000
vn -0.000000 -0.707107 -0.707107
vn -0.000000 -0.000000 -1.000000
vn -0.000000 -0.000000 -1.000000
vn -0.000000 -0.707107 -0.707107
vn -0.000000 -0.000000 -1.000000
vn -0.000000 0.707107 -0.707107
vn -0.000000 0.707107 -0.707107
vn -0.000000 -0.000000 -1.000000
vn -0.000000 0.707107 -0.707107
vn -0.000000 1.000000 -0.000000
vn -0.000000 1.000000 -0.000000
vn -0.000000 0.707107 -0.707107
vn -0.000000 1.000000 -0.000000
vn -0.000000 0.707107 0.707107
vn -0.000000 0.707107 0.707107
vn -0.000000 1.000000 -0.000000
vn -0.000000 0.707107 0.707107
vn -0.000000 0.000000 1.000000
vn -0.000000 0.000000 1.000000
vn -0.000000 0.707107 0.707107
vn -0.000000 0.000000 1.000000
vn -0.000000 -0.707107 0.707107
vn -0.000000 -0.707107 0.707107
vn -0.000000 0.000000 1.000000
vn -0.000000 -0.707107 0.707107
vn -0.000000 -1.000000 0.000000
vn -0.000000 -1.000000 0.000000
vn -0.000000 -0.707107 0.707107
vn -0.000000 -1.000000 0.000000
vn -0.000000 -0.707107 -0.707107
vn -0.000000 -0.707107 -0.707107
vn -0.000000 -1.000000 0.000000
vn -0.000000 -0.707107 -0.707107
vn -0.000000 -0.000000 -1.000000
vn -0.000000 -0.000000 -1.000000
vn -0.000000 -0.707107 -0.707107
vn -0.000000 -0.000000 -1.000000
vn -0.000000 0.707107 -0.707107
vn -0.000000 0.707107 -0.707107
vn -0.000000 -0.000000 -1.000000
vn -0.000000 0.707107 -0.707107
vn -0.000000 1.000000 -0.000000
vn -0.000000 1.000000 -0.000000
vn -0.000000 0.707107 -0.707107
vn -0.000000 1.000000 -0.000000
vn -0.000000 0.707107 0.707107
vn -0.000000 0.707107 0.707107
vn -0.000000 1.000000 -0.000000
vn -0.000000 0.707107 0.707107
vn -0.000000 0.000000 1.000000
vn -0.000000 0.000000 1.000000
vn -0.000000 0.707107 0.707107
vn -0.000000 0.000000 1.000000
vn -0.000000 -0.707107 0.707107
vn -0.000000 -0.707107 0.707107
vn -0.000000 0.000000 1.000000
vn -0.000000 -0.707107 0.707107
vn -0.000000 -1.000000 0.000000
vn -0.000000 -1.000000 0.000000
vn -0.000000 -0.707107 0.707107
vn -0.000000 -1.000000 0.000000
vn -0.000000 -0.707107 -0.707107
vn -0.000000 -0.707107 -0.707107
vn -0.000000 -1.000000 0.000000
vn -0.000000 -0.707107 -0.707107
vn -0.000000 -0.000000 -1.000000
vn -0.000000 -0.000000 -1.000000
vn -0.000000 -0.707107 -0.707107
vn -0.000000 -0.000000 -1.000000
vn -0.000000 0.707107 -0.707107
vn -0.000000 0.707107 -0.707107
vn -0.000000 -0.000000 -1.000000
vn -0.000000 0.707107 -0.707107
vn -0.000000 1.000000 -0.000000
vn -0.000000 1.000000 -0.000000
vn -0.000000 0.707107 -0.707107
vn -0.000000 1.000000 -0.000000
vn -0.000000 0.707107 0.707107
vn -0.000000 0.707107 0.707107
vn -0.000000 1.000000 -0.000000
vn -0.000000 0.707107 0.707107
vn -0.000000 0.000000 1.000000
vn -0.000000 0.000000 1.000000
vn -0.000000 0.707107 0.707107
vn -0.000000 0.000000 1.000000
vn -0.000000 -0.707107 0.707107
vn -0.000000 -0.707107 0.707107
vn -0.000000 0.000000 1.000000
vn -0.000000 -0.707107 0.707107
vn -0.000000 -1.000000 0.000000
vn -0.000000 -1.000000 0.000000
vn -0.000000 -0.707107 0.707107
vn -0.000000 -1.000000 0.000000
vn -0.000000 -0.707107 -0.707107
vn -0.000000 -0.707107 -0.707107
vn -0.000000 -1.000000 0.000000
vn -0.000000 -0.707107 -0.707107
vn -0.000000 -0.000000 -1.000000
vn -0.000000 -0.000000 -1.000000
vn -0.000000 -0.707107 -0.707107
vn -0.000000 -0.000000 -1.000000
vn -0.000000 0.707107 -0.707107
vn -0.000000 0.707107 -0.707107
vn -0.000000 -0.000000 -1.000000
vn -0.000000 0.707107 -0.707107
vn -0.000000 1.000000 -0.000000
vn -0.000000 1.000000 -0.000000
vn -0.000000 0.707107 -0.707107
vn -0.000000 1.000000 -0.000000
vn -0.000000 0.707107 0.707107
vn -0.000000 0.707107 0.707107
vn -0.000000 1.000000 -0.000000
vn -0.000000 0.707107 0.707107
vn -0.000000 0.000000 1.000000
vn -0.000000 0.000000 1.000000
vn -0.000000 0.707107 0.707107
vn -0.000000 0.000000 1.000000
vn -0.000000 -0.707107 0.707107
vn -0.000000 -0.707107 0.707107
vn -0.000000 0.000000 1.000000
vn -0.000000 -0.707107 0.707107
vn -0.000000 -1.000000 0.000000
vn -0.000000 -1.000000 0.000000
vn -0.000000 -0.707107 0.707107
vn -0.000000 -1.000000 0.000000
vn -0.000000 -0.707107 -0.707107
vn -0.000000 -0.707107 -0.707107
vn -0.000000 -1.000000 0.000000
vn -0.000000 -0.707107 -0.707107
vn -0.000000 -0.000000 -1.000000
vn -0.000000 -0.000000 -1.000000
vn -0.000000 -0.707107 -0.707107
vn -0.129195 -0.000000 -0.991619
vn -0.129195 0.701181 -0.701181
vn -0.013635 0.707041 -0.707041
vn -0.013635 -0.000000 -0.999907
vn -0.129195 0.701181 -0.701181
vn -0.129195 0.991619 -0.000000
vn -0.013635 0.999907 0.000000
vn -0.013635 0.707041 -0.707041
vn -0.129195 0.991619 -0.000000
vn -0.129195 0.701181 0.701181
vn -0.013635 0.707041 0.707041
vn -0.013635 0.999907 0.000000
vn -0.129195 0.701181 0.701181
vn -0.129195 0.000000 0.991619
vn -0.013635 0.000000 0.999907
vn -0.013635 0.707041 0.707041
vn -0.129195 0.000000 0.991619
vn -0.129195 -0.701181 0.701181
vn -0.013635 -0.707041 0.707041
vn -0.013635 0.000000 0.999907
vn -0.129195 -0.701181 0.701181
vn -0.129195 -0.991619 0.000000
vn -0.013635 -0.999907 0.000000
vn -0.013635 -0.707041 0.707041
vn -0.129195 -0.991619 0.000000
vn -0.129195 -0.701181 -0.701181
vn -0.013635 -0.707041 -0.707041
vn -0.013635 -0.999907 0.000000
vn -0.129195 -0.701181 -0.701181
vn -0.129195 -0.000000 -0.991619
vn -0.013635 -0.000000 -0.999907
vn -0.013635 -0.707041 -0.707041
vn -0.242536 -0.000000 -0.970143
vn -0.242536 0.685994 -0.685994
vn -0.129195 0.701181 -0.701181
vn -0.129195 -0.000000 -0.991619
vn -0.242536 0.685994 -0.685994
vn -0.242536 0.970143 -0.000000
vn -0.129195 0.991619 -0.000000
vn -0.129195 0.701181 -0.701181
vn -0.242536 0.970143 -0.000000
vn -0.242536 0.685994 0.685994
vn -0.129195 0.701181 0.701181
vn -0.129195 0.991619 -0.000000
vn -0.242536 0.685994 0.685994
vn -0.242536 0.000000 0.970143
vn -0.129195 0.000000 0.991619
vn -0.129195 0.701181 0.701181
vn -0.242536 0.000000 0.970143
vn -0.242536 -0.685994 0.685994
vn -0.129195 -0.701181 0.701181
vn -0.129195 0.000000 0.991619
vn -0.242536 -0.685994 0.685994
vn -0.242536 -0.970143 0.000000
vn -0.129195 -0.991619 0.000000
vn -0.129195 -0.701181 0.701181
vn -0.242536 -0.970143 0.000000
vn -0.242536 -0.685994 -0.685994
vn -0.129195 -0.701181 -0.701181
vn -0.129195 -0.991619 0.000000
vn -0.242536 -0.685994 -0.685994
vn -0.242536 -0.000000 -0.970143
vn -0.129195 -0.000000 -0.991619
vn -0.129195 -0.701181 -0.701181
vn -1.000000 0.000000 0.000000
vn -1.000000 0.000000 0.000000
vn -1.000000 0.000000 0.000000
vn -1.000000 0.000000 0.000000
vn -1.000000 0.000000 0.000000
vn -1.000000 0.000000 0.000000
vn -1.000000 0.000000 0.000000
vn -1.000000 0.000000 0.000000
vn -1.000000 0.000000 0.000000
vn -1.000000 0.000000 0.000000
vn -1.000000 0.000000 0.000000
vn -1.000000 0.000000 0.000000
vn -1.000000 0.000000 0.000000
vn -1.000000 0.000000 0.000000
vn -1.000000 0.000000 0.000000
vn -1.000000 0.000000 0.000000
vn -1.000000 0.000000 0.000000
vn -1.000000 0.000000 0.000000
vn -1.000000 0.000000 0.000000
vn -1.000000 0.000000 0.000000
vn -1.000000 0.000000 0.000000
vn -1.000000 0.000000 0.000000
vn -1.000000 0.000000 0.000000
vn -1.000000 0.000000 0.000000
vn 0.000000 0.000000 1.000000
vn 0.000000 0.000000 1.000000
vn 0.000000 0.000000 1.000000
vn 0.000000 0.000000 1.000000
vn -0.000000 -0.000000 -1.000000
vn -0.000000 -0.000000 -1.000000
vn -0.000000 -0.000000 -1.000000
vn -0.000000 -0.000000 -1.000000
vn -0.000000 0.000000 1.000000
vn -0.000000 0.000000 1.000000
vn -0.000000 0.000000 1.000000
vn -0.000000 0.000000 1.000000
vn 0.000000 -0.000000 -1.000000
vn 0.000000 -0.000000 -1.000000
vn 0.000000 -0.000000 -1.000000
vn 0.000000 -0.000000 -1.000000
vn -0.000000 0.000000 1.000000
vn -0.000000 0.000000 1.000000
vn -0.000000 0.000000 1.000000
vn -0.000000 0.000000 1.000000
vn -0.000000 -0.000000 -1.000000
vn -0.000000 -0.000000 -1.000000
vn -0.000000 -0.000000 -1.000000
vn -0.000000 -0.000000 -1.000000
vn -0.000000 0.000000 1.000000
vn -0.000000 0.000000 1.000000
vn -0.000000 0.000000 1.000000
vn -0.000000 0.000000 1.000000
vn 0.000000 -0.000000 -1.000000
vn 0.000000 -0.000000 -1.000000
vn 0.000000 -0.000000 -1.000000
vn 0.000000 -0.000000 -1.000000
vn 0.000000 0.000000 1.000000
vn 0.000000 0.000000 1.000000
vn 0.000000 0.000000 1.000000
vn 0.000000 0.000000 1.000000
vn -0.000000 -0.000000 -1.000000
vn -0.000000 -0.000000 -1.000000
vn -0.000000 -0.000000 -1.000000
vn -0.000000 -0.000000 -1.000000
vn -0.000000 0.000000 1.000000
vn -0.000000 0.000000 1.000000
vn -0.000000 0.000000 1.000000
vn -0.000000 0.000000 1.000000
vn 0.000000 -0.000000 -1.000000
vn 0.000000 -0.000000 -1.000000
vn 0.000000 -0.000000 -1.000000
vn 0.000000 -0.000000 -1.000000
vn -0.000000 -0.866025 -0.500000
vn -0.000000 -0.866025 -0.500000
vn -0.000000 -0.866025 -0.500000
vn -0.000000 -0.866025 -0.500000
vn 0.000000 0.866025 0.500000
vn 0.000000 0.866025 0.500000
vn 0.000000 0.866025 0.500000
vn 0.000000 0.866025 0.500000
vn -0.000000 -0.866025 -0.500000
vn -0.000000 -0.866025 -0.500000
vn -0.000000 -0.866025 -0.500000
vn -0.000000 -0.866025 -0.500000
vn -0.000000 0.866025 0.500000
vn -0.000000 0.866025 0.500000
vn -0.000000 0.866025 0.500000
vn -0.000000 0.866025 0.500000
vn -0.000000 -0.866025 -0.500000
vn -0.000000 -0.866025 -0.500000
vn -0.000000 -0.866025 -0.500000
vn -0.000000 -0.866025 -0.500000
vn -0.000000 0.866025 0.500000
vn -0.000000 0.866025 0.500000
vn -0.000000 0.866025 0.500000
vn -0.000000 0.866025 0.500000
vn 0.000000 -0.866025 -0.500000
vn 0.000000 -0.866025 -0.500000
vn 0.000000 -0.866025 -0.500000
vn 0.000000 -0.866025 -0.500000
vn -0.000000 0.866025 0.500000
vn -0.000000 0.866025 0.500000
vn -0.000000 0.866025 0.500000
vn -0.000000 0.866025 0.500000
vn -0.000000 -0.866025 -0.500000
vn -0.000000 -0.866025 -0.500000
vn -0.000000 -0.866025 -0.500000
vn -0.000000 -0.866025 -0.500000
vn 0.000000 0.866025 0.500000
vn 0.000000 0.866025 0.500000
vn 0.000000 0.866025 0.500000
vn 0.000000 0.866025 0.500000
vn 0.000000 -0.866025 -0.500000
vn 0.000000 -0.866025 -0.500000
vn 0.000000 -0.866025 -0.500000
vn 0.000000 -0.866025 -0.500000
vn -0.000000 0.866025 0.500000
vn -0.000000 0.866025 0.500000
vn -0.000000 0.866025 0.500000
vn -0.000000 0.866025 0.500000
vn -0.000000 0.866025 -0.500000
vn -0.000000 0.866025 -0.500000
vn -0.000000 0.866025 -0.500000
vn -0.000000 0.866025 -0.500000
vn 0.000000 -0.866025 0.500000
vn 0.000000 -0.866025 0.500000
vn 0.000000 -0.866025 0.500000
vn 0.000000 -0.866025 0.500000
vn -0.000000 0.866025 -0.500000
vn -0.000000 0.866025 -0.500000
vn -0.000000 0.866025 -0.500000
vn -0.000000 0.866025 -0.500000
vn 0.000000 -0.866025 0.500000
vn 0.000000 -0.866025 0.500000
vn 0.000000 -0.866025 0.500000
vn 0.000000 -0.866025 0.500000
vn -0.000000 0.866025 -0.500000
vn -0.000000 0.866025 -0.500000
vn -0.000000 0.866025 -0.500000
vn -0.000000 0.866025 -0.500000
vn -0.000000 -0.866025 0.500000
vn -0.000000 -0.866025 0.500000
vn -0.000000 -0.866025 0.500000
vn -0.000000 -0.866025 0.500000
vn 0.000000 0.866025 -0.500000
vn 0.000000 0.866025 -0.500000
vn 0.000000 0.866025 -0.500000
vn 0.000000 0.866025 -0.500000
vn -0.000000 -0.866025 0.500000
vn -0.000000 -0.866025 0.500000
vn -0.000000 -0.866025 0.500000
vn -0.000000 -0.866025 0.500000
vn -0.000000 0.866025 -0.500000
vn -0.000000 0.866025 -0.500000
vn -0.000000 0.866025 -0.500000
vn -0.000000 0.866025 -0.500000
vn 0.000000 -0.866025 0.500000
vn 0.000000 -0.866025 0.500000
vn 0.000000 -0.866025 0.500000
vn 0.000000 -0.866025 0.500000
vn 0.000000 0.866025 -0.500000
vn 0.000000 0.866025 -0.500000
vn 0.000000 0.866025 -0.500000
vn 0.000000 0.866025 -0.500000
vn -0.000000 -0.866025 0.500000
vn -0.000000 -0.866025 0.500000
vn -0.000000 -0.866025 0.500000
vn -0.000000 -0.866025 0.500000
usemtl jp_bow__jp_yumi_co
f 1/1/1 2/2/2 10/3/3 9/4/4
f 2/5/5 3/6/6 11/7/7 10/8/8
f 3/9/9 4/10/10 12/11/11 11/12/12
f 4/13/13 5/14/14 13/15/15 12/16/16
f 5/17/17 6/18/18 14/19/19 13/20/20
f 6/21/21 7/22/22 15/23/23 14/24/24
f 7/25/25 8/26/26 16/27/27 15/28/28
f 8/29/29 1/30/30 9/31/31 16/32/32
f 9/33/33 10/34/34 18/35/35 17/36/36
f 10/37/37 11/38/38 19/39/39 18/40/40
f 11/41/41 12/42/42 20/43/43 19/44/44
f 12/45/45 13/46/46 21/47/47 20/48/48
f 13/49/49 14/50/50 22/51/51 21/52/52
f 14/53/53 15/54/54 23/55/55 22/56/56
f 15/57/57 16/58/58 24/59/59 23/60/60
f 16/61/61 9/62/62 17/63/63 24/64/64
f 17/65/65 18/66/66 26/67/67 25/68/68
f 18/69/69 19/70/70 27/71/71 26/72/72
f 19/73/73 20/74/74 28/75/75 27/76/76
f 20/77/77 21/78/78 29/79/79 28/80/80
f 21/81/81 22/82/82 30/83/83 29/84/84
f 22/85/85 23/86/86 31/87/87 30/88/88
f 23/89/89 24/90/90 32/91/91 31/92/92
f 24/93/93 17/94/94 25/95/95 32/96/96
f 25/97/97 26/98/98 34/99/99 33/100/100
f 26/101/101 27/102/102 35/103/103 34/104/104
f 27/105/105 28/106/106 36/107/107 35/108/108
f 28/109/109 29/110/110 37/111/111 36/112/112
f 29/113/113 30/114/114 38/115/115 37/116/116
f 30/117/117 31/118/118 39/119/119 38/120/120
f 31/121/121 32/122/122 40/123/123 39/124/124
f 32/125/125 25/126/126 33/127/127 40/128/128
f 33/129/129 34/130/130 42/131/131 41/132/132
f 34/133/133 35/134/134 43/135/135 42/136/136
f 35/137/137 36/138/138 44/139/139 43/140/140
f 36/141/141 37/142/142 45/143/143 44/144/144
f 37/145/145 38/146/146 46/147/147 45/148/148
f 38/149/149 39/150/150 47/151/151 46/152/152
f 39/153/153 40/154/154 48/155/155 47/156/156
f 40/157/157 33/158/158 41/159/159 48/160/160
f 41/161/161 42/162/162 50/163/163 49/164/164
f 42/165/165 43/166/166 51/167/167 50/168/168
f 43/169/169 44/170/170 52/171/171 51/172/172
f 44/173/173 45/174/174 53/175/175 52/176/176
f 45/177/177 46/178/178 54/179/179 53/180/180
f 46/181/181 47/182/182 55/183/183 54/184/184
f 47/185/185 48/186/186 56/187/187 55/188/188
f 48/189/189 41/190/190 49/191/191 56/192/192
f 49/193/193 50/194/194 58/195/195 57/196/196
f 50/197/197 51/198/198 59/199/199 58/200/200
f 51/201/201 52/202/202 60/203/203 59/204/204
f 52/205/205 53/206/206 61/207/207 60/208/208
f 53/209/209 54/210/210 62/211/211 61/212/212
f 54/213/213 55/214/214 63/215/215 62/216/216
f 55/217/217 56/218/218 64/219/219 63/220/220
f 56/221/221 49/222/222 57/223/223 64/224/224
f 57/225/225 58/226/226 66/227/227 65/228/228
f 58/229/229 59/230/230 67/231/231 66/232/232
f 59/233/233 60/234/234 68/235/235 67/236/236
f 60/237/237 61/238/238 69/239/239 68/240/240
f 61/241/241 62/242/242 70/243/243 69/244/244
f 62/245/245 63/246/246 71/247/247 70/248/248
f 63/249/249 64/250/250 72/251/251 71/252/252
f 64/253/253 57/254/254 65/255/255 72/256/256
f 65/257/257 66/258/258 74/259/259 73/260/260
f 66/261/261 67/262/262 75/263/263 74/264/264
f 67/265/265 68/266/266 76/267/267 75/268/268
f 68/269/269 69/270/270 77/271/271 76/272/272
f 69/273/273 70/274/274 78/275/275 77/276/276
f 70/277/277 71/278/278 79/279/279 78/280/280
f 71/281/281 72/282/282 80/283/283 79/284/284
f 72/285/285 65/286/286 73/287/287 80/288/288
f 73/289/289 74/290/290 82/291/291 81/292/292
f 74/293/293 75/294/294 83/295/295 82/296/296
f 75/297/297 76/298/298 84/299/299 83/300/300
f 76/301/301 77/302/302 85/303/303 84/304/304
f 77/305/305 78/306/306 86/307/307 85/308/308
f 78/309/309 79/310/310 87/311/311 86/312/312
f 79/313/313 80/314/314 88/315/315 87/316/316
f 80/317/317 73/318/318 81/319/319 88/320/320
f 81/321/321 82/322/322 90/323/323 89/324/324
f 82/325/325 83/326/326 91/327/327 90/328/328
f 83/329/329 84/330/330 92/331/331 91/332/332
f 84/333/333 85/334/334 93/335/335 92/336/336
f 85/337/337 86/338/338 94/339/339 93/340/340
f 86/341/341 87/342/342 95/343/343 94/344/344
f 87/345/345 88/346/346 96/347/347 95/348/348
f 88/349/349 81/350/350 89/351/351 96/352/352
f 89/353/353 90/354/354 98/355/355 97/356/356
f 90/357/357 91/358/358 99/359/359 98/360/360
f 91/361/361 92/362/362 100/363/363 99/364/364
f 92/365/365 93/366/366 101/367/367 100/368/368
f 93/369/369 94/370/370 102/371/371 101/372/372
f 94/373/373 95/374/374 103/375/375 102/376/376
f 95/377/377 96/378/378 104/379/379 103/380/380
f 96/381/381 89/382/382 97/383/383 104/384/384
f 97/385/385 98/386/386 106/387/387 105/388/388
f 98/389/389 99/390/390 107/391/391 106/392/392
f 99/393/393 100/394/394 108/395/395 107/396/396
f 100/397/397 101/398/398 109/399/399 108/400/400
f 101/401/401 102/402/402 110/403/403 109/404/404
f 102/405/405 103/406/406 111/407/407 110/408/408
f 103/409/409 104/410/410 112/411/411 111/412/412
f 104/413/413 97/414/414 105/415/415 112/416/416
f 105/417/417 106/418/418 114/419/419 113/420/420
f 106/421/421 107/422/422 115/423/423 114/424/424
f 107/425/425 108/426/426 116/427/427 115/428/428
f 108/429/429 109/430/430 117/431/431 116/432/432
f 109/433/433 110/434/434 118/435/435 117/436/436
f 110/437/437 111/438/438 119/439/439 118/440/440
f 111/441/441 112/442/442 120/443/443 119/444/444
f 112/445/445 105/446/446 113/447/447 120/448/448
f 113/449/449 114/450/450 122/451/451 121/452/452
f 114/453/453 115/454/454 123/455/455 122/456/456
f 115/457/457 116/458/458 124/459/459 123/460/460
f 116/461/461 117/462/462 125/463/463 124/464/464
f 117/465/465 118/466/466 126/467/467 125/468/468
f 118/469/469 119/470/470 127/471/471 126/472/472
f 119/473/473 120/474/474 128/475/475 127/476/476
f 120/477/477 113/478/478 121/479/479 128/480/480
f 121/481/481 122/482/482 130/483/483 129/484/484
f 122/485/485 123/486/486 131/487/487 130/488/488
f 123/489/489 124/490/490 132/491/491 131/492/492
f 124/493/493 125/494/494 133/495/495 132/496/496
f 125/497/497 126/498/498 134/499/499 133/500/500
f 126/501/501 127/502/502 135/503/503 134/504/504
f 127/505/505 128/506/506 136/507/507 135/508/508
f 128/509/509 121/510/510 129/511/511 136/512/512
f 129/513/513 130/514/514 138/515/515 137/516/516
f 130/517/517 131/518/518 139/519/519 138/520/520
f 131/521/521 132/522/522 140/523/523 139/524/524
f 132/525/525 133/526/526 141/527/527 140/528/528
f 133/529/529 134/530/530 142/531/531 141/532/532
f 134/533/533 135/534/534 143/535/535 142/536/536
f 135/537/537 136/538/538 144/539/539 143/540/540
f 136/541/541 129/542/542 137/543/543 144/544/544
f 137/545/545 138/546/546 146/547/547 145/548/548
f 138/549/549 139/550/550 147/551/551 146/552/552
f 139/553/553 140/554/554 148/555/555 147/556/556
f 140/557/557 141/558/558 149/559/559 148/560/560
f 141/561/561 142/562/562 150/563/563 149/564/564
f 142/565/565 143/566/566 151/567/567 150/568/568
f 143/569/569 144/570/570 152/571/571 151/572/572
f 144/573/573 137/574/574 145/575/575 152/576/576
f 145/577/577 146/578/578 154/579/579 153/580/580
f 146/581/581 147/582/582 155/583/583 154/584/584
f 147/585/585 148/586/586 156/587/587 155/588/588
f 148/589/589 149/590/590 157/591/591 156/592/592
f 149/593/593 150/594/594 158/595/595 157/596/596
f 150/597/597 151/598/598 159/599/599 158/600/600
f 151/601/601 152/602/602 160/603/603 159/604/604
f 152/605/605 145/606/606 153/607/607 160/608/608
f 153/609/609 154/610/610 162/611/611 161/612/612
f 154/613/613 155/614/614 163/615/615 162/616/616
f 155/617/617 156/618/618 164/619/619 163/620/620
f 156/621/621 157/622/622 165/623/623 164/624/624
f 157/625/625 158/626/626 166/627/627 165/628/628
f 158/629/629 159/630/630 167/631/631 166/632/632
f 159/633/633 160/634/634 168/635/635 167/636/636
f 160/637/637 153/638/638 161/639/639 168/640/640
f 161/641/641 162/642/642 170/643/643 169/644/644
f 162/645/645 163/646/646 171/647/647 170/648/648
f 163/649/649 164/650/650 172/651/651 171/652/652
f 164/653/653 165/654/654 173/655/655 172/656/656
f 165/657/657 166/658/658 174/659/659 173/660/660
f 166/661/661 167/662/662 175/663/663 174/664/664
f 167/665/665 168/666/666 176/667/667 175/668/668
f 168/669/669 161/670/670 169/671/671 176/672/672
f 169/673/673 170/674/674 178/675/675 177/676/676
f 170/677/677 171/678/678 179/679/679 178/680/680
f 171/681/681 172/682/682 180/683/683 179/684/684
f 172/685/685 173/686/686 181/687/687 180/688/688
f 173/689/689 174/690/690 182/691/691 181/692/692
f 174/693/693 175/694/694 183/695/695 182/696/696
f 175/697/697 176/698/698 184/699/699 183/700/700
f 176/701/701 169/702/702 177/703/703 184/704/704
f 177/705/705 178/706/706 186/707/707 185/708/708
f 178/709/709 179/710/710 187/711/711 186/712/712
f 179/713/713 180/714/714 188/715/715 187/716/716
f 180/717/717 181/718/718 189/719/719 188/720/720
f 181/721/721 182/722/722 190/723/723 189/724/724
f 182/725/725 183/726/726 191/727/727 190/728/728
f 183/729/729 184/730/730 192/731/731 191/732/732
f 184/733/733 177/734/734 185/735/735 192/736/736
f 185/737/737 186/738/738 194/739/739 193/740/740
f 186/741/741 187/742/742 195/743/743 194/744/744
f 187/745/745 188/746/746 196/747/747 195/748/748
f 188/749/749 189/750/750 197/751/751 196/752/752
f 189/753/753 190/754/754 198/755/755 197/756/756
f 190/757/757 191/758/758 199/759/759 198/760/760
f 191/761/761 192/762/762 200/763/763 199/764/764
f 192/765/765 185/766/766 193/767/767 200/768/768
f 193/769/769 194/770/770 202/771/771 201/772/772
f 194/773/773 195/774/774 203/775/775 202/776/776
f 195/777/777 196/778/778 204/779/779 203/780/780
f 196/781/781 197/782/782 205/783/783 204/784/784
f 197/785/785 198/786/786 206/787/787 205/788/788
f 198/789/789 199/790/790 207/791/791 206/792/792
f 199/793/793 200/794/794 208/795/795 207/796/796
f 200/797/797 193/798/798 201/799/799 208/800/800
f 201/801/801 202/802/802 210/803/803 209/804/804
f 202/805/805 203/806/806 211/807/807 210/808/808
f 203/809/809 204/810/810 212/811/811 211/812/812
f 204/813/813 205/814/814 213/815/815 212/816/816
f 205/817/817 206/818/818 214/819/819 213/820/820
f 206/821/821 207/822/822 215/823/823 214/824/824
f 207/825/825 208/826/826 216/827/827 215/828/828
f 208/829/829 201/830/830 209/831/831 216/832/832
f 209/833/833 210/834/834 218/835/835 217/836/836
f 210/837/837 211/838/838 219/839/839 218/840/840
f 211/841/841 212/842/842 220/843/843 219/844/844
f 212/845/845 213/846/846 221/847/847 220/848/848
f 213/849/849 214/850/850 222/851/851 221/852/852
f 214/853/853 215/854/854 223/855/855 222/856/856
f 215/857/857 216/858/858 224/859/859 223/860/860
f 216/861/861 209/862/862 217/863/863 224/864/864
f 217/865/865 218/866/866 226/867/867 225/868/868
f 218/869/869 219/870/870 227/871/871 226/872/872
f 219/873/873 220/874/874 228/875/875 227/876/876
f 220/877/877 221/878/878 229/879/879 228/880/880
f 221/881/881 222/882/882 230/883/883 229/884/884
f 222/885/885 223/886/886 231/887/887 230/888/888
f 223/889/889 224/890/890 232/891/891 231/892/892
f 224/893/893 217/894/894 225/895/895 232/896/896
f 225/897/897 226/898/898 234/899/899 233/900/900
f 226/901/901 227/902/902 235/903/903 234/904/904
f 227/905/905 228/906/906 236/907/907 235/908/908
f 228/909/909 229/910/910 237/911/911 236/912/912
f 229/913/913 230/914/914 238/915/915 237/916/916
f 230/917/917 231/918/918 239/919/919 238/920/920
f 231/921/921 232/922/922 240/923/923 239/924/924
f 232/925/925 225/926/926 233/927/927 240/928/928
f 233/929/929 234/930/930 242/931/931 241/932/932
f 234/933/933 235/934/934 243/935/935 242/936/936
f 235/937/937 236/938/938 244/939/939 243/940/940
f 236/941/941 237/942/942 245/943/943 244/944/944
f 237/945/945 238/946/946 246/947/947 245/948/948
f 238/949/949 239/950/950 247/951/951 246/952/952
f 239/953/953 240/954/954 248/955/955 247/956/956
f 240/957/957 233/958/958 241/959/959 248/960/960
f 241/961/961 242/962/962 250/963/963 249/964/964
f 242/965/965 243/966/966 251/967/967 250/968/968
f 243/969/969 244/970/970 252/971/971 251/972/972
f 244/973/973 245/974/974 253/975/975 252/976/976
f 245/977/977 246/978/978 254/979/979 253/980/980
f 246/981/981 247/982/982 255/983/983 254/984/984
f 247/985/985 248/986/986 256/987/987 255/988/988
f 248/989/989 241/990/990 249/991/991 256/992/992
f 249/993/993 250/994/994 258/995/995 257/996/996
f 250/997/997 251/998/998 259/999/999 258/1000/1000
f 251/1001/1001 252/1002/1002 260/1003/1003 259/1004/1004
f 252/1005/1005 253/1006/1006 261/1007/1007 260/1008/1008
f 253/1009/1009 254/1010/1010 262/1011/1011 261/1012/1012
f 254/1013/1013 255/1014/1014 263/1015/1015 262/1016/1016
f 255/1017/1017 256/1018/1018 264/1019/1019 263/1020/1020
f 256/1021/1021 249/1022/1022 257/1023/1023 264/1024/1024
f 257/1025/1025 258/1026/1026 266/1027/1027 265/1028/1028
f 258/1029/1029 259/1030/1030 267/1031/1031 266/1032/1032
f 259/1033/1033 260/1034/1034 268/1035/1035 267/1036/1036
f 260/1037/1037 261/1038/1038 269/1039/1039 268/1040/1040
f 261/1041/1041 262/1042/1042 270/1043/1043 269/1044/1044
f 262/1045/1045 263/1046/1046 271/1047/1047 270/1048/1048
f 263/1049/1049 264/1050/1050 272/1051/1051 271/1052/1052
f 264/1053/1053 257/1054/1054 265/1055/1055 272/1056/1056
f 265/1057/1057 266/1058/1058 274/1059/1059 273/1060/1060
f 266/1061/1061 267/1062/1062 275/1063/1063 274/1064/1064
f 267/1065/1065 268/1066/1066 276/1067/1067 275/1068/1068
f 268/1069/1069 269/1070/1070 277/1071/1071 276/1072/1072
f 269/1073/1073 270/1074/1074 278/1075/1075 277/1076/1076
f 270/1077/1077 271/1078/1078 279/1079/1079 278/1080/1080
f 271/1081/1081 272/1082/1082 280/1083/1083 279/1084/1084
f 272/1085/1085 265/1086/1086 273/1087/1087 280/1088/1088
f 273/1089/1089 274/1090/1090 282/1091/1091 281/1092/1092
f 274/1093/1093 275/1094/1094 283/1095/1095 282/1096/1096
f 275/1097/1097 276/1098/1098 284/1099/1099 283/1100/1100
f 276/1101/1101 277/1102/1102 285/1103/1103 284/1104/1104
f 277/1105/1105 278/1106/1106 286/1107/1107 285/1108/1108
f 278/1109/1109 279/1110/1110 287/1111/1111 286/1112/1112
f 279/1113/1113 280/1114/1114 288/1115/1115 287/1116/1116
f 280/1117/1117 273/1118/1118 281/1119/1119 288/1120/1120
f 281/1121/1121 282/1122/1122 290/1123/1123 289/1124/1124
f 282/1125/1125 283/1126/1126 291/1127/1127 290/1128/1128
f 283/1129/1129 284/1130/1130 292/1131/1131 291/1132/1132
f 284/1133/1133 285/1134/1134 293/1135/1135 292/1136/1136
f 285/1137/1137 286/1138/1138 294/1139/1139 293/1140/1140
f 286/1141/1141 287/1142/1142 295/1143/1143 294/1144/1144
f 287/1145/1145 288/1146/1146 296/1147/1147 295/1148/1148
f 288/1149/1149 281/1150/1150 289/1151/1151 296/1152/1152
f 289/1153/1153 290/1154/1154 298/1155/1155 297/1156/1156
f 290/1157/1157 291/1158/1158 299/1159/1159 298/1160/1160
f 291/1161/1161 292/1162/1162 300/1163/1163 299/1164/1164
f 292/1165/1165 293/1166/1166 301/1167/1167 300/1168/1168
f 293/1169/1169 294/1170/1170 302/1171/1171 301/1172/1172
f 294/1173/1173 295/1174/1174 303/1175/1175 302/1176/1176
f 295/1177/1177 296/1178/1178 304/1179/1179 303/1180/1180
f 296/1181/1181 289/1182/1182 297/1183/1183 304/1184/1184
f 297/1185/1185 298/1186/1186 306/1187/1187 305/1188/1188
f 298/1189/1189 299/1190/1190 307/1191/1191 306/1192/1192
f 299/1193/1193 300/1194/1194 308/1195/1195 307/1196/1196
f 300/1197/1197 301/1198/1198 309/1199/1199 308/1200/1200
f 301/1201/1201 302/1202/1202 310/1203/1203 309/1204/1204
f 302/1205/1205 303/1206/1206 311/1207/1207 310/1208/1208
f 303/1209/1209 304/1210/1210 312/1211/1211 311/1212/1212
f 304/1213/1213 297/1214/1214 305/1215/1215 312/1216/1216
f 305/1217/1217 306/1218/1218 314/1219/1219 313/1220/1220
f 306/1221/1221 307/1222/1222 315/1223/1223 314/1224/1224
f 307/1225/1225 308/1226/1226 316/1227/1227 315/1228/1228
f 308/1229/1229 309/1230/1230 317/1231/1231 316/1232/1232
f 309/1233/1233 310/1234/1234 318/1235/1235 317/1236/1236
f 310/1237/1237 311/1238/1238 319/1239/1239 318/1240/1240
f 311/1241/1241 312/1242/1242 320/1243/1243 319/1244/1244
f 312/1245/1245 305/1246/1246 313/1247/1247 320/1248/1248
f 313/1249/1249 314/1250/1250 322/1251/1251 321/1252/1252
f 314/1253/1253 315/1254/1254 323/1255/1255 322/1256/1256
f 315/1257/1257 316/1258/1258 324/1259/1259 323/1260/1260
f 316/1261/1261 317/1262/1262 325/1263/1263 324/1264/1264
f 317/1265/1265 318/1266/1266 326/1267/1267 325/1268/1268
f 318/1269/1269 319/1270/1270 327/1271/1271 326/1272/1272
f 319/1273/1273 320/1274/1274 328/1275/1275 327/1276/1276
f 320/1277/1277 313/1278/1278 321/1279/1279 328/1280/1280
f 321/1281/1281 322/1282/1282 330/1283/1283 329/1284/1284
f 322/1285/1285 323/1286/1286 331/1287/1287 330/1288/1288
f 323/1289/1289 324/1290/1290 332/1291/1291 331/1292/1292
f 324/1293/1293 325/1294/1294 333/1295/1295 332/1296/1296
f 325/1297/1297 326/1298/1298 334/1299/1299 333/1300/1300
f 326/1301/1301 327/1302/1302 335/1303/1303 334/1304/1304
f 327/1305/1305 328/1306/1306 336/1307/1307 335/1308/1308
f 328/1309/1309 321/1310/1310 329/1311/1311 336/1312/1312
f 329/1313/1313 330/1314/1314 338/1315/1315 337/1316/1316
f 330/1317/1317 331/1318/1318 339/1319/1319 338/1320/1320
f 331/1321/1321 332/1322/1322 340/1323/1323 339/1324/1324
f 332/1325/1325 333/1326/1326 341/1327/1327 340/1328/1328
f 333/1329/1329 334/1330/1330 342/1331/1331 341/1332/1332
f 334/1333/1333 335/1334/1334 343/1335/1335 342/1336/1336
f 335/1337/1337 336/1338/1338 344/1339/1339 343/1340/1340
f 336/1341/1341 329/1342/1342 337/1343/1343 344/1344/1344
f 337/1345/1345 338/1346/1346 346/1347/1347 345/1348/1348
f 338/1349/1349 339/1350/1350 347/1351/1351 346/1352/1352
f 339/1353/1353 340/1354/1354 348/1355/1355 347/1356/1356
f 340/1357/1357 341/1358/1358 349/1359/1359 348/1360/1360
f 341/1361/1361 342/1362/1362 350/1363/1363 349/1364/1364
f 342/1365/1365 343/1366/1366 351/1367/1367 350/1368/1368
f 343/1369/1369 344/1370/1370 352/1371/1371 351/1372/1372
f 344/1373/1373 337/1374/1374 345/1375/1375 352/1376/1376
f 345/1377/1377 346/1378/1378 354/1379/1379 353/1380/1380
f 346/1381/1381 347/1382/1382 355/1383/1383 354/1384/1384
f 347/1385/1385 348/1386/1386 356/1387/1387 355/1388/1388
f 348/1389/1389 349/1390/1390 357/1391/1391 356/1392/1392
f 349/1393/1393 350/1394/1394 358/1395/1395 357/1396/1396
f 350/1397/1397 351/1398/1398 359/1399/1399 358/1400/1400
f 351/1401/1401 352/1402/1402 360/1403/1403 359/1404/1404
f 352/1405/1405 345/1406/1406 353/1407/1407 360/1408/1408
f 353/1409/1409 354/1410/1410 362/1411/1411 361/1412/1412
f 354/1413/1413 355/1414/1414 363/1415/1415 362/1416/1416
f 355/1417/1417 356/1418/1418 364/1419/1419 363/1420/1420
f 356/1421/1421 357/1422/1422 365/1423/1423 364/1424/1424
f 357/1425/1425 358/1426/1426 366/1427/1427 365/1428/1428
f 358/1429/1429 359/1430/1430 367/1431/1431 366/1432/1432
f 359/1433/1433 360/1434/1434 368/1435/1435 367/1436/1436
f 360/1437/1437 353/1438/1438 361/1439/1439 368/1440/1440
f 361/1441/1441 362/1442/1442 370/1443/1443 369/1444/1444
f 362/1445/1445 363/1446/1446 371/1447/1447 370/1448/1448
f 363/1449/1449 364/1450/1450 372/1451/1451 371/1452/1452
f 364/1453/1453 365/1454/1454 373/1455/1455 372/1456/1456
f 365/1457/1457 366/1458/1458 374/1459/1459 373/1460/1460
f 366/1461/1461 367/1462/1462 375/1463/1463 374/1464/1464
f 367/1465/1465 368/1466/1466 376/1467/1467 375/1468/1468
f 368/1469/1469 361/1470/1470 369/1471/1471 376/1472/1472
f 369/1473/1473 370/1474/1474 378/1475/1475 377/1476/1476
f 370/1477/1477 371/1478/1478 379/1479/1479 378/1480/1480
f 371/1481/1481 372/1482/1482 380/1483/1483 379/1484/1484
f 372/1485/1485 373/1486/1486 381/1487/1487 380/1488/1488
f 373/1489/1489 374/1490/1490 382/1491/1491 381/1492/1492
f 374/1493/1493 375/1494/1494 383/1495/1495 382/1496/1496
f 375/1497/1497 376/1498/1498 384/1499/1499 383/1500/1500
f 376/1501/1501 369/1502/1502 377/1503/1503 384/1504/1504
f 377/1505/1505 378/1506/1506 386/1507/1507 385/1508/1508
f 378/1509/1509 379/1510/1510 387/1511/1511 386/1512/1512
f 379/1513/1513 380/1514/1514 388/1515/1515 387/1516/1516
f 380/1517/1517 381/1518/1518 389/1519/1519 388/1520/1520
f 381/1521/1521 382/1522/1522 390/1523/1523 389/1524/1524
f 382/1525/1525 383/1526/1526 391/1527/1527 390/1528/1528
f 383/1529/1529 384/1530/1530 392/1531/1531 391/1532/1532
f 384/1533/1533 377/1534/1534 385/1535/1535 392/1536/1536
f 385/1537/1537 386/1538/1538 394/1539/1539 393/1540/1540
f 386/1541/1541 387/1542/1542 395/1543/1543 394/1544/1544
f 387/1545/1545 388/1546/1546 396/1547/1547 395/1548/1548
f 388/1549/1549 389/1550/1550 397/1551/1551 396/1552/1552
f 389/1553/1553 390/1554/1554 398/1555/1555 397/1556/1556
f 390/1557/1557 391/1558/1558 399/1559/1559 398/1560/1560
f 391/1561/1561 392/1562/1562 400/1563/1563 399/1564/1564
f 392/1565/1565 385/1566/1566 393/1567/1567 400/1568/1568
f 393/1569/1569 394/1570/1570 402/1571/1571 401/1572/1572
f 394/1573/1573 395/1574/1574 403/1575/1575 402/1576/1576
f 395/1577/1577 396/1578/1578 404/1579/1579 403/1580/1580
f 396/1581/1581 397/1582/1582 405/1583/1583 404/1584/1584
f 397/1585/1585 398/1586/1586 406/1587/1587 405/1588/1588
f 398/1589/1589 399/1590/1590 407/1591/1591 406/1592/1592
f 399/1593/1593 400/1594/1594 408/1595/1595 407/1596/1596
f 400/1597/1597 393/1598/1598 401/1599/1599 408/1600/1600
f 401/1601/1601 402/1602/1602 410/1603/1603 409/1604/1604
f 402/1605/1605 403/1606/1606 411/1607/1607 410/1608/1608
f 403/1609/1609 404/1610/1610 412/1611/1611 411/1612/1612
f 404/1613/1613 405/1614/1614 413/1615/1615 412/1616/1616
f 405/1617/1617 406/1618/1618 414/1619/1619 413/1620/1620
f 406/1621/1621 407/1622/1622 415/1623/1623 414/1624/1624
f 407/1625/1625 408/1626/1626 416/1627/1627 415/1628/1628
f 408/1629/1629 401/1630/1630 409/1631/1631 416/1632/1632
f 409/1633/1633 410/1634/1634 418/1635/1635 417/1636/1636
f 410/1637/1637 411/1638/1638 419/1639/1639 418/1640/1640
f 411/1641/1641 412/1642/1642 420/1643/1643 419/1644/1644
f 412/1645/1645 413/1646/1646 421/1647/1647 420/1648/1648
f 413/1649/1649 414/1650/1650 422/1651/1651 421/1652/1652
f 414/1653/1653 415/1654/1654 423/1655/1655 422/1656/1656
f 415/1657/1657 416/1658/1658 424/1659/1659 423/1660/1660
f 416/1661/1661 409/1662/1662 417/1663/1663 424/1664/1664
f 417/1665/1665 418/1666/1666 426/1667/1667 425/1668/1668
f 418/1669/1669 419/1670/1670 427/1671/1671 426/1672/1672
f 419/1673/1673 420/1674/1674 428/1675/1675 427/1676/1676
f 420/1677/1677 421/1678/1678 429/1679/1679 428/1680/1680
f 421/1681/1681 422/1682/1682 430/1683/1683 429/1684/1684
f 422/1685/1685 423/1686/1686 431/1687/1687 430/1688/1688
f 423/1689/1689 424/1690/1690 432/1691/1691 431/1692/1692
f 424/1693/1693 417/1694/1694 425/1695/1695 432/1696/1696
f 425/1697/1697 426/1698/1698 434/1699/1699 433/1700/1700
f 426/1701/1701 427/1702/1702 435/1703/1703 434/1704/1704
f 427/1705/1705 428/1706/1706 436/1707/1707 435/1708/1708
f 428/1709/1709 429/1710/1710 437/1711/1711 436/1712/1712
f 429/1713/1713 430/1714/1714 438/1715/1715 437/1716/1716
f 430/1717/1717 431/1718/1718 439/1719/1719 438/1720/1720
f 431/1721/1721 432/1722/1722 440/1723/1723 439/1724/1724
f 432/1725/1725 425/1726/1726 433/1727/1727 440/1728/1728
f 433/1729/1729 434/1730/1730 442/1731/1731 441/1732/1732
f 434/1733/1733 435/1734/1734 443/1735/1735 442/1736/1736
f 435/1737/1737 436/1738/1738 444/1739/1739 443/1740/1740
f 436/1741/1741 437/1742/1742 445/1743/1743 444/1744/1744
f 437/1745/1745 438/1746/1746 446/1747/1747 445/1748/1748
f 438/1749/1749 439/1750/1750 447/1751/1751 446/1752/1752
f 439/1753/1753 440/1754/1754 448/1755/1755 447/1756/1756
f 440/1757/1757 433/1758/1758 441/1759/1759 448/1760/1760
f 441/1761/1761 442/1762/1762 450/1763/1763 449/1764/1764
f 442/1765/1765 443/1766/1766 451/1767/1767 450/1768/1768
f 443/1769/1769 444/1770/1770 452/1771/1771 451/1772/1772
f 444/1773/1773 445/1774/1774 453/1775/1775 452/1776/1776
f 445/1777/1777 446/1778/1778 454/1779/1779 453/1780/1780
f 446/1781/1781 447/1782/1782 455/1783/1783 454/1784/1784
f 447/1785/1785 448/1786/1786 456/1787/1787 455/1788/1788
f 448/1789/1789 441/1790/1790 449/1791/1791 456/1792/1792
f 449/1793/1793 450/1794/1794 458/1795/1795 457/1796/1796
f 450/1797/1797 451/1798/1798 459/1799/1799 458/1800/1800
f 451/1801/1801 452/1802/1802 460/1803/1803 459/1804/1804
f 452/1805/1805 453/1806/1806 461/1807/1807 460/1808/1808
f 453/1809/1809 454/1810/1810 462/1811/1811 461/1812/1812
f 454/1813/1813 455/1814/1814 463/1815/1815 462/1816/1816
f 455/1817/1817 456/1818/1818 464/1819/1819 463/1820/1820
f 456/1821/1821 449/1822/1822 457/1823/1823 464/1824/1824
f 457/1825/1825 458/1826/1826 466/1827/1827 465/1828/1828
f 458/1829/1829 459/1830/1830 467/1831/1831 466/1832/1832
f 459/1833/1833 460/1834/1834 468/1835/1835 467/1836/1836
f 460/1837/1837 461/1838/1838 469/1839/1839 468/1840/1840
f 461/1841/1841 462/1842/1842 470/1843/1843 469/1844/1844
f 462/1845/1845 463/1846/1846 471/1847/1847 470/1848/1848
f 463/1849/1849 464/1850/1850 472/1851/1851 471/1852/1852
f 464/1853/1853 457/1854/1854 465/1855/1855 472/1856/1856
f 465/1857/1857 466/1858/1858 474/1859/1859 473/1860/1860
f 466/1861/1861 467/1862/1862 475/1863/1863 474/1864/1864
f 467/1865/1865 468/1866/1866 476/1867/1867 475/1868/1868
f 468/1869/1869 469/1870/1870 477/1871/1871 476/1872/1872
f 469/1873/1873 470/1874/1874 478/1875/1875 477/1876/1876
f 470/1877/1877 471/1878/1878 479/1879/1879 478/1880/1880
f 471/1881/1881 472/1882/1882 480/1883/1883 479/1884/1884
f 472/1885/1885 465/1886/1886 473/1887/1887 480/1888/1888
f 473/1889/1889 474/1890/1890 482/1891/1891 481/1892/1892
f 474/1893/1893 475/1894/1894 483/1895/1895 482/1896/1896
f 475/1897/1897 476/1898/1898 484/1899/1899 483/1900/1900
f 476/1901/1901 477/1902/1902 485/1903/1903 484/1904/1904
f 477/1905/1905 478/1906/1906 486/1907/1907 485/1908/1908
f 478/1909/1909 479/1910/1910 487/1911/1911 486/1912/1912
f 479/1913/1913 480/1914/1914 488/1915/1915 487/1916/1916
f 480/1917/1917 473/1918/1918 481/1919/1919 488/1920/1920
f 481/1921/1921 482/1922/1922 490/1923/1923 489/1924/1924
f 482/1925/1925 483/1926/1926 491/1927/1927 490/1928/1928
f 483/1929/1929 484/1930/1930 492/1931/1931 491/1932/1932
f 484/1933/1933 485/1934/1934 493/1935/1935 492/1936/1936
f 485/1937/1937 486/1938/1938 494/1939/1939 493/1940/1940
f 486/1941/1941 487/1942/1942 495/1943/1943 494/1944/1944
f 487/1945/1945 488/1946/1946 496/1947/1947 495/1948/1948
f 488/1949/1949 481/1950/1950 489/1951/1951 496/1952/1952
f 489/1953/1953 490/1954/1954 498/1955/1955 497/1956/1956
f 490/1957/1957 491/1958/1958 499/1959/1959 498/1960/1960
f 491/1961/1961 492/1962/1962 500/1963/1963 499/1964/1964
f 492/1965/1965 493/1966/1966 501/1967/1967 500/1968/1968
f 493/1969/1969 494/1970/1970 502/1971/1971 501/1972/1972
f 494/1973/1973 495/1974/1974 503/1975/1975 502/1976/1976
f 495/1977/1977 496/1978/1978 504/1979/1979 503/1980/1980
f 496/1981/1981 489/1982/1982 497/1983/1983 504/1984/1984
f 497/1985/1985 498/1986/1986 506/1987/1987 505/1988/1988
f 498/1989/1989 499/1990/1990 507/1991/1991 506/1992/1992
f 499/1993/1993 500/1994/1994 508/1995/1995 507/1996/1996
f 500/1997/1997 501/1998/1998 509/1999/1999 508/2000/2000
f 501/2001/2001 502/2002/2002 510/2003/2003 509/2004/2004
f 502/2005/2005 503/2006/2006 511/2007/2007 510/2008/2008
f 503/2009/2009 504/2010/2010 512/2011/2011 511/2012/2012
f 504/2013/2013 497/2014/2014 505/2015/2015 512/2016/2016
f 505/2017/2017 506/2018/2018 514/2019/2019 513/2020/2020
f 506/2021/2021 507/2022/2022 515/2023/2023 514/2024/2024
f 507/2025/2025 508/2026/2026 516/2027/2027 515/2028/2028
f 508/2029/2029 509/2030/2030 517/2031/2031 516/2032/2032
f 509/2033/2033 510/2034/2034 518/2035/2035 517/2036/2036
f 510/2037/2037 511/2038/2038 519/2039/2039 518/2040/2040
f 511/2041/2041 512/2042/2042 520/2043/2043 519/2044/2044
f 512/2045/2045 505/2046/2046 513/2047/2047 520/2048/2048
f 513/2049/2049 514/2050/2050 522/2051/2051 521/2052/2052
f 514/2053/2053 515/2054/2054 523/2055/2055 522/2056/2056
f 515/2057/2057 516/2058/2058 524/2059/2059 523/2060/2060
f 516/2061/2061 517/2062/2062 525/2063/2063 524/2064/2064
f 517/2065/2065 518/2066/2066 526/2067/2067 525/2068/2068
f 518/2069/2069 519/2070/2070 527/2071/2071 526/2072/2072
f 519/2073/2073 520/2074/2074 528/2075/2075 527/2076/2076
f 520/2077/2077 513/2078/2078 521/2079/2079 528/2080/2080
f 521/2081/2081 522/2082/2082 530/2083/2083 529/2084/2084
f 522/2085/2085 523/2086/2086 531/2087/2087 530/2088/2088
f 523/2089/2089 524/2090/2090 532/2091/2091 531/2092/2092
f 524/2093/2093 525/2094/2094 533/2095/2095 532/2096/2096
f 525/2097/2097 526/2098/2098 534/2099/2099 533/2100/2100
f 526/2101/2101 527/2102/2102 535/2103/2103 534/2104/2104
f 527/2105/2105 528/2106/2106 536/2107/2107 535/2108/2108
f 528/2109/2109 521/2110/2110 529/2111/2111 536/2112/2112
f 529/2113/2113 530/2114/2114 538/2115/2115 537/2116/2116
f 530/2117/2117 531/2118/2118 539/2119/2119 538/2120/2120
f 531/2121/2121 532/2122/2122 540/2123/2123 539/2124/2124
f 532/2125/2125 533/2126/2126 541/2127/2127 540/2128/2128
f 533/2129/2129 534/2130/2130 542/2131/2131 541/2132/2132
f 534/2133/2133 535/2134/2134 543/2135/2135 542/2136/2136
f 535/2137/2137 536/2138/2138 544/2139/2139 543/2140/2140
f 536/2141/2141 529/2142/2142 537/2143/2143 544/2144/2144
f 537/2145/2145 538/2146/2146 546/2147/2147 545/2148/2148
f 538/2149/2149 539/2150/2150 547/2151/2151 546/2152/2152
f 539/2153/2153 540/2154/2154 548/2155/2155 547/2156/2156
f 540/2157/2157 541/2158/2158 549/2159/2159 548/2160/2160
f 541/2161/2161 542/2162/2162 550/2163/2163 549/2164/2164
f 542/2165/2165 543/2166/2166 551/2167/2167 550/2168/2168
f 543/2169/2169 544/2170/2170 552/2171/2171 551/2172/2172
f 544/2173/2173 537/2174/2174 545/2175/2175 552/2176/2176
f 545/2177/2177 546/2178/2178 554/2179/2179 553/2180/2180
f 546/2181/2181 547/2182/2182 555/2183/2183 554/2184/2184
f 547/2185/2185 548/2186/2186 556/2187/2187 555/2188/2188
f 548/2189/2189 549/2190/2190 557/2191/2191 556/2192/2192
f 549/2193/2193 550/2194/2194 558/2195/2195 557/2196/2196
f 550/2197/2197 551/2198/2198 559/2199/2199 558/2200/2200
f 551/2201/2201 552/2202/2202 560/2203/2203 559/2204/2204
f 552/2205/2205 545/2206/2206 553/2207/2207 560/2208/2208
f 553/2209/2209 554/2210/2210 562/2211/2211 561/2212/2212
f 554/2213/2213 555/2214/2214 563/2215/2215 562/2216/2216
f 555/2217/2217 556/2218/2218 564/2219/2219 563/2220/2220
f 556/2221/2221 557/2222/2222 565/2223/2223 564/2224/2224
f 557/2225/2225 558/2226/2226 566/2227/2227 565/2228/2228
f 558/2229/2229 559/2230/2230 567/2231/2231 566/2232/2232
f 559/2233/2233 560/2234/2234 568/2235/2235 567/2236/2236
f 560/2237/2237 553/2238/2238 561/2239/2239 568/2240/2240
f 561/2241/2241 562/2242/2242 570/2243/2243 569/2244/2244
f 562/2245/2245 563/2246/2246 571/2247/2247 570/2248/2248
f 563/2249/2249 564/2250/2250 572/2251/2251 571/2252/2252
f 564/2253/2253 565/2254/2254 573/2255/2255 572/2256/2256
f 565/2257/2257 566/2258/2258 574/2259/2259 573/2260/2260
f 566/2261/2261 567/2262/2262 575/2263/2263 574/2264/2264
f 567/2265/2265 568/2266/2266 576/2267/2267 575/2268/2268
f 568/2269/2269 561/2270/2270 569/2271/2271 576/2272/2272
f 569/2273/2273 570/2274/2274 578/2275/2275 577/2276/2276
f 570/2277/2277 571/2278/2278 579/2279/2279 578/2280/2280
f 571/2281/2281 572/2282/2282 580/2283/2283 579/2284/2284
f 572/2285/2285 573/2286/2286 581/2287/2287 580/2288/2288
f 573/2289/2289 574/2290/2290 582/2291/2291 581/2292/2292
f 574/2293/2293 575/2294/2294 583/2295/2295 582/2296/2296
f 575/2297/2297 576/2298/2298 584/2299/2299 583/2300/2300
f 576/2301/2301 569/2302/2302 577/2303/2303 584/2304/2304
f 577/2305/2305 578/2306/2306 586/2307/2307 585/2308/2308
f 578/2309/2309 579/2310/2310 587/2311/2311 586/2312/2312
f 579/2313/2313 580/2314/2314 588/2315/2315 587/2316/2316
f 580/2317/2317 581/2318/2318 589/2319/2319 588/2320/2320
f 581/2321/2321 582/2322/2322 590/2323/2323 589/2324/2324
f 582/2325/2325 583/2326/2326 591/2327/2327 590/2328/2328
f 583/2329/2329 584/2330/2330 592/2331/2331 591/2332/2332
f 584/2333/2333 577/2334/2334 585/2335/2335 592/2336/2336
f 585/2337/2337 586/2338/2338 594/2339/2339 593/2340/2340
f 586/2341/2341 587/2342/2342 595/2343/2343 594/2344/2344
f 587/2345/2345 588/2346/2346 596/2347/2347 595/2348/2348
f 588/2349/2349 589/2350/2350 597/2351/2351 596/2352/2352
f 589/2353/2353 590/2354/2354 598/2355/2355 597/2356/2356
f 590/2357/2357 591/2358/2358 599/2359/2359 598/2360/2360
f 591/2361/2361 592/2362/2362 600/2363/2363 599/2364/2364
f 592/2365/2365 585/2366/2366 593/2367/2367 600/2368/2368
f 593/2369/2369 594/2370/2370 602/2371/2371 601/2372/2372
f 594/2373/2373 595/2374/2374 603/2375/2375 602/2376/2376
f 595/2377/2377 596/2378/2378 604/2379/2379 603/2380/2380
f 596/2381/2381 597/2382/2382 605/2383/2383 604/2384/2384
f 597/2385/2385 598/2386/2386 606/2387/2387 605/2388/2388
f 598/2389/2389 599/2390/2390 607/2391/2391 606/2392/2392
f 599/2393/2393 600/2394/2394 608/2395/2395 607/2396/2396
f 600/2397/2397 593/2398/2398 601/2399/2399 608/2400/2400
f 601/2401/2401 602/2402/2402 610/2403/2403 609/2404/2404
f 602/2405/2405 603/2406/2406 611/2407/2407 610/2408/2408
f 603/2409/2409 604/2410/2410 612/2411/2411 611/2412/2412
f 604/2413/2413 605/2414/2414 613/2415/2415 612/2416/2416
f 605/2417/2417 606/2418/2418 614/2419/2419 613/2420/2420
f 606/2421/2421 607/2422/2422 615/2423/2423 614/2424/2424
f 607/2425/2425 608/2426/2426 616/2427/2427 615/2428/2428
f 608/2429/2429 601/2430/2430 609/2431/2431 616/2432/2432
f 609/2433/2433 610/2434/2434 618/2435/2435 617/2436/2436
f 610/2437/2437 611/2438/2438 619/2439/2439 618/2440/2440
f 611/2441/2441 612/2442/2442 620/2443/2443 619/2444/2444
f 612/2445/2445 613/2446/2446 621/2447/2447 620/2448/2448
f 613/2449/2449 614/2450/2450 622/2451/2451 621/2452/2452
f 614/2453/2453 615/2454/2454 623/2455/2455 622/2456/2456
f 615/2457/2457 616/2458/2458 624/2459/2459 623/2460/2460
f 616/2461/2461 609/2462/2462 617/2463/2463 624/2464/2464
f 617/2465/2465 618/2466/2466 626/2467/2467 625/2468/2468
f 618/2469/2469 619/2470/2470 627/2471/2471 626/2472/2472
f 619/2473/2473 620/2474/2474 628/2475/2475 627/2476/2476
f 620/2477/2477 621/2478/2478 629/2479/2479 628/2480/2480
f 621/2481/2481 622/2482/2482 630/2483/2483 629/2484/2484
f 622/2485/2485 623/2486/2486 631/2487/2487 630/2488/2488
f 623/2489/2489 624/2490/2490 632/2491/2491 631/2492/2492
f 624/2493/2493 617/2494/2494 625/2495/2495 632/2496/2496
f 625/2497/2497 626/2498/2498 634/2499/2499 633/2500/2500
f 626/2501/2501 627/2502/2502 635/2503/2503 634/2504/2504
f 627/2505/2505 628/2506/2506 636/2507/2507 635/2508/2508
f 628/2509/2509 629/2510/2510 637/2511/2511 636/2512/2512
f 629/2513/2513 630/2514/2514 638/2515/2515 637/2516/2516
f 630/2517/2517 631/2518/2518 639/2519/2519 638/2520/2520
f 631/2521/2521 632/2522/2522 640/2523/2523 639/2524/2524
f 632/2525/2525 625/2526/2526 633/2527/2527 640/2528/2528
f 633/2529/2529 634/2530/2530 642/2531/2531 641/2532/2532
f 634/2533/2533 635/2534/2534 643/2535/2535 642/2536/2536
f 635/2537/2537 636/2538/2538 644/2539/2539 643/2540/2540
f 636/2541/2541 637/2542/2542 645/2543/2543 644/2544/2544
f 637/2545/2545 638/2546/2546 646/2547/2547 645/2548/2548
f 638/2549/2549 639/2550/2550 647/2551/2551 646/2552/2552
f 639/2553/2553 640/2554/2554 648/2555/2555 647/2556/2556
f 640/2557/2557 633/2558/2558 641/2559/2559 648/2560/2560
f 641/2561/2561 642/2562/2562 650/2563/2563 649/2564/2564
f 642/2565/2565 643/2566/2566 651/2567/2567 650/2568/2568
f 643/2569/2569 644/2570/2570 652/2571/2571 651/2572/2572
f 644/2573/2573 645/2574/2574 653/2575/2575 652/2576/2576
f 645/2577/2577 646/2578/2578 654/2579/2579 653/2580/2580
f 646/2581/2581 647/2582/2582 655/2583/2583 654/2584/2584
f 647/2585/2585 648/2586/2586 656/2587/2587 655/2588/2588
f 648/2589/2589 641/2590/2590 649/2591/2591 656/2592/2592
f 649/2593/2593 650/2594/2594 658/2595/2595 657/2596/2596
f 650/2597/2597 651/2598/2598 659/2599/2599 658/2600/2600
f 651/2601/2601 652/2602/2602 660/2603/2603 659/2604/2604
f 652/2605/2605 653/2606/2606 661/2607/2607 660/2608/2608
f 653/2609/2609 654/2610/2610 662/2611/2611 661/2612/2612
f 654/2613/2613 655/2614/2614 663/2615/2615 662/2616/2616
f 655/2617/2617 656/2618/2618 664/2619/2619 663/2620/2620
f 656/2621/2621 649/2622/2622 657/2623/2623 664/2624/2624
f 657/2625/2625 658/2626/2626 666/2627/2627 665/2628/2628
f 658/2629/2629 659/2630/2630 667/2631/2631 666/2632/2632
f 659/2633/2633 660/2634/2634 668/2635/2635 667/2636/2636
f 660/2637/2637 661/2638/2638 669/2639/2639 668/2640/2640
f 661/2641/2641 662/2642/2642 670/2643/2643 669/2644/2644
f 662/2645/2645 663/2646/2646 671/2647/2647 670/2648/2648
f 663/2649/2649 664/2650/2650 672/2651/2651 671/2652/2652
f 664/2653/2653 657/2654/2654 665/2655/2655 672/2656/2656
f 665/2657/2657 666/2658/2658 674/2659/2659 673/2660/2660
f 666/2661/2661 667/2662/2662 675/2663/2663 674/2664/2664
f 667/2665/2665 668/2666/2666 676/2667/2667 675/2668/2668
f 668/2669/2669 669/2670/2670 677/2671/2671 676/2672/2672
f 669/2673/2673 670/2674/2674 678/2675/2675 677/2676/2676
f 670/2677/2677 671/2678/2678 679/2679/2679 678/2680/2680
f 671/2681/2681 672/2682/2682 680/2683/2683 679/2684/2684
f 672/2685/2685 665/2686/2686 673/2687/2687 680/2688/2688
f 673/2689/2689 674/2690/2690 682/2691/2691 681/2692/2692
f 674/2693/2693 675/2694/2694 683/2695/2695 682/2696/2696
f 675/2697/2697 676/2698/2698 684/2699/2699 683/2700/2700
f 676/2701/2701 677/2702/2702 685/2703/2703 684/2704/2704
f 677/2705/2705 678/2706/2706 686/2707/2707 685/2708/2708
f 678/2709/2709 679/2710/2710 687/2711/2711 686/2712/2712
f 679/2713/2713 680/2714/2714 688/2715/2715 687/2716/2716
f 680/2717/2717 673/2718/2718 681/2719/2719 688/2720/2720
f 681/2721/2721 682/2722/2722 690/2723/2723 689/2724/2724
f 682/2725/2725 683/2726/2726 691/2727/2727 690/2728/2728
f 683/2729/2729 684/2730/2730 692/2731/2731 691/2732/2732
f 684/2733/2733 685/2734/2734 693/2735/2735 692/2736/2736
f 685/2737/2737 686/2738/2738 694/2739/2739 693/2740/2740
f 686/2741/2741 687/2742/2742 695/2743/2743 694/2744/2744
f 687/2745/2745 688/2746/2746 696/2747/2747 695/2748/2748
f 688/2749/2749 681/2750/2750 689/2751/2751 696/2752/2752
f 689/2753/2753 690/2754/2754 698/2755/2755 697/2756/2756
f 690/2757/2757 691/2758/2758 699/2759/2759 698/2760/2760
f 691/2761/2761 692/2762/2762 700/2763/2763 699/2764/2764
f 692/2765/2765 693/2766/2766 701/2767/2767 700/2768/2768
f 693/2769/2769 694/2770/2770 702/2771/2771 701/2772/2772
f 694/2773/2773 695/2774/2774 703/2775/2775 702/2776/2776
f 695/2777/2777 696/2778/2778 704/2779/2779 703/2780/2780
f 696/2781/2781 689/2782/2782 697/2783/2783 704/2784/2784
f 697/2785/2785 698/2786/2786 706/2787/2787 705/2788/2788
f 698/2789/2789 699/2790/2790 707/2791/2791 706/2792/2792
f 699/2793/2793 700/2794/2794 708/2795/2795 707/2796/2796
f 700/2797/2797 701/2798/2798 709/2799/2799 708/2800/2800
f 701/2801/2801 702/2802/2802 710/2803/2803 709/2804/2804
f 702/2805/2805 703/2806/2806 711/2807/2807 710/2808/2808
f 703/2809/2809 704/2810/2810 712/2811/2811 711/2812/2812
f 704/2813/2813 697/2814/2814 705/2815/2815 712/2816/2816
f 705/2817/2817 706/2818/2818 714/2819/2819 713/2820/2820
f 706/2821/2821 707/2822/2822 715/2823/2823 714/2824/2824
f 707/2825/2825 708/2826/2826 716/2827/2827 715/2828/2828
f 708/2829/2829 709/2830/2830 717/2831/2831 716/2832/2832
f 709/2833/2833 710/2834/2834 718/2835/2835 717/2836/2836
f 710/2837/2837 711/2838/2838 719/2839/2839 718/2840/2840
f 711/2841/2841 712/2842/2842 720/2843/2843 719/2844/2844
f 712/2845/2845 705/2846/2846 713/2847/2847 720/2848/2848
f 713/2849/2849 714/2850/2850 722/2851/2851 721/2852/2852
f 714/2853/2853 715/2854/2854 723/2855/2855 722/2856/2856
f 715/2857/2857 716/2858/2858 724/2859/2859 723/2860/2860
f 716/2861/2861 717/2862/2862 725/2863/2863 724/2864/2864
f 717/2865/2865 718/2866/2866 726/2867/2867 725/2868/2868
f 718/2869/2869 719/2870/2870 727/2871/2871 726/2872/2872
f 719/2873/2873 720/2874/2874 728/2875/2875 727/2876/2876
f 720/2877/2877 713/2878/2878 721/2879/2879 728/2880/2880
f 721/2881/2881 722/2882/2882 730/2883/2883 729/2884/2884
f 722/2885/2885 723/2886/2886 731/2887/2887 730/2888/2888
f 723/2889/2889 724/2890/2890 732/2891/2891 731/2892/2892
f 724/2893/2893 725/2894/2894 733/2895/2895 732/2896/2896
f 725/2897/2897 726/2898/2898 734/2899/2899 733/2900/2900
f 726/2901/2901 727/2902/2902 735/2903/2903 734/2904/2904
f 727/2905/2905 728/2906/2906 736/2907/2907 735/2908/2908
f 728/2909/2909 721/2910/2910 729/2911/2911 736/2912/2912
f 729/2913/2913 730/2914/2914 738/2915/2915 737/2916/2916
f 730/2917/2917 731/2918/2918 739/2919/2919 738/2920/2920
f 731/2921/2921 732/2922/2922 740/2923/2923 739/2924/2924
f 732/2925/2925 733/2926/2926 741/2927/2927 740/2928/2928
f 733/2929/2929 734/2930/2930 742/2931/2931 741/2932/2932
f 734/2933/2933 735/2934/2934 743/2935/2935 742/2936/2936
f 735/2937/2937 736/2938/2938 744/2939/2939 743/2940/2940
f 736/2941/2941 729/2942/2942 737/2943/2943 744/2944/2944
f 737/2945/2945 738/2946/2946 746/2947/2947 745/2948/2948
f 738/2949/2949 739/2950/2950 747/2951/2951 746/2952/2952
f 739/2953/2953 740/2954/2954 748/2955/2955 747/2956/2956
f 740/2957/2957 741/2958/2958 749/2959/2959 748/2960/2960
f 741/2961/2961 742/2962/2962 750/2963/2963 749/2964/2964
f 742/2965/2965 743/2966/2966 751/2967/2967 750/2968/2968
f 743/2969/2969 744/2970/2970 752/2971/2971 751/2972/2972
f 744/2973/2973 737/2974/2974 745/2975/2975 752/2976/2976
f 745/2977/2977 746/2978/2978 754/2979/2979 753/2980/2980
f 746/2981/2981 747/2982/2982 755/2983/2983 754/2984/2984
f 747/2985/2985 748/2986/2986 756/2987/2987 755/2988/2988
f 748/2989/2989 749/2990/2990 757/2991/2991 756/2992/2992
f 749/2993/2993 750/2994/2994 758/2995/2995 757/2996/2996
f 750/2997/2997 751/2998/2998 759/2999/2999 758/3000/3000
f 751/3001/3001 752/3002/3002 760/3003/3003 759/3004/3004
f 752/3005/3005 745/3006/3006 753/3007/3007 760/3008/3008
f 753/3009/3009 754/3010/3010 762/3011/3011 761/3012/3012
f 754/3013/3013 755/3014/3014 763/3015/3015 762/3016/3016
f 755/3017/3017 756/3018/3018 764/3019/3019 763/3020/3020
f 756/3021/3021 757/3022/3022 765/3023/3023 764/3024/3024
f 757/3025/3025 758/3026/3026 766/3027/3027 765/3028/3028
f 758/3029/3029 759/3030/3030 767/3031/3031 766/3032/3032
f 759/3033/3033 760/3034/3034 768/3035/3035 767/3036/3036
f 760/3037/3037 753/3038/3038 761/3039/3039 768/3040/3040
f 761/3041/3041 762/3042/3042 770/3043/3043 769/3044/3044
f 762/3045/3045 763/3046/3046 771/3047/3047 770/3048/3048
f 763/3049/3049 764/3050/3050 772/3051/3051 771/3052/3052
f 764/3053/3053 765/3054/3054 773/3055/3055 772/3056/3056
f 765/3057/3057 766/3058/3058 774/3059/3059 773/3060/3060
f 766/3061/3061 767/3062/3062 775/3063/3063 774/3064/3064
f 767/3065/3065 768/3066/3066 776/3067/3067 775/3068/3068
f 768/3069/3069 761/3070/3070 769/3071/3071 776/3072/3072
f 769/3073/3073 770/3074/3074 778/3075/3075 777/3076/3076
f 770/3077/3077 771/3078/3078 779/3079/3079 778/3080/3080
f 771/3081/3081 772/3082/3082 780/3083/3083 779/3084/3084
f 772/3085/3085 773/3086/3086 781/3087/3087 780/3088/3088
f 773/3089/3089 774/3090/3090 782/3091/3091 781/3092/3092
f 774/3093/3093 775/3094/3094 783/3095/3095 782/3096/3096
f 775/3097/3097 776/3098/3098 784/3099/3099 783/3100/3100
f 776/3101/3101 769/3102/3102 777/3103/3103 784/3104/3104
f 777/3105/3105 778/3106/3106 786/3107/3107 785/3108/3108
f 778/3109/3109 779/3110/3110 787/3111/3111 786/3112/3112
f 779/3113/3113 780/3114/3114 788/3115/3115 787/3116/3116
f 780/3117/3117 781/3118/3118 789/3119/3119 788/3120/3120
f 781/3121/3121 782/3122/3122 790/3123/3123 789/3124/3124
f 782/3125/3125 783/3126/3126 791/3127/3127 790/3128/3128
f 783/3129/3129 784/3130/3130 792/3131/3131 791/3132/3132
f 784/3133/3133 777/3134/3134 785/3135/3135 792/3136/3136
f 785/3137/3137 786/3138/3138 794/3139/3139 793/3140/3140
f 786/3141/3141 787/3142/3142 795/3143/3143 794/3144/3144
f 787/3145/3145 788/3146/3146 796/3147/3147 795/3148/3148
f 788/3149/3149 789/3150/3150 797/3151/3151 796/3152/3152
f 789/3153/3153 790/3154/3154 798/3155/3155 797/3156/3156
f 790/3157/3157 791/3158/3158 799/3159/3159 798/3160/3160
f 791/3161/3161 792/3162/3162 800/3163/3163 799/3164/3164
f 792/3165/3165 785/3166/3166 793/3167/3167 800/3168/3168
f 793/3169/3169 794/3170/3170 802/3171/3171 801/3172/3172
f 794/3173/3173 795/3174/3174 803/3175/3175 802/3176/3176
f 795/3177/3177 796/3178/3178 804/3179/3179 803/3180/3180
f 796/3181/3181 797/3182/3182 805/3183/3183 804/3184/3184
f 797/3185/3185 798/3186/3186 806/3187/3187 805/3188/3188
f 798/3189/3189 799/3190/3190 807/3191/3191 806/3192/3192
f 799/3193/3193 800/3194/3194 808/3195/3195 807/3196/3196
f 800/3197/3197 793/3198/3198 801/3199/3199 808/3200/3200
f 801/3201/3201 802/3202/3202 810/3203/3203 809/3204/3204
f 802/3205/3205 803/3206/3206 811/3207/3207 810/3208/3208
f 803/3209/3209 804/3210/3210 812/3211/3211 811/3212/3212
f 804/3213/3213 805/3214/3214 813/3215/3215 812/3216/3216
f 805/3217/3217 806/3218/3218 814/3219/3219 813/3220/3220
f 806/3221/3221 807/3222/3222 815/3223/3223 814/3224/3224
f 807/3225/3225 808/3226/3226 816/3227/3227 815/3228/3228
f 808/3229/3229 801/3230/3230 809/3231/3231 816/3232/3232
f 809/3233/3233 810/3234/3234 818/3235/3235 817/3236/3236
f 810/3237/3237 811/3238/3238 819/3239/3239 818/3240/3240
f 811/3241/3241 812/3242/3242 820/3243/3243 819/3244/3244
f 812/3245/3245 813/3246/3246 821/3247/3247 820/3248/3248
f 813/3249/3249 814/3250/3250 822/3251/3251 821/3252/3252
f 814/3253/3253 815/3254/3254 823/3255/3255 822/3256/3256
f 815/3257/3257 816/3258/3258 824/3259/3259 823/3260/3260
f 816/3261/3261 809/3262/3262 817/3263/3263 824/3264/3264
f 817/3265/3265 818/3266/3266 826/3267/3267 825/3268/3268
f 818/3269/3269 819/3270/3270 827/3271/3271 826/3272/3272
f 819/3273/3273 820/3274/3274 828/3275/3275 827/3276/3276
f 820/3277/3277 821/3278/3278 829/3279/3279 828/3280/3280
f 821/3281/3281 822/3282/3282 830/3283/3283 829/3284/3284
f 822/3285/3285 823/3286/3286 831/3287/3287 830/3288/3288
f 823/3289/3289 824/3290/3290 832/3291/3291 831/3292/3292
f 824/3293/3293 817/3294/3294 825/3295/3295 832/3296/3296
f 825/3297/3297 826/3298/3298 834/3299/3299 833/3300/3300
f 826/3301/3301 827/3302/3302 835/3303/3303 834/3304/3304
f 827/3305/3305 828/3306/3306 836/3307/3307 835/3308/3308
f 828/3309/3309 829/3310/3310 837/3311/3311 836/3312/3312
f 829/3313/3313 830/3314/3314 838/3315/3315 837/3316/3316
f 830/3317/3317 831/3318/3318 839/3319/3319 838/3320/3320
f 831/3321/3321 832/3322/3322 840/3323/3323 839/3324/3324
f 832/3325/3325 825/3326/3326 833/3327/3327 840/3328/3328
f 833/3329/3329 834/3330/3330 842/3331/3331 841/3332/3332
f 834/3333/3333 835/3334/3334 843/3335/3335 842/3336/3336
f 835/3337/3337 836/3338/3338 844/3339/3339 843/3340/3340
f 836/3341/3341 837/3342/3342 845/3343/3343 844/3344/3344
f 837/3345/3345 838/3346/3346 846/3347/3347 845/3348/3348
f 838/3349/3349 839/3350/3350 847/3351/3351 846/3352/3352
f 839/3353/3353 840/3354/3354 848/3355/3355 847/3356/3356
f 840/3357/3357 833/3358/3358 841/3359/3359 848/3360/3360
f 841/3361/3361 842/3362/3362 850/3363/3363 849/3364/3364
f 842/3365/3365 843/3366/3366 851/3367/3367 850/3368/3368
f 843/3369/3369 844/3370/3370 852/3371/3371 851/3372/3372
f 844/3373/3373 845/3374/3374 853/3375/3375 852/3376/3376
f 845/3377/3377 846/3378/3378 854/3379/3379 853/3380/3380
f 846/3381/3381 847/3382/3382 855/3383/3383 854/3384/3384
f 847/3385/3385 848/3386/3386 856/3387/3387 855/3388/3388
f 848/3389/3389 841/3390/3390 849/3391/3391 856/3392/3392
f 849/3393/3393 850/3394/3394 858/3395/3395 857/3396/3396
f 850/3397/3397 851/3398/3398 859/3399/3399 858/3400/3400
f 851/3401/3401 852/3402/3402 860/3403/3403 859/3404/3404
f 852/3405/3405 853/3406/3406 861/3407/3407 860/3408/3408
f 853/3409/3409 854/3410/3410 862/3411/3411 861/3412/3412
f 854/3413/3413 855/3414/3414 863/3415/3415 862/3416/3416
f 855/3417/3417 856/3418/3418 864/3419/3419 863/3420/3420
f 856/3421/3421 849/3422/3422 857/3423/3423 864/3424/3424
f 857/3425/3425 858/3426/3426 866/3427/3427 865/3428/3428
f 858/3429/3429 859/3430/3430 867/3431/3431 866/3432/3432
f 859/3433/3433 860/3434/3434 868/3435/3435 867/3436/3436
f 860/3437/3437 861/3438/3438 869/3439/3439 868/3440/3440
f 861/3441/3441 862/3442/3442 870/3443/3443 869/3444/3444
f 862/3445/3445 863/3446/3446 871/3447/3447 870/3448/3448
f 863/3449/3449 864/3450/3450 872/3451/3451 871/3452/3452
f 864/3453/3453 857/3454/3454 865/3455/3455 872/3456/3456
f 865/3457/3457 866/3458/3458 874/3459/3459 873/3460/3460
f 866/3461/3461 867/3462/3462 875/3463/3463 874/3464/3464
f 867/3465/3465 868/3466/3466 876/3467/3467 875/3468/3468
f 868/3469/3469 869/3470/3470 877/3471/3471 876/3472/3472
f 869/3473/3473 870/3474/3474 878/3475/3475 877/3476/3476
f 870/3477/3477 871/3478/3478 879/3479/3479 878/3480/3480
f 871/3481/3481 872/3482/3482 880/3483/3483 879/3484/3484
f 872/3485/3485 865/3486/3486 873/3487/3487 880/3488/3488
f 873/3489/3489 874/3490/3490 882/3491/3491 881/3492/3492
f 874/3493/3493 875/3494/3494 883/3495/3495 882/3496/3496
f 875/3497/3497 876/3498/3498 884/3499/3499 883/3500/3500
f 876/3501/3501 877/3502/3502 885/3503/3503 884/3504/3504
f 877/3505/3505 878/3506/3506 886/3507/3507 885/3508/3508
f 878/3509/3509 879/3510/3510 887/3511/3511 886/3512/3512
f 879/3513/3513 880/3514/3514 888/3515/3515 887/3516/3516
f 880/3517/3517 873/3518/3518 881/3519/3519 888/3520/3520
f 881/3521/3521 882/3522/3522 890/3523/3523 889/3524/3524
f 882/3525/3525 883/3526/3526 891/3527/3527 890/3528/3528
f 883/3529/3529 884/3530/3530 892/3531/3531 891/3532/3532
f 884/3533/3533 885/3534/3534 893/3535/3535 892/3536/3536
f 885/3537/3537 886/3538/3538 894/3539/3539 893/3540/3540
f 886/3541/3541 887/3542/3542 895/3543/3543 894/3544/3544
f 887/3545/3545 888/3546/3546 896/3547/3547 895/3548/3548
f 888/3549/3549 881/3550/3550 889/3551/3551 896/3552/3552
f 889/3553/3553 890/3554/3554 898/3555/3555 897/3556/3556
f 890/3557/3557 891/3558/3558 899/3559/3559 898/3560/3560
f 891/3561/3561 892/3562/3562 900/3563/3563 899/3564/3564
f 892/3565/3565 893/3566/3566 901/3567/3567 900/3568/3568
f 893/3569/3569 894/3570/3570 902/3571/3571 901/3572/3572
f 894/3573/3573 895/3574/3574 903/3575/3575 902/3576/3576
f 895/3577/3577 896/3578/3578 904/3579/3579 903/3580/3580
f 896/3581/3581 889/3582/3582 897/3583/3583 904/3584/3584
f 897/3585/3585 898/3586/3586 906/3587/3587 905/3588/3588
f 898/3589/3589 899/3590/3590 907/3591/3591 906/3592/3592
f 899/3593/3593 900/3594/3594 908/3595/3595 907/3596/3596
f 900/3597/3597 901/3598/3598 909/3599/3599 908/3600/3600
f 901/3601/3601 902/3602/3602 910/3603/3603 909/3604/3604
f 902/3605/3605 903/3606/3606 911/3607/3607 910/3608/3608
f 903/3609/3609 904/3610/3610 912/3611/3611 911/3612/3612
f 904/3613/3613 897/3614/3614 905/3615/3615 912/3616/3616
usemtl jp_iron__jp_fittings_co
f 915/3617/3617 914/3618/3618 913/3619/3619
f 916/3620/3620 915/3621/3621 913/3622/3622
f 917/3623/3623 916/3624/3624 913/3625/3625
f 918/3626/3626 917/3627/3627 913/3628/3628
f 919/3629/3629 918/3630/3630 913/3631/3631
f 920/3632/3632 919/3633/3633 913/3634/3634
f 921/3635/3635 920/3636/3636 913/3637/3637
f 914/3638/3638 921/3639/3639 913/3640/3640
f 922/3641/3641 923/3642/3642 924/3643/3643
f 922/3644/3644 924/3645/3645 925/3646/3646
f 922/3647/3647 925/3648/3648 926/3649/3649
f 922/3650/3650 926/3651/3651 927/3652/3652
f 922/3653/3653 927/3654/3654 928/3655/3655
f 922/3656/3656 928/3657/3657 929/3658/3658
f 922/3659/3659 929/3660/3660 930/3661/3661
f 922/3662/3662 930/3663/3663 923/3664/3664
usemtl jp_hemp__jp_fittings_co
f 937/3665/3665 938/3666/3666 932/3667/3667 931/3668/3668
f 938/3669/3669 939/3670/3670 933/3671/3671 932/3672/3672
f 939/3673/3673 940/3674/3674 934/3675/3675 933/3676/3676
f 940/3677/3677 941/3678/3678 935/3679/3679 934/3680/3680
f 941/3681/3681 942/3682/3682 936/3683/3683 935/3684/3684
f 942/3685/3685 937/3686/3686 931/3687/3687 936/3688/3688
usemtl jp_iron__jp_fittings_co
f 947/3689/3689 948/3690/3690 944/3691/3691 943/3692/3692
f 948/3693/3693 949/3694/3694 945/3695/3695 944/3696/3696
f 949/3697/3697 950/3698/3698 946/3699/3699 945/3700/3700
f 950/3701/3701 947/3702/3702 943/3703/3703 946/3704/3704
f 951/3705/3705 952/3706/3706 948/3707/3707 947/3708/3708
f 952/3709/3709 953/3710/3710 949/3711/3711 948/3712/3712
f 953/3713/3713 954/3714/3714 950/3715/3715 949/3716/3716
f 954/3717/3717 951/3718/3718 947/3719/3719 950/3720/3720
f 955/3721/3721 956/3722/3722 952/3723/3723 951/3724/3724
f 956/3725/3725 957/3726/3726 953/3727/3727 952/3728/3728
f 957/3729/3729 958/3730/3730 954/3731/3731 953/3732/3732
f 958/3733/3733 955/3734/3734 951/3735/3735 954/3736/3736
f 959/3737/3737 960/3738/3738 956/3739/3739 955/3740/3740
f 960/3741/3741 961/3742/3742 957/3743/3743 956/3744/3744
f 961/3745/3745 962/3746/3746 958/3747/3747 957/3748/3748
f 962/3749/3749 959/3750/3750 955/3751/3751 958/3752/3752
f 963/3753/3753 964/3754/3754 965/3755/3755
f 963/3756/3756 965/3757/3757 966/3758/3758
f 963/3759/3759 966/3760/3760 967/3761/3761
f 963/3762/3762 967/3763/3763 964/3764/3764
f 976/3765/3765 977/3766/3766 969/3767/3767 968/3768/3768
f 977/3769/3769 978/3770/3770 970/3771/3771 969/3772/3772
f 978/3773/3773 979/3774/3774 971/3775/3775 970/3776/3776
f 979/3777/3777 980/3778/3778 972/3779/3779 971/3780/3780
f 980/3781/3781 981/3782/3782 973/3783/3783 972/3784/3784
f 981/3785/3785 982/3786/3786 974/3787/3787 973/3788/3788
f 982/3789/3789 983/3790/3790 975/3791/3791 974/3792/3792
f 983/3793/3793 976/3794/3794 968/3795/3795 975/3796/3796
usemtl jp_bamboo__jp_ya_co
f 992/3797/3797 993/3798/3798 985/3799/3799 984/3800/3800
f 993/3801/3801 994/3802/3802 986/3803/3803 985/3804/3804
f 994/3805/3805 995/3806/3806 987/3807/3807 986/3808/3808
f 995/3809/3809 996/3810/3810 988/3811/3811 987/3812/3812
f 996/3813/3813 997/3814/3814 989/3815/3815 988/3816/3816
f 997/3817/3817 998/3818/3818 990/3819/3819 989/3820/3820
f 998/3821/3821 999/3822/3822 991/3823/3823 990/3824/3824
f 999/3825/3825 992/3826/3826 984/3827/3827 991/3828/3828
f 1000/3829/3829 1001/3830/3830 993/3831/3831 992/3832/3832
f 1001/3833/3833 1002/3834/3834 994/3835/3835 993/3836/3836
f 1002/3837/3837 1003/3838/3838 995/3839/3839 994/3840/3840
f 1003/3841/3841 1004/3842/3842 996/3843/3843 995/3844/3844
f 1004/3845/3845 1005/3846/3846 997/3847/3847 996/3848/3848
f 1005/3849/3849 1006/3850/3850 998/3851/3851 997/3852/3852
f 1006/3853/3853 1007/3854/3854 999/3855/3855 998/3856/3856
f 1007/3857/3857 1000/3858/3858 992/3859/3859 999/3860/3860
f 1008/3861/3861 1009/3862/3862 1001/3863/3863 1000/3864/3864
f 1009/3865/3865 1010/3866/3866 1002/3867/3867 1001/3868/3868
f 1010/3869/3869 1011/3870/3870 1003/3871/3871 1002/3872/3872
f 1011/3873/3873 1012/3874/3874 1004/3875/3875 1003/3876/3876
f 1012/3877/3877 1013/3878/3878 1005/3879/3879 1004/3880/3880
f 1013/3881/3881 1014/3882/3882 1006/3883/3883 1005/3884/3884
f 1014/3885/3885 1015/3886/3886 1007/3887/3887 1006/3888/3888
f 1015/3889/3889 1008/3890/3890 1000/3891/3891 1007/3892/3892
f 1016/3893/3893 1017/3894/3894 1009/3895/3895 1008/3896/3896
f 1017/3897/3897 1018/3898/3898 1010/3899/3899 1009/3900/3900
f 1018/3901/3901 1019/3902/3902 1011/3903/3903 1010/3904/3904
f 1019/3905/3905 1020/3906/3906 1012/3907/3907 1011/3908/3908
f 1020/3909/3909 1021/3910/3910 1013/3911/3911 1012/3912/3912
f 1021/3913/3913 1022/3914/3914 1014/3915/3915 1013/3916/3916
f 1022/3917/3917 1023/3918/3918 1015/3919/3919 1014/3920/3920
f 1023/3921/3921 1016/3922/3922 1008/3923/3923 1015/3924/3924
f 1024/3925/3925 1025/3926/3926 1017/3927/3927 1016/3928/3928
f 1025/3929/3929 1026/3930/3930 1018/3931/3931 1017/3932/3932
f 1026/3933/3933 1027/3934/3934 1019/3935/3935 1018/3936/3936
f 1027/3937/3937 1028/3938/3938 1020/3939/3939 1019/3940/3940
f 1028/3941/3941 1029/3942/3942 1021/3943/3943 1020/3944/3944
f 1029/3945/3945 1030/3946/3946 1022/3947/3947 1021/3948/3948
f 1030/3949/3949 1031/3950/3950 1023/3951/3951 1022/3952/3952
f 1031/3953/3953 1024/3954/3954 1016/3955/3955 1023/3956/3956
f 1032/3957/3957 1033/3958/3958 1025/3959/3959 1024/3960/3960
f 1033/3961/3961 1034/3962/3962 1026/3963/3963 1025/3964/3964
f 1034/3965/3965 1035/3966/3966 1027/3967/3967 1026/3968/3968
f 1035/3969/3969 1036/3970/3970 1028/3971/3971 1027/3972/3972
f 1036/3973/3973 1037/3974/3974 1029/3975/3975 1028/3976/3976
f 1037/3977/3977 1038/3978/3978 1030/3979/3979 1029/3980/3980
f 1038/3981/3981 1039/3982/3982 1031/3983/3983 1030/3984/3984
f 1039/3985/3985 1032/3986/3986 1024/3987/3987 1031/3988/3988
f 1040/3989/3989 1041/3990/3990 1033/3991/3991 1032/3992/3992
f 1041/3993/3993 1042/3994/3994 1034/3995/3995 1033/3996/3996
f 1042/3997/3997 1043/3998/3998 1035/3999/3999 1034/4000/4000
f 1043/4001/4001 1044/4002/4002 1036/4003/4003 1035/4004/4004
f 1044/4005/4005 1045/4006/4006 1037/4007/4007 1036/4008/4008
f 1045/4009/4009 1046/4010/4010 1038/4011/4011 1037/4012/4012
f 1046/4013/4013 1047/4014/4014 1039/4015/4015 1038/4016/4016
f 1047/4017/4017 1040/4018/4018 1032/4019/4019 1039/4020/4020
f 1048/4021/4021 1049/4022/4022 1041/4023/4023 1040/4024/4024
f 1049/4025/4025 1050/4026/4026 1042/4027/4027 1041/4028/4028
f 1050/4029/4029 1051/4030/4030 1043/4031/4031 1042/4032/4032
f 1051/4033/4033 1052/4034/4034 1044/4035/4035 1043/4036/4036
f 1052/4037/4037 1053/4038/4038 1045/4039/4039 1044/4040/4040
f 1053/4041/4041 1054/4042/4042 1046/4043/4043 1045/4044/4044
f 1054/4045/4045 1055/4046/4046 1047/4047/4047 1046/4048/4048
f 1055/4049/4049 1048/4050/4050 1040/4051/4051 1047/4052/4052
f 1056/4053/4053 1057/4054/4054 1049/4055/4055 1048/4056/4056
f 1057/4057/4057 1058/4058/4058 1050/4059/4059 1049/4060/4060
f 1058/4061/4061 1059/4062/4062 1051/4063/4063 1050/4064/4064
f 1059/4065/4065 1060/4066/4066 1052/4067/4067 1051/4068/4068
f 1060/4069/4069 1061/4070/4070 1053/4071/4071 1052/4072/4072
f 1061/4073/4073 1062/4074/4074 1054/4075/4075 1053/4076/4076
f 1062/4077/4077 1063/4078/4078 1055/4079/4079 1054/4080/4080
f 1063/4081/4081 1056/4082/4082 1048/4083/4083 1055/4084/4084
usemtl jp_iron__jp_fittings_co
f 1072/4085/4085 1073/4086/4086 1065/4087/4087 1064/4088/4088
f 1073/4089/4089 1074/4090/4090 1066/4091/4091 1065/4092/4092
f 1074/4093/4093 1075/4094/4094 1067/4095/4095 1066/4096/4096
f 1075/4097/4097 1076/4098/4098 1068/4099/4099 1067/4100/4100
f 1076/4101/4101 1077/4102/4102 1069/4103/4103 1068/4104/4104
f 1077/4105/4105 1078/4106/4106 1070/4107/4107 1069/4108/4108
f 1078/4109/4109 1079/4110/4110 1071/4111/4111 1070/4112/4112
f 1079/4113/4113 1072/4114/4114 1064/4115/4115 1071/4116/4116
f 1080/4117/4117 1081/4118/4118 1073/4119/4119 1072/4120/4120
f 1081/4121/4121 1082/4122/4122 1074/4123/4123 1073/4124/4124
f 1082/4125/4125 1083/4126/4126 1075/4127/4127 1074/4128/4128
f 1083/4129/4129 1084/4130/4130 1076/4131/4131 1075/4132/4132
f 1084/4133/4133 1085/4134/4134 1077/4135/4135 1076/4136/4136
f 1085/4137/4137 1086/4138/4138 1078/4139/4139 1077/4140/4140
f 1086/4141/4141 1087/4142/4142 1079/4143/4143 1078/4144/4144
f 1087/4145/4145 1080/4146/4146 1072/4147/4147 1079/4148/4148
f 1090/4149/4149 1089/4150/4150 1088/4151/4151
f 1091/4152/4152 1090/4153/4153 1088/4154/4154
f 1092/4155/4155 1091/4156/4156 1088/4157/4157
f 1093/4158/4158 1092/4159/4159 1088/4160/4160
f 1094/4161/4161 1093/4162/4162 1088/4163/4163
f 1095/4164/4164 1094/4165/4165 1088/4166/4166
f 1096/4167/4167 1095/4168/4168 1088/4169/4169
f 1089/4170/4170 1096/4171/4171 1088/4172/4172
usemtl jp_feather__jp_ya_co
f 1100/4173/4173 1099/4174/4174 1098/4175/4175 1097/4176/4176
f 1104/4177/4177 1103/4178/4178 1102/4179/4179 1101/4180/4180
f 1108/4181/4181 1107/4182/4182 1106/4183/4183 1105/4184/4184
f 1112/4185/4185 1111/4186/4186 1110/4187/4187 1109/4188/4188
f 1116/4189/4189 1115/4190/4190 1114/4191/4191 1113/4192/4192
f 1120/4193/4193 1119/4194/4194 1118/4195/4195 1117/4196/4196
f 1124/4197/4197 1123/4198/4198 1122/4199/4199 1121/4200/4200
f 1128/4201/4201 1127/4202/4202 1126/4203/4203 1125/4204/4204
f 1132/4205/4205 1131/4206/4206 1130/4207/4207 1129/4208/4208
f 1136/4209/4209 1135/4210/4210 1134/4211/4211 1133/4212/4212
f 1140/4213/4213 1139/4214/4214 1138/4215/4215 1137/4216/4216
f 1144/4217/4217 1143/4218/4218 1142/4219/4219 1141/4220/4220
f 1148/4221/4221 1147/4222/4222 1146/4223/4223 1145/4224/4224
f 1152/4225/4225 1151/4226/4226 1150/4227/4227 1149/4228/4228
f 1156/4229/4229 1155/4230/4230 1154/4231/4231 1153/4232/4232
f 1160/4233/4233 1159/4234/4234 1158/4235/4235 1157/4236/4236
f 1164/4237/4237 1163/4238/4238 1162/4239/4239 1161/4240/4240
f 1168/4241/4241 1167/4242/4242 1166/4243/4243 1165/4244/4244
f 1172/4245/4245 1171/4246/4246 1170/4247/4247 1169/4248/4248
f 1176/4249/4249 1175/4250/4250 1174/4251/4251 1173/4252/4252
f 1180/4253/4253 1179/4254/4254 1178/4255/4255 1177/4256/4256
f 1184/4257/4257 1183/4258/4258 1182/4259/4259 1181/4260/4260
f 1188/4261/4261 1187/4262/4262 1186/4263/4263 1185/4264/4264
f 1192/4265/4265 1191/4266/4266 1190/4267/4267 1189/4268/4268
f 1196/4269/4269 1195/4270/4270 1194/4271/4271 1193/4272/4272
f 1200/4273/4273 1199/4274/4274 1198/4275/4275 1197/4276/4276
f 1204/4277/4277 1203/4278/4278 1202/4279/4279 1201/4280/4280
f 1208/4281/4281 1207/4282/4282 1206/4283/4283 1205/4284/4284
f 1212/4285/4285 1211/4286/4286 1210/4287/4287 1209/4288/4288
f 1216/4289/4289 1215/4290/4290 1214/4291/4291 1213/4292/4292
f 1220/4293/4293 1219/4294/4294 1218/4295/4295 1217/4296/4296
f 1224/4297/4297 1223/4298/4298 1222/4299/4299 1221/4300/4300
f 1228/4301/4301 1227/4302/4302 1226/4303/4303 1225/4304/4304
f 1232/4305/4305 1231/4306/4306 1230/4307/4307 1229/4308/4308
f 1236/4309/4309 1235/4310/4310 1234/4311/4311 1233/4312/4312
f 1240/4313/4313 1239/4314/4314 1238/4315/4315 1237/4316/4316
