mtllib jp_yari.mtl
v -0.024500 -0.365000 0.000000
v -0.023396 -0.365000 0.005549
v -0.020253 -0.365000 0.010253
v -0.015549 -0.365000 0.013396
v -0.010000 -0.365000 0.014500
v -0.004451 -0.365000 0.013396
v 0.000253 -0.365000 0.010253
v 0.003396 -0.365000 0.005549
v 0.004500 -0.365000 0.000000
v 0.003396 -0.365000 -0.005549
v 0.000253 -0.365000 -0.010253
v -0.004451 -0.365000 -0.013396
v -0.010000 -0.365000 -0.014500
v -0.015549 -0.365000 -0.013396
v -0.020253 -0.365000 -0.010253
v -0.023396 -0.365000 -0.005549
v -0.024500 -0.230455 0.000000
v -0.023396 -0.230455 0.005549
v -0.020253 -0.230455 0.010253
v -0.015549 -0.230455 0.013396
v -0.010000 -0.230455 0.014500
v -0.004451 -0.230455 0.013396
v 0.000253 -0.230455 0.010253
v 0.003396 -0.230455 0.005549
v 0.004500 -0.230455 0.000000
v 0.003396 -0.230455 -0.005549
v 0.000253 -0.230455 -0.010253
v -0.004451 -0.230455 -0.013396
v -0.010000 -0.230455 -0.014500
v -0.015549 -0.230455 -0.013396
v -0.020253 -0.230455 -0.010253
v -0.023396 -0.230455 -0.005549
v -0.024500 -0.095909 0.000000
v -0.023396 -0.095909 0.005549
v -0.020253 -0.095909 0.010253
v -0.015549 -0.095909 0.013396
v -0.010000 -0.095909 0.014500
v -0.004451 -0.095909 0.013396
v 0.000253 -0.095909 0.010253
v 0.003396 -0.095909 0.005549
v 0.004500 -0.095909 0.000000
v 0.003396 -0.095909 -0.005549
v 0.000253 -0.095909 -0.010253
v -0.004451 -0.095909 -0.013396
v -0.010000 -0.095909 -0.014500
v -0.015549 -0.095909 -0.013396
v -0.020253 -0.095909 -0.010253
v -0.023396 -0.095909 -0.005549
v -0.024500 0.038636 0.000000
v -0.023396 0.038636 0.005549
v -0.020253 0.038636 0.010253
v -0.015549 0.038636 0.013396
v -0.010000 0.038636 0.014500
v -0.004451 0.038636 0.013396
v 0.000253 0.038636 0.010253
v 0.003396 0.038636 0.005549
v 0.004500 0.038636 0.000000
v 0.003396 0.038636 -0.005549
v 0.000253 0.038636 -0.010253
v -0.004451 0.038636 -0.013396
v -0.010000 0.038636 -0.014500
v -0.015549 0.038636 -0.013396
v -0.020253 0.038636 -0.010253
v -0.023396 0.038636 -0.005549
v -0.024500 0.173182 0.000000
v -0.023396 0.173182 0.005549
v -0.020253 0.173182 0.010253
v -0.015549 0.173182 0.013396
v -0.010000 0.173182 0.014500
v -0.004451 0.173182 0.013396
v 0.000253 0.173182 0.010253
v 0.003396 0.173182 0.005549
v 0.004500 0.173182 0.000000
v 0.003396 0.173182 -0.005549
v 0.000253 0.173182 -0.010253
v -0.004451 0.173182 -0.013396
v -0.010000 0.173182 -0.014500
v -0.015549 0.173182 -0.013396
v -0.020253 0.173182 -0.010253
v -0.023396 0.173182 -0.005549
v -0.024500 0.307727 0.000000
v -0.023396 0.307727 0.005549
v -0.020253 0.307727 0.010253
v -0.015549 0.307727 0.013396
v -0.010000 0.307727 0.014500
v -0.004451 0.307727 0.013396
v 0.000253 0.307727 0.010253
v 0.003396 0.307727 0.005549
v 0.004500 0.307727 0.000000
v 0.003396 0.307727 -0.005549
v 0.000253 0.307727 -0.010253
v -0.004451 0.307727 -0.013396
v -0.010000 0.307727 -0.014500
v -0.015549 0.307727 -0.013396
v -0.020253 0.307727 -0.010253
v -0.023396 0.307727 -0.005549
v -0.024500 0.442273 0.000000
v -0.023396 0.442273 0.005549
v -0.020253 0.442273 0.010253
v -0.015549 0.442273 0.013396
v -0.010000 0.442273 0.014500
v -0.004451 0.442273 0.013396
v 0.000253 0.442273 0.010253
v 0.003396 0.442273 0.005549
v 0.004500 0.442273 0.000000
v 0.003396 0.442273 -0.005549
v 0.000253 0.442273 -0.010253
v -0.004451 0.442273 -0.013396
v -0.010000 0.442273 -0.014500
v -0.015549 0.442273 -0.013396
v -0.020253 0.442273 -0.010253
v -0.023396 0.442273 -0.005549
v -0.024500 0.576818 0.000000
v -0.023396 0.576818 0.005549
v -0.020253 0.576818 0.010253
v -0.015549 0.576818 0.013396
v -0.010000 0.576818 0.014500
v -0.004451 0.576818 0.013396
v 0.000253 0.576818 0.010253
v 0.003396 0.576818 0.005549
v 0.004500 0.576818 0.000000
v 0.003396 0.576818 -0.005549
v 0.000253 0.576818 -0.010253
v -0.004451 0.576818 -0.013396
v -0.010000 0.576818 -0.014500
v -0.015549 0.576818 -0.013396
v -0.020253 0.576818 -0.010253
v -0.023396 0.576818 -0.005549
v -0.024500 0.711364 0.000000
v -0.023396 0.711364 0.005549
v -0.020253 0.711364 0.010253
v -0.015549 0.711364 0.013396
v -0.010000 0.711364 0.014500
v -0.004451 0.711364 0.013396
v 0.000253 0.711364 0.010253
v 0.003396 0.711364 0.005549
v 0.004500 0.711364 0.000000
v 0.003396 0.711364 -0.005549
v 0.000253 0.711364 -0.010253
v -0.004451 0.711364 -0.013396
v -0.010000 0.711364 -0.014500
v -0.015549 0.711364 -0.013396
v -0.020253 0.711364 -0.010253
v -0.023396 0.711364 -0.005549
v -0.024500 0.845909 0.000000
v -0.023396 0.845909 0.005549
v -0.020253 0.845909 0.010253
v -0.015549 0.845909 0.013396
v -0.010000 0.845909 0.014500
v -0.004451 0.845909 0.013396
v 0.000253 0.845909 0.010253
v 0.003396 0.845909 0.005549
v 0.004500 0.845909 0.000000
v 0.003396 0.845909 -0.005549
v 0.000253 0.845909 -0.010253
v -0.004451 0.845909 -0.013396
v -0.010000 0.845909 -0.014500
v -0.015549 0.845909 -0.013396
v -0.020253 0.845909 -0.010253
v -0.023396 0.845909 -0.005549
v -0.024500 0.980455 0.000000
v -0.023396 0.980455 0.005549
v -0.020253 0.980455 0.010253
v -0.015549 0.980455 0.013396
v -0.010000 0.980455 0.014500
v -0.004451 0.980455 0.013396
v 0.000253 0.980455 0.010253
v 0.003396 0.980455 0.005549
v 0.004500 0.980455 0.000000
v 0.003396 0.980455 -0.005549
v 0.000253 0.980455 -0.010253
v -0.004451 0.980455 -0.013396
v -0.010000 0.980455 -0.014500
v -0.015549 0.980455 -0.013396
v -0.020253 0.980455 -0.010253
v -0.023396 0.980455 -0.005549
v -0.024500 1.115000 0.000000
v -0.023396 1.115000 0.005549
v -0.020253 1.115000 0.010253
v -0.015549 1.115000 0.013396
v -0.010000 1.115000 0.014500
v -0.004451 1.115000 0.013396
v 0.000253 1.115000 0.010253
v 0.003396 1.115000 0.005549
v 0.004500 1.115000 0.000000
v 0.003396 1.115000 -0.005549
v 0.000253 1.115000 -0.010253
v -0.004451 1.115000 -0.013396
v -0.010000 1.115000 -0.014500
v -0.015549 1.115000 -0.013396
v -0.020253 1.115000 -0.010253
v -0.023396 1.115000 -0.005549
v -0.020150 -0.398000 0.000000
v -0.019377 -0.398000 0.003884
v -0.017177 -0.398000 0.007177
v -0.013884 -0.398000 0.009377
v -0.010000 -0.398000 0.010150
v -0.006116 -0.398000 0.009377
v -0.002823 -0.398000 0.007177
v -0.000623 -0.398000 0.003884
v 0.000150 -0.398000 0.000000
v -0.000623 -0.398000 -0.003884
v -0.002823 -0.398000 -0.007177
v -0.006116 -0.398000 -0.009377
v -0.010000 -0.398000 -0.010150
v -0.013884 -0.398000 -0.009377
v -0.017177 -0.398000 -0.007177
v -0.019377 -0.398000 -0.003884
v -0.025700 -0.392000 0.000000
v -0.024505 -0.392000 0.006008
v -0.021102 -0.392000 0.011102
v -0.016008 -0.392000 0.014505
v -0.010000 -0.392000 0.015700
v -0.003992 -0.392000 0.014505
v 0.001102 -0.392000 0.011102
v 0.004505 -0.392000 0.006008
v 0.005700 -0.392000 0.000000
v 0.004505 -0.392000 -0.006008
v 0.001102 -0.392000 -0.011102
v -0.003992 -0.392000 -0.014505
v -0.010000 -0.392000 -0.015700
v -0.016008 -0.392000 -0.014505
v -0.021102 -0.392000 -0.011102
v -0.024505 -0.392000 -0.006008
v -0.025700 -0.364000 0.000000
v -0.024505 -0.364000 0.006008
v -0.021102 -0.364000 0.011102
v -0.016008 -0.364000 0.014505
v -0.010000 -0.364000 0.015700
v -0.003992 -0.364000 0.014505
v 0.001102 -0.364000 0.011102
v 0.004505 -0.364000 0.006008
v 0.005700 -0.364000 0.000000
v 0.004505 -0.364000 -0.006008
v 0.001102 -0.364000 -0.011102
v -0.003992 -0.364000 -0.014505
v -0.010000 -0.364000 -0.015700
v -0.016008 -0.364000 -0.014505
v -0.021102 -0.364000 -0.011102
v -0.024505 -0.364000 -0.006008
v -0.010000 -0.400000 0.000000
v -0.020150 -0.398000 0.000000
v -0.019377 -0.398000 0.003884
v -0.017177 -0.398000 0.007177
v -0.013884 -0.398000 0.009377
v -0.010000 -0.398000 0.010150
v -0.006116 -0.398000 0.009377
v -0.002823 -0.398000 0.007177
v -0.000623 -0.398000 0.003884
v 0.000150 -0.398000 0.000000
v -0.000623 -0.398000 -0.003884
v -0.002823 -0.398000 -0.007177
v -0.006116 -0.398000 -0.009377
v -0.010000 -0.398000 -0.010150
v -0.013884 -0.398000 -0.009377
v -0.017177 -0.398000 -0.007177
v -0.019377 -0.398000 -0.003884
v -0.025700 1.111000 0.000000
v -0.024505 1.111000 0.006008
v -0.021102 1.111000 0.011102
v -0.016008 1.111000 0.014505
v -0.010000 1.111000 0.015700
v -0.003992 1.111000 0.014505
v 0.001102 1.111000 0.011102
v 0.004505 1.111000 0.006008
v 0.005700 1.111000 0.000000
v 0.004505 1.111000 -0.006008
v 0.001102 1.111000 -0.011102
v -0.003992 1.111000 -0.014505
v -0.010000 1.111000 -0.015700
v -0.016008 1.111000 -0.014505
v -0.021102 1.111000 -0.011102
v -0.024505 1.111000 -0.006008
v -0.026100 1.127000 0.000000
v -0.024874 1.127000 0.006161
v -0.021384 1.127000 0.011384
v -0.016161 1.127000 0.014874
v -0.010000 1.127000 0.016100
v -0.003839 1.127000 0.014874
v 0.001384 1.127000 0.011384
v 0.004874 1.127000 0.006161
v 0.006100 1.127000 0.000000
v 0.004874 1.127000 -0.006161
v 0.001384 1.127000 -0.011384
v -0.003839 1.127000 -0.014874
v -0.010000 1.127000 -0.016100
v -0.016161 1.127000 -0.014874
v -0.021384 1.127000 -0.011384
v -0.024874 1.127000 -0.006161
v -0.020500 1.144000 0.000000
v -0.019701 1.144000 0.004018
v -0.017425 1.144000 0.007425
v -0.014018 1.144000 0.009701
v -0.010000 1.144000 0.010500
v -0.005982 1.144000 0.009701
v -0.002575 1.144000 0.007425
v -0.000299 1.144000 0.004018
v 0.000500 1.144000 0.000000
v -0.000299 1.144000 -0.004018
v -0.002575 1.144000 -0.007425
v -0.005982 1.144000 -0.009701
v -0.010000 1.144000 -0.010500
v -0.014018 1.144000 -0.009701
v -0.017425 1.144000 -0.007425
v -0.019701 1.144000 -0.004018
v -0.018500 1.150000 0.000000
v -0.017853 1.150000 0.003253
v -0.016010 1.150000 0.006010
v -0.013253 1.150000 0.007853
v -0.010000 1.150000 0.008500
v -0.006747 1.150000 0.007853
v -0.003990 1.150000 0.006010
v -0.002147 1.150000 0.003253
v -0.001500 1.150000 0.000000
v -0.002147 1.150000 -0.003253
v -0.003990 1.150000 -0.006010
v -0.006747 1.150000 -0.007853
v -0.010000 1.150000 -0.008500
v -0.013253 1.150000 -0.007853
v -0.016010 1.150000 -0.006010
v -0.017853 1.150000 -0.003253
v -0.010000 1.150000 0.000000
v -0.018500 1.150000 0.000000
v -0.017853 1.150000 0.003253
v -0.016010 1.150000 0.006010
v -0.013253 1.150000 0.007853
v -0.010000 1.150000 0.008500
v -0.006747 1.150000 0.007853
v -0.003990 1.150000 0.006010
v -0.002147 1.150000 0.003253
v -0.001500 1.150000 0.000000
v -0.002147 1.150000 -0.003253
v -0.003990 1.150000 -0.006010
v -0.006747 1.150000 -0.007853
v -0.010000 1.150000 -0.008500
v -0.013253 1.150000 -0.007853
v -0.016010 1.150000 -0.006010
v -0.017853 1.150000 -0.003253
v -0.017500 1.150000 0.000000
v -0.010000 1.150000 0.005000
v -0.002500 1.150000 0.000000
v -0.010000 1.150000 -0.005000
v -0.021092 1.160417 0.000000
v -0.010000 1.160417 0.004854
v 0.001092 1.160417 0.000000
v -0.010000 1.160417 -0.004854
v -0.024011 1.170833 0.000000
v -0.010000 1.170833 0.004708
v 0.004011 1.170833 0.000000
v -0.010000 1.170833 -0.004708
v -0.025710 1.181250 0.000000
v -0.010000 1.181250 0.004562
v 0.005710 1.181250 0.000000
v -0.010000 1.181250 -0.004562
v -0.025749 1.191667 0.000000
v -0.010000 1.191667 0.004417
v 0.005749 1.191667 0.000000
v -0.010000 1.191667 -0.004417
v -0.025115 1.202083 0.000000
v -0.010000 1.202083 0.004271
v 0.005115 1.202083 0.000000
v -0.010000 1.202083 -0.004271
v -0.024476 1.212500 0.000000
v -0.010000 1.212500 0.004125
v 0.004476 1.212500 0.000000
v -0.010000 1.212500 -0.004125
v -0.023828 1.222917 0.000000
v -0.010000 1.222917 0.003979
v 0.003828 1.222917 0.000000
v -0.010000 1.222917 -0.003979
v -0.023174 1.233333 0.000000
v -0.010000 1.233333 0.003833
v 0.003174 1.233333 0.000000
v -0.010000 1.233333 -0.003833
v -0.022511 1.243750 0.000000
v -0.010000 1.243750 0.003688
v 0.002511 1.243750 0.000000
v -0.010000 1.243750 -0.003688
v -0.021839 1.254167 0.000000
v -0.010000 1.254167 0.003542
v 0.001839 1.254167 0.000000
v -0.010000 1.254167 -0.003542
v -0.021158 1.264583 0.000000
v -0.010000 1.264583 0.003396
v 0.001158 1.264583 0.000000
v -0.010000 1.264583 -0.003396
v -0.020466 1.275000 0.000000
v -0.010000 1.275000 0.003250
v 0.000466 1.275000 0.000000
v -0.010000 1.275000 -0.003250
v -0.019762 1.285417 0.000000
v -0.010000 1.285417 0.003104
v -0.000238 1.285417 0.000000
v -0.010000 1.285417 -0.003104
v -0.019045 1.295833 0.000000
v -0.010000 1.295833 0.002958
v -0.000955 1.295833 0.000000
v -0.010000 1.295833 -0.002958
v -0.018314 1.306250 0.000000
v -0.010000 1.306250 0.002812
v -0.001686 1.306250 0.000000
v -0.010000 1.306250 -0.002812
v -0.017566 1.316667 0.000000
v -0.010000 1.316667 0.002667
v -0.002434 1.316667 0.000000
v -0.010000 1.316667 -0.002667
v -0.016800 1.327083 0.000000
v -0.010000 1.327083 0.002521
v -0.003200 1.327083 0.000000
v -0.010000 1.327083 -0.002521
v -0.016011 1.337500 0.000000
v -0.010000 1.337500 0.002375
v -0.003989 1.337500 0.000000
v -0.010000 1.337500 -0.002375
v -0.015195 1.347917 0.000000
v -0.010000 1.347917 0.002229
v -0.004805 1.347917 0.000000
v -0.010000 1.347917 -0.002229
v -0.014346 1.358333 0.000000
v -0.010000 1.358333 0.002083
v -0.005654 1.358333 0.000000
v -0.010000 1.358333 -0.002083
v -0.013452 1.368750 0.000000
v -0.010000 1.368750 0.001938
v -0.006548 1.368750 0.000000
v -0.010000 1.368750 -0.001938
v -0.012496 1.379167 0.000000
v -0.010000 1.379167 0.001792
v -0.007504 1.379167 0.000000
v -0.010000 1.379167 -0.001792
v -0.011434 1.389583 0.000000
v -0.010000 1.389583 0.001646
v -0.008566 1.389583 0.000000
v -0.010000 1.389583 -0.001646
v -0.010000 1.400000 0.000000
v -0.011434 1.389583 0.000000
v -0.010000 1.389583 0.001646
v -0.008566 1.389583 0.000000
v -0.010000 1.389583 -0.001646
vt 0.000000 0.000000
vt 0.062500 0.000000
vt 0.062500 0.090909
vt 0.000000 0.090909
vt 0.062500 0.000000
vt 0.125000 0.000000
vt 0.125000 0.090909
vt 0.062500 0.090909
vt 0.125000 0.000000
vt 0.187500 0.000000
vt 0.187500 0.090909
vt 0.125000 0.090909
vt 0.187500 0.000000
vt 0.250000 0.000000
vt 0.250000 0.090909
vt 0.187500 0.090909
vt 0.250000 0.000000
vt 0.312500 0.000000
vt 0.312500 0.090909
vt 0.250000 0.090909
vt 0.312500 0.000000
vt 0.375000 0.000000
vt 0.375000 0.090909
vt 0.312500 0.090909
vt 0.375000 0.000000
vt 0.437500 0.000000
vt 0.437500 0.090909
vt 0.375000 0.090909
vt 0.437500 0.000000
vt 0.500000 0.000000
vt 0.500000 0.090909
vt 0.437500 0.090909
vt 0.500000 0.000000
vt 0.562500 0.000000
vt 0.562500 0.090909
vt 0.500000 0.090909
vt 0.562500 0.000000
vt 0.625000 0.000000
vt 0.625000 0.090909
vt 0.562500 0.090909
vt 0.625000 0.000000
vt 0.687500 0.000000
vt 0.687500 0.090909
vt 0.625000 0.090909
vt 0.687500 0.000000
vt 0.750000 0.000000
vt 0.750000 0.090909
vt 0.687500 0.090909
vt 0.750000 0.000000
vt 0.812500 0.000000
vt 0.812500 0.090909
vt 0.750000 0.090909
vt 0.812500 0.000000
vt 0.875000 0.000000
vt 0.875000 0.090909
vt 0.812500 0.090909
vt 0.875000 0.000000
vt 0.937500 0.000000
vt 0.937500 0.090909
vt 0.875000 0.090909
vt 0.937500 0.000000
vt 1.000000 0.000000
vt 1.000000 0.090909
vt 0.937500 0.090909
vt 0.000000 0.090909
vt 0.062500 0.090909
vt 0.062500 0.181818
vt 0.000000 0.181818
vt 0.062500 0.090909
vt 0.125000 0.090909
vt 0.125000 0.181818
vt 0.062500 0.181818
vt 0.125000 0.090909
vt 0.187500 0.090909
vt 0.187500 0.181818
vt 0.125000 0.181818
vt 0.187500 0.090909
vt 0.250000 0.090909
vt 0.250000 0.181818
vt 0.187500 0.181818
vt 0.250000 0.090909
vt 0.312500 0.090909
vt 0.312500 0.181818
vt 0.250000 0.181818
vt 0.312500 0.090909
vt 0.375000 0.090909
vt 0.375000 0.181818
vt 0.312500 0.181818
vt 0.375000 0.090909
vt 0.437500 0.090909
vt 0.437500 0.181818
vt 0.375000 0.181818
vt 0.437500 0.090909
vt 0.500000 0.090909
vt 0.500000 0.181818
vt 0.437500 0.181818
vt 0.500000 0.090909
vt 0.562500 0.090909
vt 0.562500 0.181818
vt 0.500000 0.181818
vt 0.562500 0.090909
vt 0.625000 0.090909
vt 0.625000 0.181818
vt 0.562500 0.181818
vt 0.625000 0.090909
vt 0.687500 0.090909
vt 0.687500 0.181818
vt 0.625000 0.181818
vt 0.687500 0.090909
vt 0.750000 0.090909
vt 0.750000 0.181818
vt 0.687500 0.181818
vt 0.750000 0.090909
vt 0.812500 0.090909
vt 0.812500 0.181818
vt 0.750000 0.181818
vt 0.812500 0.090909
vt 0.875000 0.090909
vt 0.875000 0.181818
vt 0.812500 0.181818
vt 0.875000 0.090909
vt 0.937500 0.090909
vt 0.937500 0.181818
vt 0.875000 0.181818
vt 0.937500 0.090909
vt 1.000000 0.090909
vt 1.000000 0.181818
vt 0.937500 0.181818
vt 0.000000 0.181818
vt 0.062500 0.181818
vt 0.062500 0.272727
vt 0.000000 0.272727
vt 0.062500 0.181818
vt 0.125000 0.181818
vt 0.125000 0.272727
vt 0.062500 0.272727
vt 0.125000 0.181818
vt 0.187500 0.181818
vt 0.187500 0.272727
vt 0.125000 0.272727
vt 0.187500 0.181818
vt 0.250000 0.181818
vt 0.250000 0.272727
vt 0.187500 0.272727
vt 0.250000 0.181818
vt 0.312500 0.181818
vt 0.312500 0.272727
vt 0.250000 0.272727
vt 0.312500 0.181818
vt 0.375000 0.181818
vt 0.375000 0.272727
vt 0.312500 0.272727
vt 0.375000 0.181818
vt 0.437500 0.181818
vt 0.437500 0.272727
vt 0.375000 0.272727
vt 0.437500 0.181818
vt 0.500000 0.181818
vt 0.500000 0.272727
vt 0.437500 0.272727
vt 0.500000 0.181818
vt 0.562500 0.181818
vt 0.562500 0.272727
vt 0.500000 0.272727
vt 0.562500 0.181818
vt 0.625000 0.181818
vt 0.625000 0.272727
vt 0.562500 0.272727
vt 0.625000 0.181818
vt 0.687500 0.181818
vt 0.687500 0.272727
vt 0.625000 0.272727
vt 0.687500 0.181818
vt 0.750000 0.181818
vt 0.750000 0.272727
vt 0.687500 0.272727
vt 0.750000 0.181818
vt 0.812500 0.181818
vt 0.812500 0.272727
vt 0.750000 0.272727
vt 0.812500 0.181818
vt 0.875000 0.181818
vt 0.875000 0.272727
vt 0.812500 0.272727
vt 0.875000 0.181818
vt 0.937500 0.181818
vt 0.937500 0.272727
vt 0.875000 0.272727
vt 0.937500 0.181818
vt 1.000000 0.181818
vt 1.000000 0.272727
vt 0.937500 0.272727
vt 0.000000 0.272727
vt 0.062500 0.272727
vt 0.062500 0.363636
vt 0.000000 0.363636
vt 0.062500 0.272727
vt 0.125000 0.272727
vt 0.125000 0.363636
vt 0.062500 0.363636
vt 0.125000 0.272727
vt 0.187500 0.272727
vt 0.187500 0.363636
vt 0.125000 0.363636
vt 0.187500 0.272727
vt 0.250000 0.272727
vt 0.250000 0.363636
vt 0.187500 0.363636
vt 0.250000 0.272727
vt 0.312500 0.272727
vt 0.312500 0.363636
vt 0.250000 0.363636
vt 0.312500 0.272727
vt 0.375000 0.272727
vt 0.375000 0.363636
vt 0.312500 0.363636
vt 0.375000 0.272727
vt 0.437500 0.272727
vt 0.437500 0.363636
vt 0.375000 0.363636
vt 0.437500 0.272727
vt 0.500000 0.272727
vt 0.500000 0.363636
vt 0.437500 0.363636
vt 0.500000 0.272727
vt 0.562500 0.272727
vt 0.562500 0.363636
vt 0.500000 0.363636
vt 0.562500 0.272727
vt 0.625000 0.272727
vt 0.625000 0.363636
vt 0.562500 0.363636
vt 0.625000 0.272727
vt 0.687500 0.272727
vt 0.687500 0.363636
vt 0.625000 0.363636
vt 0.687500 0.272727
vt 0.750000 0.272727
vt 0.750000 0.363636
vt 0.687500 0.363636
vt 0.750000 0.272727
vt 0.812500 0.272727
vt 0.812500 0.363636
vt 0.750000 0.363636
vt 0.812500 0.272727
vt 0.875000 0.272727
vt 0.875000 0.363636
vt 0.812500 0.363636
vt 0.875000 0.272727
vt 0.937500 0.272727
vt 0.937500 0.363636
vt 0.875000 0.363636
vt 0.937500 0.272727
vt 1.000000 0.272727
vt 1.000000 0.363636
vt 0.937500 0.363636
vt 0.000000 0.363636
vt 0.062500 0.363636
vt 0.062500 0.454545
vt 0.000000 0.454545
vt 0.062500 0.363636
vt 0.125000 0.363636
vt 0.125000 0.454545
vt 0.062500 0.454545
vt 0.125000 0.363636
vt 0.187500 0.363636
vt 0.187500 0.454545
vt 0.125000 0.454545
vt 0.187500 0.363636
vt 0.250000 0.363636
vt 0.250000 0.454545
vt 0.187500 0.454545
vt 0.250000 0.363636
vt 0.312500 0.363636
vt 0.312500 0.454545
vt 0.250000 0.454545
vt 0.312500 0.363636
vt 0.375000 0.363636
vt 0.375000 0.454545
vt 0.312500 0.454545
vt 0.375000 0.363636
vt 0.437500 0.363636
vt 0.437500 0.454545
vt 0.375000 0.454545
vt 0.437500 0.363636
vt 0.500000 0.363636
vt 0.500000 0.454545
vt 0.437500 0.454545
vt 0.500000 0.363636
vt 0.562500 0.363636
vt 0.562500 0.454545
vt 0.500000 0.454545
vt 0.562500 0.363636
vt 0.625000 0.363636
vt 0.625000 0.454545
vt 0.562500 0.454545
vt 0.625000 0.363636
vt 0.687500 0.363636
vt 0.687500 0.454545
vt 0.625000 0.454545
vt 0.687500 0.363636
vt 0.750000 0.363636
vt 0.750000 0.454545
vt 0.687500 0.454545
vt 0.750000 0.363636
vt 0.812500 0.363636
vt 0.812500 0.454545
vt 0.750000 0.454545
vt 0.812500 0.363636
vt 0.875000 0.363636
vt 0.875000 0.454545
vt 0.812500 0.454545
vt 0.875000 0.363636
vt 0.937500 0.363636
vt 0.937500 0.454545
vt 0.875000 0.454545
vt 0.937500 0.363636
vt 1.000000 0.363636
vt 1.000000 0.454545
vt 0.937500 0.454545
vt 0.000000 0.454545
vt 0.062500 0.454545
vt 0.062500 0.545455
vt 0.000000 0.545455
vt 0.062500 0.454545
vt 0.125000 0.454545
vt 0.125000 0.545455
vt 0.062500 0.545455
vt 0.125000 0.454545
vt 0.187500 0.454545
vt 0.187500 0.545455
vt 0.125000 0.545455
vt 0.187500 0.454545
vt 0.250000 0.454545
vt 0.250000 0.545455
vt 0.187500 0.545455
vt 0.250000 0.454545
vt 0.312500 0.454545
vt 0.312500 0.545455
vt 0.250000 0.545455
vt 0.312500 0.454545
vt 0.375000 0.454545
vt 0.375000 0.545455
vt 0.312500 0.545455
vt 0.375000 0.454545
vt 0.437500 0.454545
vt 0.437500 0.545455
vt 0.375000 0.545455
vt 0.437500 0.454545
vt 0.500000 0.454545
vt 0.500000 0.545455
vt 0.437500 0.545455
vt 0.500000 0.454545
vt 0.562500 0.454545
vt 0.562500 0.545455
vt 0.500000 0.545455
vt 0.562500 0.454545
vt 0.625000 0.454545
vt 0.625000 0.545455
vt 0.562500 0.545455
vt 0.625000 0.454545
vt 0.687500 0.454545
vt 0.687500 0.545455
vt 0.625000 0.545455
vt 0.687500 0.454545
vt 0.750000 0.454545
vt 0.750000 0.545455
vt 0.687500 0.545455
vt 0.750000 0.454545
vt 0.812500 0.454545
vt 0.812500 0.545455
vt 0.750000 0.545455
vt 0.812500 0.454545
vt 0.875000 0.454545
vt 0.875000 0.545455
vt 0.812500 0.545455
vt 0.875000 0.454545
vt 0.937500 0.454545
vt 0.937500 0.545455
vt 0.875000 0.545455
vt 0.937500 0.454545
vt 1.000000 0.454545
vt 1.000000 0.545455
vt 0.937500 0.545455
vt 0.000000 0.545455
vt 0.062500 0.545455
vt 0.062500 0.636364
vt 0.000000 0.636364
vt 0.062500 0.545455
vt 0.125000 0.545455
vt 0.125000 0.636364
vt 0.062500 0.636364
vt 0.125000 0.545455
vt 0.187500 0.545455
vt 0.187500 0.636364
vt 0.125000 0.636364
vt 0.187500 0.545455
vt 0.250000 0.545455
vt 0.250000 0.636364
vt 0.187500 0.636364
vt 0.250000 0.545455
vt 0.312500 0.545455
vt 0.312500 0.636364
vt 0.250000 0.636364
vt 0.312500 0.545455
vt 0.375000 0.545455
vt 0.375000 0.636364
vt 0.312500 0.636364
vt 0.375000 0.545455
vt 0.437500 0.545455
vt 0.437500 0.636364
vt 0.375000 0.636364
vt 0.437500 0.545455
vt 0.500000 0.545455
vt 0.500000 0.636364
vt 0.437500 0.636364
vt 0.500000 0.545455
vt 0.562500 0.545455
vt 0.562500 0.636364
vt 0.500000 0.636364
vt 0.562500 0.545455
vt 0.625000 0.545455
vt 0.625000 0.636364
vt 0.562500 0.636364
vt 0.625000 0.545455
vt 0.687500 0.545455
vt 0.687500 0.636364
vt 0.625000 0.636364
vt 0.687500 0.545455
vt 0.750000 0.545455
vt 0.750000 0.636364
vt 0.687500 0.636364
vt 0.750000 0.545455
vt 0.812500 0.545455
vt 0.812500 0.636364
vt 0.750000 0.636364
vt 0.812500 0.545455
vt 0.875000 0.545455
vt 0.875000 0.636364
vt 0.812500 0.636364
vt 0.875000 0.545455
vt 0.937500 0.545455
vt 0.937500 0.636364
vt 0.875000 0.636364
vt 0.937500 0.545455
vt 1.000000 0.545455
vt 1.000000 0.636364
vt 0.937500 0.636364
vt 0.000000 0.636364
vt 0.062500 0.636364
vt 0.062500 0.727273
vt 0.000000 0.727273
vt 0.062500 0.636364
vt 0.125000 0.636364
vt 0.125000 0.727273
vt 0.062500 0.727273
vt 0.125000 0.636364
vt 0.187500 0.636364
vt 0.187500 0.727273
vt 0.125000 0.727273
vt 0.187500 0.636364
vt 0.250000 0.636364
vt 0.250000 0.727273
vt 0.187500 0.727273
vt 0.250000 0.636364
vt 0.312500 0.636364
vt 0.312500 0.727273
vt 0.250000 0.727273
vt 0.312500 0.636364
vt 0.375000 0.636364
vt 0.375000 0.727273
vt 0.312500 0.727273
vt 0.375000 0.636364
vt 0.437500 0.636364
vt 0.437500 0.727273
vt 0.375000 0.727273
vt 0.437500 0.636364
vt 0.500000 0.636364
vt 0.500000 0.727273
vt 0.437500 0.727273
vt 0.500000 0.636364
vt 0.562500 0.636364
vt 0.562500 0.727273
vt 0.500000 0.727273
vt 0.562500 0.636364
vt 0.625000 0.636364
vt 0.625000 0.727273
vt 0.562500 0.727273
vt 0.625000 0.636364
vt 0.687500 0.636364
vt 0.687500 0.727273
vt 0.625000 0.727273
vt 0.687500 0.636364
vt 0.750000 0.636364
vt 0.750000 0.727273
vt 0.687500 0.727273
vt 0.750000 0.636364
vt 0.812500 0.636364
vt 0.812500 0.727273
vt 0.750000 0.727273
vt 0.812500 0.636364
vt 0.875000 0.636364
vt 0.875000 0.727273
vt 0.812500 0.727273
vt 0.875000 0.636364
vt 0.937500 0.636364
vt 0.937500 0.727273
vt 0.875000 0.727273
vt 0.937500 0.636364
vt 1.000000 0.636364
vt 1.000000 0.727273
vt 0.937500 0.727273
vt 0.000000 0.727273
vt 0.062500 0.727273
vt 0.062500 0.818182
vt 0.000000 0.818182
vt 0.062500 0.727273
vt 0.125000 0.727273
vt 0.125000 0.818182
vt 0.062500 0.818182
vt 0.125000 0.727273
vt 0.187500 0.727273
vt 0.187500 0.818182
vt 0.125000 0.818182
vt 0.187500 0.727273
vt 0.250000 0.727273
vt 0.250000 0.818182
vt 0.187500 0.818182
vt 0.250000 0.727273
vt 0.312500 0.727273
vt 0.312500 0.818182
vt 0.250000 0.818182
vt 0.312500 0.727273
vt 0.375000 0.727273
vt 0.375000 0.818182
vt 0.312500 0.818182
vt 0.375000 0.727273
vt 0.437500 0.727273
vt 0.437500 0.818182
vt 0.375000 0.818182
vt 0.437500 0.727273
vt 0.500000 0.727273
vt 0.500000 0.818182
vt 0.437500 0.818182
vt 0.500000 0.727273
vt 0.562500 0.727273
vt 0.562500 0.818182
vt 0.500000 0.818182
vt 0.562500 0.727273
vt 0.625000 0.727273
vt 0.625000 0.818182
vt 0.562500 0.818182
vt 0.625000 0.727273
vt 0.687500 0.727273
vt 0.687500 0.818182
vt 0.625000 0.818182
vt 0.687500 0.727273
vt 0.750000 0.727273
vt 0.750000 0.818182
vt 0.687500 0.818182
vt 0.750000 0.727273
vt 0.812500 0.727273
vt 0.812500 0.818182
vt 0.750000 0.818182
vt 0.812500 0.727273
vt 0.875000 0.727273
vt 0.875000 0.818182
vt 0.812500 0.818182
vt 0.875000 0.727273
vt 0.937500 0.727273
vt 0.937500 0.818182
vt 0.875000 0.818182
vt 0.937500 0.727273
vt 1.000000 0.727273
vt 1.000000 0.818182
vt 0.937500 0.818182
vt 0.000000 0.818182
vt 0.062500 0.818182
vt 0.062500 0.909091
vt 0.000000 0.909091
vt 0.062500 0.818182
vt 0.125000 0.818182
vt 0.125000 0.909091
vt 0.062500 0.909091
vt 0.125000 0.818182
vt 0.187500 0.818182
vt 0.187500 0.909091
vt 0.125000 0.909091
vt 0.187500 0.818182
vt 0.250000 0.818182
vt 0.250000 0.909091
vt 0.187500 0.909091
vt 0.250000 0.818182
vt 0.312500 0.818182
vt 0.312500 0.909091
vt 0.250000 0.909091
vt 0.312500 0.818182
vt 0.375000 0.818182
vt 0.375000 0.909091
vt 0.312500 0.909091
vt 0.375000 0.818182
vt 0.437500 0.818182
vt 0.437500 0.909091
vt 0.375000 0.909091
vt 0.437500 0.818182
vt 0.500000 0.818182
vt 0.500000 0.909091
vt 0.437500 0.909091
vt 0.500000 0.818182
vt 0.562500 0.818182
vt 0.562500 0.909091
vt 0.500000 0.909091
vt 0.562500 0.818182
vt 0.625000 0.818182
vt 0.625000 0.909091
vt 0.562500 0.909091
vt 0.625000 0.818182
vt 0.687500 0.818182
vt 0.687500 0.909091
vt 0.625000 0.909091
vt 0.687500 0.818182
vt 0.750000 0.818182
vt 0.750000 0.909091
vt 0.687500 0.909091
vt 0.750000 0.818182
vt 0.812500 0.818182
vt 0.812500 0.909091
vt 0.750000 0.909091
vt 0.812500 0.818182
vt 0.875000 0.818182
vt 0.875000 0.909091
vt 0.812500 0.909091
vt 0.875000 0.818182
vt 0.937500 0.818182
vt 0.937500 0.909091
vt 0.875000 0.909091
vt 0.937500 0.818182
vt 1.000000 0.818182
vt 1.000000 0.909091
vt 0.937500 0.909091
vt 0.000000 0.909091
vt 0.062500 0.909091
vt 0.062500 1.000000
vt 0.000000 1.000000
vt 0.062500 0.909091
vt 0.125000 0.909091
vt 0.125000 1.000000
vt 0.062500 1.000000
vt 0.125000 0.909091
vt 0.187500 0.909091
vt 0.187500 1.000000
vt 0.125000 1.000000
vt 0.187500 0.909091
vt 0.250000 0.909091
vt 0.250000 1.000000
vt 0.187500 1.000000
vt 0.250000 0.909091
vt 0.312500 0.909091
vt 0.312500 1.000000
vt 0.250000 1.000000
vt 0.312500 0.909091
vt 0.375000 0.909091
vt 0.375000 1.000000
vt 0.312500 1.000000
vt 0.375000 0.909091
vt 0.437500 0.909091
vt 0.437500 1.000000
vt 0.375000 1.000000
vt 0.437500 0.909091
vt 0.500000 0.909091
vt 0.500000 1.000000
vt 0.437500 1.000000
vt 0.500000 0.909091
vt 0.562500 0.909091
vt 0.562500 1.000000
vt 0.500000 1.000000
vt 0.562500 0.909091
vt 0.625000 0.909091
vt 0.625000 1.000000
vt 0.562500 1.000000
vt 0.625000 0.909091
vt 0.687500 0.909091
vt 0.687500 1.000000
vt 0.625000 1.000000
vt 0.687500 0.909091
vt 0.750000 0.909091
vt 0.750000 1.000000
vt 0.687500 1.000000
vt 0.750000 0.909091
vt 0.812500 0.909091
vt 0.812500 1.000000
vt 0.750000 1.000000
vt 0.812500 0.909091
vt 0.875000 0.909091
vt 0.875000 1.000000
vt 0.812500 1.000000
vt 0.875000 0.909091
vt 0.937500 0.909091
vt 0.937500 1.000000
vt 0.875000 1.000000
vt 0.937500 0.909091
vt 1.000000 0.909091
vt 1.000000 1.000000
vt 0.937500 1.000000
vt 0.020000 0.566000
vt 0.048750 0.566000
vt 0.048750 0.888000
vt 0.020000 0.888000
vt 0.048750 0.566000
vt 0.077500 0.566000
vt 0.077500 0.888000
vt 0.048750 0.888000
vt 0.077500 0.566000
vt 0.106250 0.566000
vt 0.106250 0.888000
vt 0.077500 0.888000
vt 0.106250 0.566000
vt 0.135000 0.566000
vt 0.135000 0.888000
vt 0.106250 0.888000
vt 0.135000 0.566000
vt 0.163750 0.566000
vt 0.163750 0.888000
vt 0.135000 0.888000
vt 0.163750 0.566000
vt 0.192500 0.566000
vt 0.192500 0.888000
vt 0.163750 0.888000
vt 0.192500 0.566000
vt 0.221250 0.566000
vt 0.221250 0.888000
vt 0.192500 0.888000
vt 0.221250 0.566000
vt 0.250000 0.566000
vt 0.250000 0.888000
vt 0.221250 0.888000
vt 0.250000 0.566000
vt 0.278750 0.566000
vt 0.278750 0.888000
vt 0.250000 0.888000
vt 0.278750 0.566000
vt 0.307500 0.566000
vt 0.307500 0.888000
vt 0.278750 0.888000
vt 0.307500 0.566000
vt 0.336250 0.566000
vt 0.336250 0.888000
vt 0.307500 0.888000
vt 0.336250 0.566000
vt 0.365000 0.566000
vt 0.365000 0.888000
vt 0.336250 0.888000
vt 0.365000 0.566000
vt 0.393750 0.566000
vt 0.393750 0.888000
vt 0.365000 0.888000
vt 0.393750 0.566000
vt 0.422500 0.566000
vt 0.422500 0.888000
vt 0.393750 0.888000
vt 0.422500 0.566000
vt 0.451250 0.566000
vt 0.451250 0.888000
vt 0.422500 0.888000
vt 0.451250 0.566000
vt 0.480000 0.566000
vt 0.480000 0.888000
vt 0.451250 0.888000
vt 0.020000 0.888000
vt 0.048750 0.888000
vt 0.048750 0.980000
vt 0.020000 0.980000
vt 0.048750 0.888000
vt 0.077500 0.888000
vt 0.077500 0.980000
vt 0.048750 0.980000
vt 0.077500 0.888000
vt 0.106250 0.888000
vt 0.106250 0.980000
vt 0.077500 0.980000
vt 0.106250 0.888000
vt 0.135000 0.888000
vt 0.135000 0.980000
vt 0.106250 0.980000
vt 0.135000 0.888000
vt 0.163750 0.888000
vt 0.163750 0.980000
vt 0.135000 0.980000
vt 0.163750 0.888000
vt 0.192500 0.888000
vt 0.192500 0.980000
vt 0.163750 0.980000
vt 0.192500 0.888000
vt 0.221250 0.888000
vt 0.221250 0.980000
vt 0.192500 0.980000
vt 0.221250 0.888000
vt 0.250000 0.888000
vt 0.250000 0.980000
vt 0.221250 0.980000
vt 0.250000 0.888000
vt 0.278750 0.888000
vt 0.278750 0.980000
vt 0.250000 0.980000
vt 0.278750 0.888000
vt 0.307500 0.888000
vt 0.307500 0.980000
vt 0.278750 0.980000
vt 0.307500 0.888000
vt 0.336250 0.888000
vt 0.336250 0.980000
vt 0.307500 0.980000
vt 0.336250 0.888000
vt 0.365000 0.888000
vt 0.365000 0.980000
vt 0.336250 0.980000
vt 0.365000 0.888000
vt 0.393750 0.888000
vt 0.393750 0.980000
vt 0.365000 0.980000
vt 0.393750 0.888000
vt 0.422500 0.888000
vt 0.422500 0.980000
vt 0.393750 0.980000
vt 0.422500 0.888000
vt 0.451250 0.888000
vt 0.451250 0.980000
vt 0.422500 0.980000
vt 0.451250 0.888000
vt 0.480000 0.888000
vt 0.480000 0.980000
vt 0.451250 0.980000
vt 0.419994 0.679586
vt 0.434000 0.750000
vt 0.250000 0.750000
vt 0.380108 0.619892
vt 0.419994 0.679586
vt 0.250000 0.750000
vt 0.320414 0.580006
vt 0.380108 0.619892
vt 0.250000 0.750000
vt 0.250000 0.566000
vt 0.320414 0.580006
vt 0.250000 0.750000
vt 0.179586 0.580006
vt 0.250000 0.566000
vt 0.250000 0.750000
vt 0.119892 0.619892
vt 0.179586 0.580006
vt 0.250000 0.750000
vt 0.080006 0.679586
vt 0.119892 0.619892
vt 0.250000 0.750000
vt 0.066000 0.750000
vt 0.080006 0.679586
vt 0.250000 0.750000
vt 0.080006 0.820414
vt 0.066000 0.750000
vt 0.250000 0.750000
vt 0.119892 0.880108
vt 0.080006 0.820414
vt 0.250000 0.750000
vt 0.179586 0.919994
vt 0.119892 0.880108
vt 0.250000 0.750000
vt 0.250000 0.934000
vt 0.179586 0.919994
vt 0.250000 0.750000
vt 0.320414 0.919994
vt 0.250000 0.934000
vt 0.250000 0.750000
vt 0.380108 0.880108
vt 0.320414 0.919994
vt 0.250000 0.750000
vt 0.419994 0.820414
vt 0.380108 0.880108
vt 0.250000 0.750000
vt 0.434000 0.750000
vt 0.419994 0.820414
vt 0.250000 0.750000
vt 0.520000 0.980000
vt 0.548750 0.980000
vt 0.548750 0.842000
vt 0.520000 0.842000
vt 0.548750 0.980000
vt 0.577500 0.980000
vt 0.577500 0.842000
vt 0.548750 0.842000
vt 0.577500 0.980000
vt 0.606250 0.980000
vt 0.606250 0.842000
vt 0.577500 0.842000
vt 0.606250 0.980000
vt 0.635000 0.980000
vt 0.635000 0.842000
vt 0.606250 0.842000
vt 0.635000 0.980000
vt 0.663750 0.980000
vt 0.663750 0.842000
vt 0.635000 0.842000
vt 0.663750 0.980000
vt 0.692500 0.980000
vt 0.692500 0.842000
vt 0.663750 0.842000
vt 0.692500 0.980000
vt 0.721250 0.980000
vt 0.721250 0.842000
vt 0.692500 0.842000
vt 0.721250 0.980000
vt 0.750000 0.980000
vt 0.750000 0.842000
vt 0.721250 0.842000
vt 0.750000 0.980000
vt 0.778750 0.980000
vt 0.778750 0.842000
vt 0.750000 0.842000
vt 0.778750 0.980000
vt 0.807500 0.980000
vt 0.807500 0.842000
vt 0.778750 0.842000
vt 0.807500 0.980000
vt 0.836250 0.980000
vt 0.836250 0.842000
vt 0.807500 0.842000
vt 0.836250 0.980000
vt 0.865000 0.980000
vt 0.865000 0.842000
vt 0.836250 0.842000
vt 0.865000 0.980000
vt 0.893750 0.980000
vt 0.893750 0.842000
vt 0.865000 0.842000
vt 0.893750 0.980000
vt 0.922500 0.980000
vt 0.922500 0.842000
vt 0.893750 0.842000
vt 0.922500 0.980000
vt 0.951250 0.980000
vt 0.951250 0.842000
vt 0.922500 0.842000
vt 0.951250 0.980000
vt 0.980000 0.980000
vt 0.980000 0.842000
vt 0.951250 0.842000
vt 0.520000 0.842000
vt 0.548750 0.842000
vt 0.548750 0.612000
vt 0.520000 0.612000
vt 0.548750 0.842000
vt 0.577500 0.842000
vt 0.577500 0.612000
vt 0.548750 0.612000
vt 0.577500 0.842000
vt 0.606250 0.842000
vt 0.606250 0.612000
vt 0.577500 0.612000
vt 0.606250 0.842000
vt 0.635000 0.842000
vt 0.635000 0.612000
vt 0.606250 0.612000
vt 0.635000 0.842000
vt 0.663750 0.842000
vt 0.663750 0.612000
vt 0.635000 0.612000
vt 0.663750 0.842000
vt 0.692500 0.842000
vt 0.692500 0.612000
vt 0.663750 0.612000
vt 0.692500 0.842000
vt 0.721250 0.842000
vt 0.721250 0.612000
vt 0.692500 0.612000
vt 0.721250 0.842000
vt 0.750000 0.842000
vt 0.750000 0.612000
vt 0.721250 0.612000
vt 0.750000 0.842000
vt 0.778750 0.842000
vt 0.778750 0.612000
vt 0.750000 0.612000
vt 0.778750 0.842000
vt 0.807500 0.842000
vt 0.807500 0.612000
vt 0.778750 0.612000
vt 0.807500 0.842000
vt 0.836250 0.842000
vt 0.836250 0.612000
vt 0.807500 0.612000
vt 0.836250 0.842000
vt 0.865000 0.842000
vt 0.865000 0.612000
vt 0.836250 0.612000
vt 0.865000 0.842000
vt 0.893750 0.842000
vt 0.893750 0.612000
vt 0.865000 0.612000
vt 0.893750 0.842000
vt 0.922500 0.842000
vt 0.922500 0.612000
vt 0.893750 0.612000
vt 0.922500 0.842000
vt 0.951250 0.842000
vt 0.951250 0.612000
vt 0.922500 0.612000
vt 0.951250 0.842000
vt 0.980000 0.842000
vt 0.980000 0.612000
vt 0.951250 0.612000
vt 0.520000 0.612000
vt 0.548750 0.612000
vt 0.548750 0.520000
vt 0.520000 0.520000
vt 0.548750 0.612000
vt 0.577500 0.612000
vt 0.577500 0.520000
vt 0.548750 0.520000
vt 0.577500 0.612000
vt 0.606250 0.612000
vt 0.606250 0.520000
vt 0.577500 0.520000
vt 0.606250 0.612000
vt 0.635000 0.612000
vt 0.635000 0.520000
vt 0.606250 0.520000
vt 0.635000 0.612000
vt 0.663750 0.612000
vt 0.663750 0.520000
vt 0.635000 0.520000
vt 0.663750 0.612000
vt 0.692500 0.612000
vt 0.692500 0.520000
vt 0.663750 0.520000
vt 0.692500 0.612000
vt 0.721250 0.612000
vt 0.721250 0.520000
vt 0.692500 0.520000
vt 0.721250 0.612000
vt 0.750000 0.612000
vt 0.750000 0.520000
vt 0.721250 0.520000
vt 0.750000 0.612000
vt 0.778750 0.612000
vt 0.778750 0.520000
vt 0.750000 0.520000
vt 0.778750 0.612000
vt 0.807500 0.612000
vt 0.807500 0.520000
vt 0.778750 0.520000
vt 0.807500 0.612000
vt 0.836250 0.612000
vt 0.836250 0.520000
vt 0.807500 0.520000
vt 0.836250 0.612000
vt 0.865000 0.612000
vt 0.865000 0.520000
vt 0.836250 0.520000
vt 0.865000 0.612000
vt 0.893750 0.612000
vt 0.893750 0.520000
vt 0.865000 0.520000
vt 0.893750 0.612000
vt 0.922500 0.612000
vt 0.922500 0.520000
vt 0.893750 0.520000
vt 0.922500 0.612000
vt 0.951250 0.612000
vt 0.951250 0.520000
vt 0.922500 0.520000
vt 0.951250 0.612000
vt 0.980000 0.612000
vt 0.980000 0.520000
vt 0.951250 0.520000
vt 0.750000 0.750000
vt 0.934000 0.750000
vt 0.919994 0.750000
vt 0.750000 0.750000
vt 0.919994 0.750000
vt 0.880108 0.750000
vt 0.750000 0.750000
vt 0.880108 0.750000
vt 0.820414 0.750000
vt 0.750000 0.750000
vt 0.820414 0.750000
vt 0.750000 0.750000
vt 0.750000 0.750000
vt 0.750000 0.750000
vt 0.679586 0.750000
vt 0.750000 0.750000
vt 0.679586 0.750000
vt 0.619892 0.750000
vt 0.750000 0.750000
vt 0.619892 0.750000
vt 0.580006 0.750000
vt 0.750000 0.750000
vt 0.580006 0.750000
vt 0.566000 0.750000
vt 0.750000 0.750000
vt 0.566000 0.750000
vt 0.580006 0.750000
vt 0.750000 0.750000
vt 0.580006 0.750000
vt 0.619892 0.750000
vt 0.750000 0.750000
vt 0.619892 0.750000
vt 0.679586 0.750000
vt 0.750000 0.750000
vt 0.679586 0.750000
vt 0.750000 0.750000
vt 0.750000 0.750000
vt 0.750000 0.750000
vt 0.820414 0.750000
vt 0.750000 0.750000
vt 0.820414 0.750000
vt 0.880108 0.750000
vt 0.750000 0.750000
vt 0.880108 0.750000
vt 0.919994 0.750000
vt 0.750000 0.750000
vt 0.919994 0.750000
vt 0.934000 0.750000
vt 1.000000 0.060000
vt 0.300000 0.060000
vt 0.300000 0.099167
vt 1.000000 0.099167
vt 0.300000 0.060000
vt 1.000000 0.060000
vt 1.000000 0.099167
vt 0.300000 0.099167
vt 1.000000 0.060000
vt 0.300000 0.060000
vt 0.300000 0.099167
vt 1.000000 0.099167
vt 0.300000 0.060000
vt 1.000000 0.060000
vt 1.000000 0.099167
vt 0.300000 0.099167
vt 1.000000 0.099167
vt 0.300000 0.099167
vt 0.300000 0.138333
vt 1.000000 0.138333
vt 0.300000 0.099167
vt 1.000000 0.099167
vt 1.000000 0.138333
vt 0.300000 0.138333
vt 1.000000 0.099167
vt 0.300000 0.099167
vt 0.300000 0.138333
vt 1.000000 0.138333
vt 0.300000 0.099167
vt 1.000000 0.099167
vt 1.000000 0.138333
vt 0.300000 0.138333
vt 1.000000 0.138333
vt 0.300000 0.138333
vt 0.300000 0.177500
vt 1.000000 0.177500
vt 0.300000 0.138333
vt 1.000000 0.138333
vt 1.000000 0.177500
vt 0.300000 0.177500
vt 1.000000 0.138333
vt 0.300000 0.138333
vt 0.300000 0.177500
vt 1.000000 0.177500
vt 0.300000 0.138333
vt 1.000000 0.138333
vt 1.000000 0.177500
vt 0.300000 0.177500
vt 1.000000 0.177500
vt 0.300000 0.177500
vt 0.300000 0.216667
vt 1.000000 0.216667
vt 0.300000 0.177500
vt 1.000000 0.177500
vt 1.000000 0.216667
vt 0.300000 0.216667
vt 1.000000 0.177500
vt 0.300000 0.177500
vt 0.300000 0.216667
vt 1.000000 0.216667
vt 0.300000 0.177500
vt 1.000000 0.177500
vt 1.000000 0.216667
vt 0.300000 0.216667
vt 1.000000 0.216667
vt 0.300000 0.216667
vt 0.300000 0.255833
vt 1.000000 0.255833
vt 0.300000 0.216667
vt 1.000000 0.216667
vt 1.000000 0.255833
vt 0.300000 0.255833
vt 1.000000 0.216667
vt 0.300000 0.216667
vt 0.300000 0.255833
vt 1.000000 0.255833
vt 0.300000 0.216667
vt 1.000000 0.216667
vt 1.000000 0.255833
vt 0.300000 0.255833
vt 1.000000 0.255833
vt 0.300000 0.255833
vt 0.300000 0.295000
vt 1.000000 0.295000
vt 0.300000 0.255833
vt 1.000000 0.255833
vt 1.000000 0.295000
vt 0.300000 0.295000
vt 1.000000 0.255833
vt 0.300000 0.255833
vt 0.300000 0.295000
vt 1.000000 0.295000
vt 0.300000 0.255833
vt 1.000000 0.255833
vt 1.000000 0.295000
vt 0.300000 0.295000
vt 1.000000 0.295000
vt 0.300000 0.295000
vt 0.300000 0.334167
vt 1.000000 0.334167
vt 0.300000 0.295000
vt 1.000000 0.295000
vt 1.000000 0.334167
vt 0.300000 0.334167
vt 1.000000 0.295000
vt 0.300000 0.295000
vt 0.300000 0.334167
vt 1.000000 0.334167
vt 0.300000 0.295000
vt 1.000000 0.295000
vt 1.000000 0.334167
vt 0.300000 0.334167
vt 1.000000 0.334167
vt 0.300000 0.334167
vt 0.300000 0.373333
vt 1.000000 0.373333
vt 0.300000 0.334167
vt 1.000000 0.334167
vt 1.000000 0.373333
vt 0.300000 0.373333
vt 1.000000 0.334167
vt 0.300000 0.334167
vt 0.300000 0.373333
vt 1.000000 0.373333
vt 0.300000 0.334167
vt 1.000000 0.334167
vt 1.000000 0.373333
vt 0.300000 0.373333
vt 1.000000 0.373333
vt 0.300000 0.373333
vt 0.300000 0.412500
vt 1.000000 0.412500
vt 0.300000 0.373333
vt 1.000000 0.373333
vt 1.000000 0.412500
vt 0.300000 0.412500
vt 1.000000 0.373333
vt 0.300000 0.373333
vt 0.300000 0.412500
vt 1.000000 0.412500
vt 0.300000 0.373333
vt 1.000000 0.373333
vt 1.000000 0.412500
vt 0.300000 0.412500
vt 1.000000 0.412500
vt 0.300000 0.412500
vt 0.300000 0.451667
vt 1.000000 0.451667
vt 0.300000 0.412500
vt 1.000000 0.412500
vt 1.000000 0.451667
vt 0.300000 0.451667
vt 1.000000 0.412500
vt 0.300000 0.412500
vt 0.300000 0.451667
vt 1.000000 0.451667
vt 0.300000 0.412500
vt 1.000000 0.412500
vt 1.000000 0.451667
vt 0.300000 0.451667
vt 1.000000 0.451667
vt 0.300000 0.451667
vt 0.300000 0.490833
vt 1.000000 0.490833
vt 0.300000 0.451667
vt 1.000000 0.451667
vt 1.000000 0.490833
vt 0.300000 0.490833
vt 1.000000 0.451667
vt 0.300000 0.451667
vt 0.300000 0.490833
vt 1.000000 0.490833
vt 0.300000 0.451667
vt 1.000000 0.451667
vt 1.000000 0.490833
vt 0.300000 0.490833
vt 1.000000 0.490833
vt 0.300000 0.490833
vt 0.300000 0.530000
vt 1.000000 0.530000
vt 0.300000 0.490833
vt 1.000000 0.490833
vt 1.000000 0.530000
vt 0.300000 0.530000
vt 1.000000 0.490833
vt 0.300000 0.490833
vt 0.300000 0.530000
vt 1.000000 0.530000
vt 0.300000 0.490833
vt 1.000000 0.490833
vt 1.000000 0.530000
vt 0.300000 0.530000
vt 1.000000 0.530000
vt 0.300000 0.530000
vt 0.300000 0.569167
vt 1.000000 0.569167
vt 0.300000 0.530000
vt 1.000000 0.530000
vt 1.000000 0.569167
vt 0.300000 0.569167
vt 1.000000 0.530000
vt 0.300000 0.530000
vt 0.300000 0.569167
vt 1.000000 0.569167
vt 0.300000 0.530000
vt 1.000000 0.530000
vt 1.000000 0.569167
vt 0.300000 0.569167
vt 1.000000 0.569167
vt 0.300000 0.569167
vt 0.300000 0.608333
vt 1.000000 0.608333
vt 0.300000 0.569167
vt 1.000000 0.569167
vt 1.000000 0.608333
vt 0.300000 0.608333
vt 1.000000 0.569167
vt 0.300000 0.569167
vt 0.300000 0.608333
vt 1.000000 0.608333
vt 0.300000 0.569167
vt 1.000000 0.569167
vt 1.000000 0.608333
vt 0.300000 0.608333
vt 1.000000 0.608333
vt 0.300000 0.608333
vt 0.300000 0.647500
vt 1.000000 0.647500
vt 0.300000 0.608333
vt 1.000000 0.608333
vt 1.000000 0.647500
vt 0.300000 0.647500
vt 1.000000 0.608333
vt 0.300000 0.608333
vt 0.300000 0.647500
vt 1.000000 0.647500
vt 0.300000 0.608333
vt 1.000000 0.608333
vt 1.000000 0.647500
vt 0.300000 0.647500
vt 1.000000 0.647500
vt 0.300000 0.647500
vt 0.300000 0.686667
vt 1.000000 0.686667
vt 0.300000 0.647500
vt 1.000000 0.647500
vt 1.000000 0.686667
vt 0.300000 0.686667
vt 1.000000 0.647500
vt 0.300000 0.647500
vt 0.300000 0.686667
vt 1.000000 0.686667
vt 0.300000 0.647500
vt 1.000000 0.647500
vt 1.000000 0.686667
vt 0.300000 0.686667
vt 1.000000 0.686667
vt 0.300000 0.686667
vt 0.300000 0.725833
vt 1.000000 0.725833
vt 0.300000 0.686667
vt 1.000000 0.686667
vt 1.000000 0.725833
vt 0.300000 0.725833
vt 1.000000 0.686667
vt 0.300000 0.686667
vt 0.300000 0.725833
vt 1.000000 0.725833
vt 0.300000 0.686667
vt 1.000000 0.686667
vt 1.000000 0.725833
vt 0.300000 0.725833
vt 1.000000 0.725833
vt 0.300000 0.725833
vt 0.300000 0.765000
vt 1.000000 0.765000
vt 0.300000 0.725833
vt 1.000000 0.725833
vt 1.000000 0.765000
vt 0.300000 0.765000
vt 1.000000 0.725833
vt 0.300000 0.725833
vt 0.300000 0.765000
vt 1.000000 0.765000
vt 0.300000 0.725833
vt 1.000000 0.725833
vt 1.000000 0.765000
vt 0.300000 0.765000
vt 1.000000 0.765000
vt 0.300000 0.765000
vt 0.300000 0.804167
vt 1.000000 0.804167
vt 0.300000 0.765000
vt 1.000000 0.765000
vt 1.000000 0.804167
vt 0.300000 0.804167
vt 1.000000 0.765000
vt 0.300000 0.765000
vt 0.300000 0.804167
vt 1.000000 0.804167
vt 0.300000 0.765000
vt 1.000000 0.765000
vt 1.000000 0.804167
vt 0.300000 0.804167
vt 1.000000 0.804167
vt 0.300000 0.804167
vt 0.300000 0.843333
vt 1.000000 0.843333
vt 0.300000 0.804167
vt 1.000000 0.804167
vt 1.000000 0.843333
vt 0.300000 0.843333
vt 1.000000 0.804167
vt 0.300000 0.804167
vt 0.300000 0.843333
vt 1.000000 0.843333
vt 0.300000 0.804167
vt 1.000000 0.804167
vt 1.000000 0.843333
vt 0.300000 0.843333
vt 1.000000 0.843333
vt 0.300000 0.843333
vt 0.300000 0.882500
vt 1.000000 0.882500
vt 0.300000 0.843333
vt 1.000000 0.843333
vt 1.000000 0.882500
vt 0.300000 0.882500
vt 1.000000 0.843333
vt 0.300000 0.843333
vt 0.300000 0.882500
vt 1.000000 0.882500
vt 0.300000 0.843333
vt 1.000000 0.843333
vt 1.000000 0.882500
vt 0.300000 0.882500
vt 1.000000 0.882500
vt 0.300000 0.882500
vt 0.300000 0.921667
vt 1.000000 0.921667
vt 0.300000 0.882500
vt 1.000000 0.882500
vt 1.000000 0.921667
vt 0.300000 0.921667
vt 1.000000 0.882500
vt 0.300000 0.882500
vt 0.300000 0.921667
vt 1.000000 0.921667
vt 0.300000 0.882500
vt 1.000000 0.882500
vt 1.000000 0.921667
vt 0.300000 0.921667
vt 1.000000 0.921667
vt 0.300000 0.921667
vt 0.300000 0.960833
vt 1.000000 0.960833
vt 0.300000 0.921667
vt 1.000000 0.921667
vt 1.000000 0.960833
vt 0.300000 0.960833
vt 1.000000 0.921667
vt 0.300000 0.921667
vt 0.300000 0.960833
vt 1.000000 0.960833
vt 0.300000 0.921667
vt 1.000000 0.921667
vt 1.000000 0.960833
vt 0.300000 0.960833
vt 0.650000 1.000000
vt 1.000000 1.000000
vt 0.300000 1.000000
vt 0.650000 1.000000
vt 0.300000 1.000000
vt 1.000000 1.000000
vt 0.650000 1.000000
vt 1.000000 1.000000
vt 0.300000 1.000000
vt 0.650000 1.000000
vt 0.300000 1.000000
vt 1.000000 1.000000
vn -1.000000 0.000000 0.000000
vn -0.923880 0.000000 0.382683
vn -0.923880 0.000000 0.382683
vn -1.000000 0.000000 0.000000
vn -0.923880 0.000000 0.382683
vn -0.707107 0.000000 0.707107
vn -0.707107 0.000000 0.707107
vn -0.923880 0.000000 0.382683
vn -0.707107 0.000000 0.707107
vn -0.382683 0.000000 0.923880
vn -0.382683 0.000000 0.923880
vn -0.707107 0.000000 0.707107
vn -0.382683 0.000000 0.923880
vn -0.000000 0.000000 1.000000
vn -0.000000 0.000000 1.000000
vn -0.382683 0.000000 0.923880
vn -0.000000 0.000000 1.000000
vn 0.382683 0.000000 0.923880
vn 0.382683 0.000000 0.923880
vn -0.000000 0.000000 1.000000
vn 0.382683 0.000000 0.923880
vn 0.707107 0.000000 0.707107
vn 0.707107 0.000000 0.707107
vn 0.382683 0.000000 0.923880
vn 0.707107 0.000000 0.707107
vn 0.923880 0.000000 0.382683
vn 0.923880 0.000000 0.382683
vn 0.707107 0.000000 0.707107
vn 0.923880 0.000000 0.382683
vn 1.000000 0.000000 0.000000
vn 1.000000 0.000000 0.000000
vn 0.923880 0.000000 0.382683
vn 1.000000 0.000000 0.000000
vn 0.923880 0.000000 -0.382683
vn 0.923880 0.000000 -0.382683
vn 1.000000 0.000000 0.000000
vn 0.923880 0.000000 -0.382683
vn 0.707107 0.000000 -0.707107
vn 0.707107 0.000000 -0.707107
vn 0.923880 0.000000 -0.382683
vn 0.707107 0.000000 -0.707107
vn 0.382683 0.000000 -0.923880
vn 0.382683 0.000000 -0.923880
vn 0.707107 0.000000 -0.707107
vn 0.382683 0.000000 -0.923880
vn 0.000000 0.000000 -1.000000
vn 0.000000 0.000000 -1.000000
vn 0.382683 0.000000 -0.923880
vn 0.000000 0.000000 -1.000000
vn -0.382683 0.000000 -0.923880
vn -0.382683 0.000000 -0.923880
vn 0.000000 0.000000 -1.000000
vn -0.382683 0.000000 -0.923880
vn -0.707107 0.000000 -0.707107
vn -0.707107 0.000000 -0.707107
vn -0.382683 0.000000 -0.923880
vn -0.707107 0.000000 -0.707107
vn -0.923880 0.000000 -0.382683
vn -0.923880 0.000000 -0.382683
vn -0.707107 0.000000 -0.707107
vn -0.923880 0.000000 -0.382683
vn -1.000000 0.000000 0.000000
vn -1.000000 0.000000 0.000000
vn -0.923880 0.000000 -0.382683
vn -1.000000 0.000000 0.000000
vn -0.923880 0.000000 0.382683
vn -0.923880 0.000000 0.382683
vn -1.000000 0.000000 0.000000
vn -0.923880 0.000000 0.382683
vn -0.707107 0.000000 0.707107
vn -0.707107 0.000000 0.707107
vn -0.923880 0.000000 0.382683
vn -0.707107 0.000000 0.707107
vn -0.382683 0.000000 0.923880
vn -0.382683 0.000000 0.923880
vn -0.707107 0.000000 0.707107
vn -0.382683 0.000000 0.923880
vn -0.000000 0.000000 1.000000
vn -0.000000 0.000000 1.000000
vn -0.382683 0.000000 0.923880
vn -0.000000 0.000000 1.000000
vn 0.382683 0.000000 0.923880
vn 0.382683 0.000000 0.923880
vn -0.000000 0.000000 1.000000
vn 0.382683 0.000000 0.923880
vn 0.707107 0.000000 0.707107
vn 0.707107 0.000000 0.707107
vn 0.382683 0.000000 0.923880
vn 0.707107 0.000000 0.707107
vn 0.923880 0.000000 0.382683
vn 0.923880 0.000000 0.382683
vn 0.707107 0.000000 0.707107
vn 0.923880 0.000000 0.382683
vn 1.000000 0.000000 0.000000
vn 1.000000 0.000000 0.000000
vn 0.923880 0.000000 0.382683
vn 1.000000 0.000000 0.000000
vn 0.923880 0.000000 -0.382683
vn 0.923880 0.000000 -0.382683
vn 1.000000 0.000000 0.000000
vn 0.923880 0.000000 -0.382683
vn 0.707107 0.000000 -0.707107
vn 0.707107 0.000000 -0.707107
vn 0.923880 0.000000 -0.382683
vn 0.707107 0.000000 -0.707107
vn 0.382683 0.000000 -0.923880
vn 0.382683 0.000000 -0.923880
vn 0.707107 0.000000 -0.707107
vn 0.382683 0.000000 -0.923880
vn 0.000000 0.000000 -1.000000
vn 0.000000 0.000000 -1.000000
vn 0.382683 0.000000 -0.923880
vn 0.000000 0.000000 -1.000000
vn -0.382683 0.000000 -0.923880
vn -0.382683 0.000000 -0.923880
vn 0.000000 0.000000 -1.000000
vn -0.382683 0.000000 -0.923880
vn -0.707107 0.000000 -0.707107
vn -0.707107 0.000000 -0.707107
vn -0.382683 0.000000 -0.923880
vn -0.707107 0.000000 -0.707107
vn -0.923880 0.000000 -0.382683
vn -0.923880 0.000000 -0.382683
vn -0.707107 0.000000 -0.707107
vn -0.923880 0.000000 -0.382683
vn -1.000000 0.000000 0.000000
vn -1.000000 0.000000 0.000000
vn -0.923880 0.000000 -0.382683
vn -1.000000 0.000000 0.000000
vn -0.923880 0.000000 0.382683
vn -0.923880 0.000000 0.382683
vn -1.000000 0.000000 0.000000
vn -0.923880 0.000000 0.382683
vn -0.707107 0.000000 0.707107
vn -0.707107 0.000000 0.707107
vn -0.923880 0.000000 0.382683
vn -0.707107 0.000000 0.707107
vn -0.382683 0.000000 0.923880
vn -0.382683 0.000000 0.923880
vn -0.707107 0.000000 0.707107
vn -0.382683 0.000000 0.923880
vn -0.000000 0.000000 1.000000
vn -0.000000 0.000000 1.000000
vn -0.382683 0.000000 0.923880
vn -0.000000 0.000000 1.000000
vn 0.382683 0.000000 0.923880
vn 0.382683 0.000000 0.923880
vn -0.000000 0.000000 1.000000
vn 0.382683 0.000000 0.923880
vn 0.707107 0.000000 0.707107
vn 0.707107 0.000000 0.707107
vn 0.382683 0.000000 0.923880
vn 0.707107 0.000000 0.707107
vn 0.923880 0.000000 0.382683
vn 0.923880 0.000000 0.382683
vn 0.707107 0.000000 0.707107
vn 0.923880 0.000000 0.382683
vn 1.000000 0.000000 0.000000
vn 1.000000 0.000000 0.000000
vn 0.923880 0.000000 0.382683
vn 1.000000 0.000000 0.000000
vn 0.923880 0.000000 -0.382683
vn 0.923880 0.000000 -0.382683
vn 1.000000 0.000000 0.000000
vn 0.923880 0.000000 -0.382683
vn 0.707107 0.000000 -0.707107
vn 0.707107 0.000000 -0.707107
vn 0.923880 0.000000 -0.382683
vn 0.707107 0.000000 -0.707107
vn 0.382683 0.000000 -0.923880
vn 0.382683 0.000000 -0.923880
vn 0.707107 0.000000 -0.707107
vn 0.382683 0.000000 -0.923880
vn 0.000000 0.000000 -1.000000
vn 0.000000 0.000000 -1.000000
vn 0.382683 0.000000 -0.923880
vn 0.000000 0.000000 -1.000000
vn -0.382683 0.000000 -0.923880
vn -0.382683 0.000000 -0.923880
vn 0.000000 0.000000 -1.000000
vn -0.382683 0.000000 -0.923880
vn -0.707107 0.000000 -0.707107
vn -0.707107 0.000000 -0.707107
vn -0.382683 0.000000 -0.923880
vn -0.707107 0.000000 -0.707107
vn -0.923880 0.000000 -0.382683
vn -0.923880 0.000000 -0.382683
vn -0.707107 0.000000 -0.707107
vn -0.923880 0.000000 -0.382683
vn -1.000000 0.000000 0.000000
vn -1.000000 0.000000 0.000000
vn -0.923880 0.000000 -0.382683
vn -1.000000 0.000000 0.000000
vn -0.923880 0.000000 0.382683
vn -0.923880 0.000000 0.382683
vn -1.000000 0.000000 0.000000
vn -0.923880 0.000000 0.382683
vn -0.707107 0.000000 0.707107
vn -0.707107 0.000000 0.707107
vn -0.923880 0.000000 0.382683
vn -0.707107 0.000000 0.707107
vn -0.382683 0.000000 0.923880
vn -0.382683 0.000000 0.923880
vn -0.707107 0.000000 0.707107
vn -0.382683 0.000000 0.923880
vn -0.000000 0.000000 1.000000
vn -0.000000 0.000000 1.000000
vn -0.382683 0.000000 0.923880
vn -0.000000 0.000000 1.000000
vn 0.382683 0.000000 0.923880
vn 0.382683 0.000000 0.923880
vn -0.000000 0.000000 1.000000
vn 0.382683 0.000000 0.923880
vn 0.707107 0.000000 0.707107
vn 0.707107 0.000000 0.707107
vn 0.382683 0.000000 0.923880
vn 0.707107 0.000000 0.707107
vn 0.923880 0.000000 0.382683
vn 0.923880 0.000000 0.382683
vn 0.707107 0.000000 0.707107
vn 0.923880 0.000000 0.382683
vn 1.000000 0.000000 0.000000
vn 1.000000 0.000000 0.000000
vn 0.923880 0.000000 0.382683
vn 1.000000 0.000000 0.000000
vn 0.923880 0.000000 -0.382683
vn 0.923880 0.000000 -0.382683
vn 1.000000 0.000000 0.000000
vn 0.923880 0.000000 -0.382683
vn 0.707107 0.000000 -0.707107
vn 0.707107 0.000000 -0.707107
vn 0.923880 0.000000 -0.382683
vn 0.707107 0.000000 -0.707107
vn 0.382683 0.000000 -0.923880
vn 0.382683 0.000000 -0.923880
vn 0.707107 0.000000 -0.707107
vn 0.382683 0.000000 -0.923880
vn 0.000000 0.000000 -1.000000
vn 0.000000 0.000000 -1.000000
vn 0.382683 0.000000 -0.923880
vn 0.000000 0.000000 -1.000000
vn -0.382683 0.000000 -0.923880
vn -0.382683 0.000000 -0.923880
vn 0.000000 0.000000 -1.000000
vn -0.382683 0.000000 -0.923880
vn -0.707107 0.000000 -0.707107
vn -0.707107 0.000000 -0.707107
vn -0.382683 0.000000 -0.923880
vn -0.707107 0.000000 -0.707107
vn -0.923880 0.000000 -0.382683
vn -0.923880 0.000000 -0.382683
vn -0.707107 0.000000 -0.707107
vn -0.923880 0.000000 -0.382683
vn -1.000000 0.000000 0.000000
vn -1.000000 0.000000 0.000000
vn -0.923880 0.000000 -0.382683
vn -1.000000 0.000000 0.000000
vn -0.923880 0.000000 0.382683
vn -0.923880 0.000000 0.382683
vn -1.000000 0.000000 0.000000
vn -0.923880 0.000000 0.382683
vn -0.707107 0.000000 0.707107
vn -0.707107 0.000000 0.707107
vn -0.923880 0.000000 0.382683
vn -0.707107 0.000000 0.707107
vn -0.382683 0.000000 0.923880
vn -0.382683 0.000000 0.923880
vn -0.707107 0.000000 0.707107
vn -0.382683 0.000000 0.923880
vn -0.000000 0.000000 1.000000
vn -0.000000 0.000000 1.000000
vn -0.382683 0.000000 0.923880
vn -0.000000 0.000000 1.000000
vn 0.382683 0.000000 0.923880
vn 0.382683 0.000000 0.923880
vn -0.000000 0.000000 1.000000
vn 0.382683 0.000000 0.923880
vn 0.707107 0.000000 0.707107
vn 0.707107 0.000000 0.707107
vn 0.382683 0.000000 0.923880
vn 0.707107 0.000000 0.707107
vn 0.923880 0.000000 0.382683
vn 0.923880 0.000000 0.382683
vn 0.707107 0.000000 0.707107
vn 0.923880 0.000000 0.382683
vn 1.000000 0.000000 0.000000
vn 1.000000 0.000000 0.000000
vn 0.923880 0.000000 0.382683
vn 1.000000 0.000000 0.000000
vn 0.923880 0.000000 -0.382683
vn 0.923880 0.000000 -0.382683
vn 1.000000 0.000000 0.000000
vn 0.923880 0.000000 -0.382683
vn 0.707107 0.000000 -0.707107
vn 0.707107 0.000000 -0.707107
vn 0.923880 0.000000 -0.382683
vn 0.707107 0.000000 -0.707107
vn 0.382683 0.000000 -0.923880
vn 0.382683 0.000000 -0.923880
vn 0.707107 0.000000 -0.707107
vn 0.382683 0.000000 -0.923880
vn 0.000000 0.000000 -1.000000
vn 0.000000 0.000000 -1.000000
vn 0.382683 0.000000 -0.923880
vn 0.000000 0.000000 -1.000000
vn -0.382683 0.000000 -0.923880
vn -0.382683 0.000000 -0.923880
vn 0.000000 0.000000 -1.000000
vn -0.382683 0.000000 -0.923880
vn -0.707107 0.000000 -0.707107
vn -0.707107 0.000000 -0.707107
vn -0.382683 0.000000 -0.923880
vn -0.707107 0.000000 -0.707107
vn -0.923880 0.000000 -0.382683
vn -0.923880 0.000000 -0.382683
vn -0.707107 0.000000 -0.707107
vn -0.923880 0.000000 -0.382683
vn -1.000000 0.000000 0.000000
vn -1.000000 0.000000 0.000000
vn -0.923880 0.000000 -0.382683
vn -1.000000 0.000000 0.000000
vn -0.923880 0.000000 0.382683
vn -0.923880 0.000000 0.382683
vn -1.000000 0.000000 0.000000
vn -0.923880 0.000000 0.382683
vn -0.707107 0.000000 0.707107
vn -0.707107 0.000000 0.707107
vn -0.923880 0.000000 0.382683
vn -0.707107 0.000000 0.707107
vn -0.382683 0.000000 0.923880
vn -0.382683 0.000000 0.923880
vn -0.707107 0.000000 0.707107
vn -0.382683 0.000000 0.923880
vn -0.000000 0.000000 1.000000
vn -0.000000 0.000000 1.000000
vn -0.382683 0.000000 0.923880
vn -0.000000 0.000000 1.000000
vn 0.382683 0.000000 0.923880
vn 0.382683 0.000000 0.923880
vn -0.000000 0.000000 1.000000
vn 0.382683 0.000000 0.923880
vn 0.707107 0.000000 0.707107
vn 0.707107 0.000000 0.707107
vn 0.382683 0.000000 0.923880
vn 0.707107 0.000000 0.707107
vn 0.923880 0.000000 0.382683
vn 0.923880 0.000000 0.382683
vn 0.707107 0.000000 0.707107
vn 0.923880 0.000000 0.382683
vn 1.000000 0.000000 0.000000
vn 1.000000 0.000000 0.000000
vn 0.923880 0.000000 0.382683
vn 1.000000 0.000000 0.000000
vn 0.923880 0.000000 -0.382683
vn 0.923880 0.000000 -0.382683
vn 1.000000 0.000000 0.000000
vn 0.923880 0.000000 -0.382683
vn 0.707107 0.000000 -0.707107
vn 0.707107 0.000000 -0.707107
vn 0.923880 0.000000 -0.382683
vn 0.707107 0.000000 -0.707107
vn 0.382683 0.000000 -0.923880
vn 0.382683 0.000000 -0.923880
vn 0.707107 0.000000 -0.707107
vn 0.382683 0.000000 -0.923880
vn 0.000000 0.000000 -1.000000
vn 0.000000 0.000000 -1.000000
vn 0.382683 0.000000 -0.923880
vn 0.000000 0.000000 -1.000000
vn -0.382683 0.000000 -0.923880
vn -0.382683 0.000000 -0.923880
vn 0.000000 0.000000 -1.000000
vn -0.382683 0.000000 -0.923880
vn -0.707107 0.000000 -0.707107
vn -0.707107 0.000000 -0.707107
vn -0.382683 0.000000 -0.923880
vn -0.707107 0.000000 -0.707107
vn -0.923880 0.000000 -0.382683
vn -0.923880 0.000000 -0.382683
vn -0.707107 0.000000 -0.707107
vn -0.923880 0.000000 -0.382683
vn -1.000000 0.000000 0.000000
vn -1.000000 0.000000 0.000000
vn -0.923880 0.000000 -0.382683
vn -1.000000 0.000000 0.000000
vn -0.923880 0.000000 0.382683
vn -0.923880 0.000000 0.382683
vn -1.000000 0.000000 0.000000
vn -0.923880 0.000000 0.382683
vn -0.707107 0.000000 0.707107
vn -0.707107 0.000000 0.707107
vn -0.923880 0.000000 0.382683
vn -0.707107 0.000000 0.707107
vn -0.382683 0.000000 0.923880
vn -0.382683 0.000000 0.923880
vn -0.707107 0.000000 0.707107
vn -0.382683 0.000000 0.923880
vn -0.000000 0.000000 1.000000
vn -0.000000 0.000000 1.000000
vn -0.382683 0.000000 0.923880
vn -0.000000 0.000000 1.000000
vn 0.382683 0.000000 0.923880
vn 0.382683 0.000000 0.923880
vn -0.000000 0.000000 1.000000
vn 0.382683 0.000000 0.923880
vn 0.707107 0.000000 0.707107
vn 0.707107 0.000000 0.707107
vn 0.382683 0.000000 0.923880
vn 0.707107 0.000000 0.707107
vn 0.923880 0.000000 0.382683
vn 0.923880 0.000000 0.382683
vn 0.707107 0.000000 0.707107
vn 0.923880 0.000000 0.382683
vn 1.000000 0.000000 0.000000
vn 1.000000 0.000000 0.000000
vn 0.923880 0.000000 0.382683
vn 1.000000 0.000000 0.000000
vn 0.923880 0.000000 -0.382683
vn 0.923880 0.000000 -0.382683
vn 1.000000 0.000000 0.000000
vn 0.923880 0.000000 -0.382683
vn 0.707107 0.000000 -0.707107
vn 0.707107 0.000000 -0.707107
vn 0.923880 0.000000 -0.382683
vn 0.707107 0.000000 -0.707107
vn 0.382683 0.000000 -0.923880
vn 0.382683 0.000000 -0.923880
vn 0.707107 0.000000 -0.707107
vn 0.382683 0.000000 -0.923880
vn 0.000000 0.000000 -1.000000
vn 0.000000 0.000000 -1.000000
vn 0.382683 0.000000 -0.923880
vn 0.000000 0.000000 -1.000000
vn -0.382683 0.000000 -0.923880
vn -0.382683 0.000000 -0.923880
vn 0.000000 0.000000 -1.000000
vn -0.382683 0.000000 -0.923880
vn -0.707107 0.000000 -0.707107
vn -0.707107 0.000000 -0.707107
vn -0.382683 0.000000 -0.923880
vn -0.707107 0.000000 -0.707107
vn -0.923880 0.000000 -0.382683
vn -0.923880 0.000000 -0.382683
vn -0.707107 0.000000 -0.707107
vn -0.923880 0.000000 -0.382683
vn -1.000000 0.000000 0.000000
vn -1.000000 0.000000 0.000000
vn -0.923880 0.000000 -0.382683
vn -1.000000 0.000000 0.000000
vn -0.923880 0.000000 0.382683
vn -0.923880 0.000000 0.382683
vn -1.000000 0.000000 0.000000
vn -0.923880 0.000000 0.382683
vn -0.707107 0.000000 0.707107
vn -0.707107 0.000000 0.707107
vn -0.923880 0.000000 0.382683
vn -0.707107 0.000000 0.707107
vn -0.382683 0.000000 0.923880
vn -0.382683 0.000000 0.923880
vn -0.707107 0.000000 0.707107
vn -0.382683 0.000000 0.923880
vn -0.000000 0.000000 1.000000
vn -0.000000 0.000000 1.000000
vn -0.382683 0.000000 0.923880
vn -0.000000 0.000000 1.000000
vn 0.382683 0.000000 0.923880
vn 0.382683 0.000000 0.923880
vn -0.000000 0.000000 1.000000
vn 0.382683 0.000000 0.923880
vn 0.707107 0.000000 0.707107
vn 0.707107 0.000000 0.707107
vn 0.382683 0.000000 0.923880
vn 0.707107 0.000000 0.707107
vn 0.923880 0.000000 0.382683
vn 0.923880 0.000000 0.382683
vn 0.707107 0.000000 0.707107
vn 0.923880 0.000000 0.382683
vn 1.000000 0.000000 0.000000
vn 1.000000 0.000000 0.000000
vn 0.923880 0.000000 0.382683
vn 1.000000 0.000000 0.000000
vn 0.923880 0.000000 -0.382683
vn 0.923880 0.000000 -0.382683
vn 1.000000 0.000000 0.000000
vn 0.923880 0.000000 -0.382683
vn 0.707107 0.000000 -0.707107
vn 0.707107 0.000000 -0.707107
vn 0.923880 0.000000 -0.382683
vn 0.707107 0.000000 -0.707107
vn 0.382683 0.000000 -0.923880
vn 0.382683 0.000000 -0.923880
vn 0.707107 0.000000 -0.707107
vn 0.382683 0.000000 -0.923880
vn 0.000000 0.000000 -1.000000
vn 0.000000 0.000000 -1.000000
vn 0.382683 0.000000 -0.923880
vn 0.000000 0.000000 -1.000000
vn -0.382683 0.000000 -0.923880
vn -0.382683 0.000000 -0.923880
vn 0.000000 0.000000 -1.000000
vn -0.382683 0.000000 -0.923880
vn -0.707107 0.000000 -0.707107
vn -0.707107 0.000000 -0.707107
vn -0.382683 0.000000 -0.923880
vn -0.707107 0.000000 -0.707107
vn -0.923880 0.000000 -0.382683
vn -0.923880 0.000000 -0.382683
vn -0.707107 0.000000 -0.707107
vn -0.923880 0.000000 -0.382683
vn -1.000000 0.000000 0.000000
vn -1.000000 0.000000 0.000000
vn -0.923880 0.000000 -0.382683
vn -1.000000 0.000000 0.000000
vn -0.923880 0.000000 0.382683
vn -0.923880 0.000000 0.382683
vn -1.000000 0.000000 0.000000
vn -0.923880 0.000000 0.382683
vn -0.707107 0.000000 0.707107
vn -0.707107 0.000000 0.707107
vn -0.923880 0.000000 0.382683
vn -0.707107 0.000000 0.707107
vn -0.382683 0.000000 0.923880
vn -0.382683 0.000000 0.923880
vn -0.707107 0.000000 0.707107
vn -0.382683 0.000000 0.923880
vn -0.000000 0.000000 1.000000
vn -0.000000 0.000000 1.000000
vn -0.382683 0.000000 0.923880
vn -0.000000 0.000000 1.000000
vn 0.382683 0.000000 0.923880
vn 0.382683 0.000000 0.923880
vn -0.000000 0.000000 1.000000
vn 0.382683 0.000000 0.923880
vn 0.707107 0.000000 0.707107
vn 0.707107 0.000000 0.707107
vn 0.382683 0.000000 0.923880
vn 0.707107 0.000000 0.707107
vn 0.923880 0.000000 0.382683
vn 0.923880 0.000000 0.382683
vn 0.707107 0.000000 0.707107
vn 0.923880 0.000000 0.382683
vn 1.000000 0.000000 0.000000
vn 1.000000 0.000000 0.000000
vn 0.923880 0.000000 0.382683
vn 1.000000 0.000000 0.000000
vn 0.923880 0.000000 -0.382683
vn 0.923880 0.000000 -0.382683
vn 1.000000 0.000000 0.000000
vn 0.923880 0.000000 -0.382683
vn 0.707107 0.000000 -0.707107
vn 0.707107 0.000000 -0.707107
vn 0.923880 0.000000 -0.382683
vn 0.707107 0.000000 -0.707107
vn 0.382683 0.000000 -0.923880
vn 0.382683 0.000000 -0.923880
vn 0.707107 0.000000 -0.707107
vn 0.382683 0.000000 -0.923880
vn 0.000000 0.000000 -1.000000
vn 0.000000 0.000000 -1.000000
vn 0.382683 0.000000 -0.923880
vn 0.000000 0.000000 -1.000000
vn -0.382683 0.000000 -0.923880
vn -0.382683 0.000000 -0.923880
vn 0.000000 0.000000 -1.000000
vn -0.382683 0.000000 -0.923880
vn -0.707107 0.000000 -0.707107
vn -0.707107 0.000000 -0.707107
vn -0.382683 0.000000 -0.923880
vn -0.707107 0.000000 -0.707107
vn -0.923880 0.000000 -0.382683
vn -0.923880 0.000000 -0.382683
vn -0.707107 0.000000 -0.707107
vn -0.923880 0.000000 -0.382683
vn -1.000000 0.000000 0.000000
vn -1.000000 0.000000 0.000000
vn -0.923880 0.000000 -0.382683
vn -1.000000 0.000000 0.000000
vn -0.923880 0.000000 0.382683
vn -0.923880 0.000000 0.382683
vn -1.000000 0.000000 0.000000
vn -0.923880 0.000000 0.382683
vn -0.707107 0.000000 0.707107
vn -0.707107 0.000000 0.707107
vn -0.923880 0.000000 0.382683
vn -0.707107 0.000000 0.707107
vn -0.382683 0.000000 0.923880
vn -0.382683 0.000000 0.923880
vn -0.707107 0.000000 0.707107
vn -0.382683 0.000000 0.923880
vn -0.000000 0.000000 1.000000
vn -0.000000 0.000000 1.000000
vn -0.382683 0.000000 0.923880
vn -0.000000 0.000000 1.000000
vn 0.382683 0.000000 0.923880
vn 0.382683 0.000000 0.923880
vn -0.000000 0.000000 1.000000
vn 0.382683 0.000000 0.923880
vn 0.707107 0.000000 0.707107
vn 0.707107 0.000000 0.707107
vn 0.382683 0.000000 0.923880
vn 0.707107 0.000000 0.707107
vn 0.923880 0.000000 0.382683
vn 0.923880 0.000000 0.382683
vn 0.707107 0.000000 0.707107
vn 0.923880 0.000000 0.382683
vn 1.000000 0.000000 0.000000
vn 1.000000 0.000000 0.000000
vn 0.923880 0.000000 0.382683
vn 1.000000 0.000000 0.000000
vn 0.923880 0.000000 -0.382683
vn 0.923880 0.000000 -0.382683
vn 1.000000 0.000000 0.000000
vn 0.923880 0.000000 -0.382683
vn 0.707107 0.000000 -0.707107
vn 0.707107 0.000000 -0.707107
vn 0.923880 0.000000 -0.382683
vn 0.707107 0.000000 -0.707107
vn 0.382683 0.000000 -0.923880
vn 0.382683 0.000000 -0.923880
vn 0.707107 0.000000 -0.707107
vn 0.382683 0.000000 -0.923880
vn 0.000000 0.000000 -1.000000
vn 0.000000 0.000000 -1.000000
vn 0.382683 0.000000 -0.923880
vn 0.000000 0.000000 -1.000000
vn -0.382683 0.000000 -0.923880
vn -0.382683 0.000000 -0.923880
vn 0.000000 0.000000 -1.000000
vn -0.382683 0.000000 -0.923880
vn -0.707107 0.000000 -0.707107
vn -0.707107 0.000000 -0.707107
vn -0.382683 0.000000 -0.923880
vn -0.707107 0.000000 -0.707107
vn -0.923880 0.000000 -0.382683
vn -0.923880 0.000000 -0.382683
vn -0.707107 0.000000 -0.707107
vn -0.923880 0.000000 -0.382683
vn -1.000000 0.000000 0.000000
vn -1.000000 0.000000 0.000000
vn -0.923880 0.000000 -0.382683
vn -1.000000 0.000000 0.000000
vn -0.923880 0.000000 0.382683
vn -0.923880 0.000000 0.382683
vn -1.000000 0.000000 0.000000
vn -0.923880 0.000000 0.382683
vn -0.707107 0.000000 0.707107
vn -0.707107 0.000000 0.707107
vn -0.923880 0.000000 0.382683
vn -0.707107 0.000000 0.707107
vn -0.382683 0.000000 0.923880
vn -0.382683 0.000000 0.923880
vn -0.707107 0.000000 0.707107
vn -0.382683 0.000000 0.923880
vn -0.000000 0.000000 1.000000
vn -0.000000 0.000000 1.000000
vn -0.382683 0.000000 0.923880
vn -0.000000 0.000000 1.000000
vn 0.382683 0.000000 0.923880
vn 0.382683 0.000000 0.923880
vn -0.000000 0.000000 1.000000
vn 0.382683 0.000000 0.923880
vn 0.707107 0.000000 0.707107
vn 0.707107 0.000000 0.707107
vn 0.382683 0.000000 0.923880
vn 0.707107 0.000000 0.707107
vn 0.923880 0.000000 0.382683
vn 0.923880 0.000000 0.382683
vn 0.707107 0.000000 0.707107
vn 0.923880 0.000000 0.382683
vn 1.000000 0.000000 0.000000
vn 1.000000 0.000000 0.000000
vn 0.923880 0.000000 0.382683
vn 1.000000 0.000000 0.000000
vn 0.923880 0.000000 -0.382683
vn 0.923880 0.000000 -0.382683
vn 1.000000 0.000000 0.000000
vn 0.923880 0.000000 -0.382683
vn 0.707107 0.000000 -0.707107
vn 0.707107 0.000000 -0.707107
vn 0.923880 0.000000 -0.382683
vn 0.707107 0.000000 -0.707107
vn 0.382683 0.000000 -0.923880
vn 0.382683 0.000000 -0.923880
vn 0.707107 0.000000 -0.707107
vn 0.382683 0.000000 -0.923880
vn 0.000000 0.000000 -1.000000
vn 0.000000 0.000000 -1.000000
vn 0.382683 0.000000 -0.923880
vn 0.000000 0.000000 -1.000000
vn -0.382683 0.000000 -0.923880
vn -0.382683 0.000000 -0.923880
vn 0.000000 0.000000 -1.000000
vn -0.382683 0.000000 -0.923880
vn -0.707107 0.000000 -0.707107
vn -0.707107 0.000000 -0.707107
vn -0.382683 0.000000 -0.923880
vn -0.707107 0.000000 -0.707107
vn -0.923880 0.000000 -0.382683
vn -0.923880 0.000000 -0.382683
vn -0.707107 0.000000 -0.707107
vn -0.923880 0.000000 -0.382683
vn -1.000000 0.000000 0.000000
vn -1.000000 0.000000 0.000000
vn -0.923880 0.000000 -0.382683
vn -0.734099 -0.679042 -0.000000
vn -0.678219 -0.679042 0.280928
vn -0.859690 -0.366237 0.356095
vn -0.930522 -0.366237 -0.000000
vn -0.678219 -0.679042 0.280928
vn -0.519087 -0.679042 0.519087
vn -0.657978 -0.366237 0.657978
vn -0.859690 -0.366237 0.356095
vn -0.519087 -0.679042 0.519087
vn -0.280928 -0.679042 0.678219
vn -0.356095 -0.366237 0.859690
vn -0.657978 -0.366237 0.657978
vn -0.280928 -0.679042 0.678219
vn -0.000000 -0.679042 0.734099
vn -0.000000 -0.366237 0.930522
vn -0.356095 -0.366237 0.859690
vn -0.000000 -0.679042 0.734099
vn 0.280928 -0.679042 0.678219
vn 0.356095 -0.366237 0.859690
vn -0.000000 -0.366237 0.930522
vn 0.280928 -0.679042 0.678219
vn 0.519087 -0.679042 0.519087
vn 0.657978 -0.366237 0.657978
vn 0.356095 -0.366237 0.859690
vn 0.519087 -0.679042 0.519087
vn 0.678219 -0.679042 0.280928
vn 0.859690 -0.366237 0.356095
vn 0.657978 -0.366237 0.657978
vn 0.678219 -0.679042 0.280928
vn 0.734099 -0.679042 0.000000
vn 0.930522 -0.366237 0.000000
vn 0.859690 -0.366237 0.356095
vn 0.734099 -0.679042 0.000000
vn 0.678219 -0.679042 -0.280928
vn 0.859690 -0.366237 -0.356095
vn 0.930522 -0.366237 0.000000
vn 0.678219 -0.679042 -0.280928
vn 0.519087 -0.679042 -0.519087
vn 0.657978 -0.366237 -0.657978
vn 0.859690 -0.366237 -0.356095
vn 0.519087 -0.679042 -0.519087
vn 0.280928 -0.679042 -0.678219
vn 0.356095 -0.366237 -0.859690
vn 0.657978 -0.366237 -0.657978
vn 0.280928 -0.679042 -0.678219
vn 0.000000 -0.679042 -0.734099
vn 0.000000 -0.366237 -0.930522
vn 0.356095 -0.366237 -0.859690
vn 0.000000 -0.679042 -0.734099
vn -0.280928 -0.679042 -0.678219
vn -0.356095 -0.366237 -0.859690
vn 0.000000 -0.366237 -0.930522
vn -0.280928 -0.679042 -0.678219
vn -0.519087 -0.679042 -0.519087
vn -0.657978 -0.366237 -0.657978
vn -0.356095 -0.366237 -0.859690
vn -0.519087 -0.679042 -0.519087
vn -0.678219 -0.679042 -0.280928
vn -0.859690 -0.366237 -0.356095
vn -0.657978 -0.366237 -0.657978
vn -0.678219 -0.679042 -0.280928
vn -0.734099 -0.679042 -0.000000
vn -0.930522 -0.366237 -0.000000
vn -0.859690 -0.366237 -0.356095
vn -0.930522 -0.366237 -0.000000
vn -0.859690 -0.366237 0.356095
vn -0.923880 0.000000 0.382683
vn -1.000000 0.000000 -0.000000
vn -0.859690 -0.366237 0.356095
vn -0.657978 -0.366237 0.657978
vn -0.707107 0.000000 0.707107
vn -0.923880 0.000000 0.382683
vn -0.657978 -0.366237 0.657978
vn -0.356095 -0.366237 0.859690
vn -0.382683 0.000000 0.923880
vn -0.707107 0.000000 0.707107
vn -0.356095 -0.366237 0.859690
vn -0.000000 -0.366237 0.930522
vn -0.000000 0.000000 1.000000
vn -0.382683 0.000000 0.923880
vn -0.000000 -0.366237 0.930522
vn 0.356095 -0.366237 0.859690
vn 0.382683 0.000000 0.923880
vn -0.000000 0.000000 1.000000
vn 0.356095 -0.366237 0.859690
vn 0.657978 -0.366237 0.657978
vn 0.707107 0.000000 0.707107
vn 0.382683 0.000000 0.923880
vn 0.657978 -0.366237 0.657978
vn 0.859690 -0.366237 0.356095
vn 0.923880 0.000000 0.382683
vn 0.707107 0.000000 0.707107
vn 0.859690 -0.366237 0.356095
vn 0.930522 -0.366237 0.000000
vn 1.000000 0.000000 0.000000
vn 0.923880 0.000000 0.382683
vn 0.930522 -0.366237 0.000000
vn 0.859690 -0.366237 -0.356095
vn 0.923880 0.000000 -0.382683
vn 1.000000 0.000000 0.000000
vn 0.859690 -0.366237 -0.356095
vn 0.657978 -0.366237 -0.657978
vn 0.707107 0.000000 -0.707107
vn 0.923880 0.000000 -0.382683
vn 0.657978 -0.366237 -0.657978
vn 0.356095 -0.366237 -0.859690
vn 0.382683 0.000000 -0.923880
vn 0.707107 0.000000 -0.707107
vn 0.356095 -0.366237 -0.859690
vn 0.000000 -0.366237 -0.930522
vn 0.000000 0.000000 -1.000000
vn 0.382683 0.000000 -0.923880
vn 0.000000 -0.366237 -0.930522
vn -0.356095 -0.366237 -0.859690
vn -0.382683 0.000000 -0.923880
vn 0.000000 0.000000 -1.000000
vn -0.356095 -0.366237 -0.859690
vn -0.657978 -0.366237 -0.657978
vn -0.707107 0.000000 -0.707107
vn -0.382683 0.000000 -0.923880
vn -0.657978 -0.366237 -0.657978
vn -0.859690 -0.366237 -0.356095
vn -0.923880 0.000000 -0.382683
vn -0.707107 0.000000 -0.707107
vn -0.859690 -0.366237 -0.356095
vn -0.930522 -0.366237 -0.000000
vn -1.000000 0.000000 -0.000000
vn -0.923880 0.000000 -0.382683
vn -0.000000 -1.000000 0.000000
vn -0.000000 -1.000000 0.000000
vn -0.000000 -1.000000 0.000000
vn -0.000000 -1.000000 0.000000
vn -0.000000 -1.000000 0.000000
vn -0.000000 -1.000000 0.000000
vn -0.000000 -1.000000 0.000000
vn -0.000000 -1.000000 0.000000
vn -0.000000 -1.000000 0.000000
vn -0.000000 -1.000000 0.000000
vn -0.000000 -1.000000 0.000000
vn -0.000000 -1.000000 0.000000
vn -0.000000 -1.000000 0.000000
vn -0.000000 -1.000000 0.000000
vn -0.000000 -1.000000 0.000000
vn -0.000000 -1.000000 0.000000
vn -0.000000 -1.000000 0.000000
vn -0.000000 -1.000000 0.000000
vn -0.000000 -1.000000 0.000000
vn -0.000000 -1.000000 0.000000
vn -0.000000 -1.000000 0.000000
vn -0.000000 -1.000000 0.000000
vn -0.000000 -1.000000 0.000000
vn -0.000000 -1.000000 0.000000
vn -0.000000 -1.000000 0.000000
vn -0.000000 -1.000000 0.000000
vn -0.000000 -1.000000 0.000000
vn -0.000000 -1.000000 0.000000
vn -0.000000 -1.000000 0.000000
vn -0.000000 -1.000000 0.000000
vn -0.000000 -1.000000 0.000000
vn -0.000000 -1.000000 0.000000
vn -0.000000 -1.000000 0.000000
vn -0.000000 -1.000000 0.000000
vn -0.000000 -1.000000 0.000000
vn -0.000000 -1.000000 0.000000
vn -0.000000 -1.000000 0.000000
vn -0.000000 -1.000000 0.000000
vn -0.000000 -1.000000 0.000000
vn -0.000000 -1.000000 0.000000
vn -0.000000 -1.000000 0.000000
vn -0.000000 -1.000000 0.000000
vn -0.000000 -1.000000 0.000000
vn -0.000000 -1.000000 0.000000
vn -0.000000 -1.000000 0.000000
vn -0.000000 -1.000000 0.000000
vn -0.000000 -1.000000 0.000000
vn -0.000000 -1.000000 0.000000
vn -0.999688 -0.024992 -0.000000
vn -0.923591 -0.024992 0.382564
vn -0.913946 0.146245 0.378569
vn -0.989248 0.146245 -0.000000
vn -0.923591 -0.024992 0.382564
vn -0.706886 -0.024992 0.706886
vn -0.699504 0.146245 0.699504
vn -0.913946 0.146245 0.378569
vn -0.706886 -0.024992 0.706886
vn -0.382564 -0.024992 0.923591
vn -0.378569 0.146245 0.913946
vn -0.699504 0.146245 0.699504
vn -0.382564 -0.024992 0.923591
vn -0.000000 -0.024992 0.999688
vn -0.000000 0.146245 0.989248
vn -0.378569 0.146245 0.913946
vn -0.000000 -0.024992 0.999688
vn 0.382564 -0.024992 0.923591
vn 0.378569 0.146245 0.913946
vn -0.000000 0.146245 0.989248
vn 0.382564 -0.024992 0.923591
vn 0.706886 -0.024992 0.706886
vn 0.699504 0.146245 0.699504
vn 0.378569 0.146245 0.913946
vn 0.706886 -0.024992 0.706886
vn 0.923591 -0.024992 0.382564
vn 0.913946 0.146245 0.378569
vn 0.699504 0.146245 0.699504
vn 0.923591 -0.024992 0.382564
vn 0.999688 -0.024992 0.000000
vn 0.989248 0.146245 0.000000
vn 0.913946 0.146245 0.378569
vn 0.999688 -0.024992 0.000000
vn 0.923591 -0.024992 -0.382564
vn 0.913946 0.146245 -0.378569
vn 0.989248 0.146245 0.000000
vn 0.923591 -0.024992 -0.382564
vn 0.706886 -0.024992 -0.706886
vn 0.699504 0.146245 -0.699504
vn 0.913946 0.146245 -0.378569
vn 0.706886 -0.024992 -0.706886
vn 0.382564 -0.024992 -0.923591
vn 0.378569 0.146245 -0.913946
vn 0.699504 0.146245 -0.699504
vn 0.382564 -0.024992 -0.923591
vn 0.000000 -0.024992 -0.999688
vn 0.000000 0.146245 -0.989248
vn 0.378569 0.146245 -0.913946
vn 0.000000 -0.024992 -0.999688
vn -0.382564 -0.024992 -0.923591
vn -0.378569 0.146245 -0.913946
vn 0.000000 0.146245 -0.989248
vn -0.382564 -0.024992 -0.923591
vn -0.706886 -0.024992 -0.706886
vn -0.699504 0.146245 -0.699504
vn -0.378569 0.146245 -0.913946
vn -0.706886 -0.024992 -0.706886
vn -0.923591 -0.024992 -0.382564
vn -0.913946 0.146245 -0.378569
vn -0.699504 0.146245 -0.699504
vn -0.923591 -0.024992 -0.382564
vn -0.999688 -0.024992 -0.000000
vn -0.989248 0.146245 -0.000000
vn -0.913946 0.146245 -0.378569
vn -0.989248 0.146245 -0.000000
vn -0.913946 0.146245 0.378569
vn -0.876984 0.314551 0.363259
vn -0.949241 0.314551 -0.000000
vn -0.913946 0.146245 0.378569
vn -0.699504 0.146245 0.699504
vn -0.671214 0.314551 0.671214
vn -0.876984 0.314551 0.363259
vn -0.699504 0.146245 0.699504
vn -0.378569 0.146245 0.913946
vn -0.363259 0.314551 0.876984
vn -0.671214 0.314551 0.671214
vn -0.378569 0.146245 0.913946
vn -0.000000 0.146245 0.989248
vn 0.000000 0.314551 0.949241
vn -0.363259 0.314551 0.876984
vn -0.000000 0.146245 0.989248
vn 0.378569 0.146245 0.913946
vn 0.363259 0.314551 0.876984
vn 0.000000 0.314551 0.949241
vn 0.378569 0.146245 0.913946
vn 0.699504 0.146245 0.699504
vn 0.671214 0.314551 0.671214
vn 0.363259 0.314551 0.876984
vn 0.699504 0.146245 0.699504
vn 0.913946 0.146245 0.378569
vn 0.876984 0.314551 0.363259
vn 0.671214 0.314551 0.671214
vn 0.913946 0.146245 0.378569
vn 0.989248 0.146245 0.000000
vn 0.949241 0.314551 0.000000
vn 0.876984 0.314551 0.363259
vn 0.989248 0.146245 0.000000
vn 0.913946 0.146245 -0.378569
vn 0.876984 0.314551 -0.363259
vn 0.949241 0.314551 0.000000
vn 0.913946 0.146245 -0.378569
vn 0.699504 0.146245 -0.699504
vn 0.671214 0.314551 -0.671214
vn 0.876984 0.314551 -0.363259
vn 0.699504 0.146245 -0.699504
vn 0.378569 0.146245 -0.913946
vn 0.363259 0.314551 -0.876984
vn 0.671214 0.314551 -0.671214
vn 0.378569 0.146245 -0.913946
vn 0.000000 0.146245 -0.989248
vn 0.000000 0.314551 -0.949241
vn 0.363259 0.314551 -0.876984
vn 0.000000 0.146245 -0.989248
vn -0.378569 0.146245 -0.913946
vn -0.363259 0.314551 -0.876984
vn 0.000000 0.314551 -0.949241
vn -0.378569 0.146245 -0.913946
vn -0.699504 0.146245 -0.699504
vn -0.671214 0.314551 -0.671214
vn -0.363259 0.314551 -0.876984
vn -0.699504 0.146245 -0.699504
vn -0.913946 0.146245 -0.378569
vn -0.876984 0.314551 -0.363259
vn -0.671214 0.314551 -0.671214
vn -0.913946 0.146245 -0.378569
vn -0.989248 0.146245 -0.000000
vn -0.949241 0.314551 -0.000000
vn -0.876984 0.314551 -0.363259
vn -0.949241 0.314551 -0.000000
vn -0.876984 0.314551 0.363259
vn -0.876469 0.316228 0.363045
vn -0.948683 0.316228 -0.000000
vn -0.876984 0.314551 0.363259
vn -0.671214 0.314551 0.671214
vn -0.670820 0.316228 0.670820
vn -0.876469 0.316228 0.363045
vn -0.671214 0.314551 0.671214
vn -0.363259 0.314551 0.876984
vn -0.363045 0.316228 0.876469
vn -0.670820 0.316228 0.670820
vn -0.363259 0.314551 0.876984
vn 0.000000 0.314551 0.949241
vn 0.000000 0.316228 0.948683
vn -0.363045 0.316228 0.876469
vn 0.000000 0.314551 0.949241
vn 0.363259 0.314551 0.876984
vn 0.363045 0.316228 0.876469
vn 0.000000 0.316228 0.948683
vn 0.363259 0.314551 0.876984
vn 0.671214 0.314551 0.671214
vn 0.670820 0.316228 0.670820
vn 0.363045 0.316228 0.876469
vn 0.671214 0.314551 0.671214
vn 0.876984 0.314551 0.363259
vn 0.876469 0.316228 0.363045
vn 0.670820 0.316228 0.670820
vn 0.876984 0.314551 0.363259
vn 0.949241 0.314551 0.000000
vn 0.948683 0.316228 0.000000
vn 0.876469 0.316228 0.363045
vn 0.949241 0.314551 0.000000
vn 0.876984 0.314551 -0.363259
vn 0.876469 0.316228 -0.363045
vn 0.948683 0.316228 0.000000
vn 0.876984 0.314551 -0.363259
vn 0.671214 0.314551 -0.671214
vn 0.670820 0.316228 -0.670820
vn 0.876469 0.316228 -0.363045
vn 0.671214 0.314551 -0.671214
vn 0.363259 0.314551 -0.876984
vn 0.363045 0.316228 -0.876469
vn 0.670820 0.316228 -0.670820
vn 0.363259 0.314551 -0.876984
vn 0.000000 0.314551 -0.949241
vn 0.000000 0.316228 -0.948683
vn 0.363045 0.316228 -0.876469
vn 0.000000 0.314551 -0.949241
vn -0.363259 0.314551 -0.876984
vn -0.363045 0.316228 -0.876469
vn 0.000000 0.316228 -0.948683
vn -0.363259 0.314551 -0.876984
vn -0.671214 0.314551 -0.671214
vn -0.670820 0.316228 -0.670820
vn -0.363045 0.316228 -0.876469
vn -0.671214 0.314551 -0.671214
vn -0.876984 0.314551 -0.363259
vn -0.876469 0.316228 -0.363045
vn -0.670820 0.316228 -0.670820
vn -0.876984 0.314551 -0.363259
vn -0.949241 0.314551 -0.000000
vn -0.948683 0.316228 -0.000000
vn -0.876469 0.316228 -0.363045
vn -0.000000 1.000000 0.000000
vn -0.000000 1.000000 0.000000
vn -0.000000 1.000000 0.000000
vn -0.000000 1.000000 0.000000
vn -0.000000 1.000000 0.000000
vn -0.000000 1.000000 0.000000
vn -0.000000 1.000000 0.000000
vn -0.000000 1.000000 0.000000
vn -0.000000 1.000000 0.000000
vn -0.000000 1.000000 0.000000
vn -0.000000 1.000000 0.000000
vn -0.000000 1.000000 0.000000
vn -0.000000 1.000000 0.000000
vn -0.000000 1.000000 0.000000
vn -0.000000 1.000000 0.000000
vn -0.000000 1.000000 0.000000
vn -0.000000 1.000000 0.000000
vn -0.000000 1.000000 0.000000
vn -0.000000 1.000000 0.000000
vn -0.000000 1.000000 0.000000
vn -0.000000 1.000000 0.000000
vn -0.000000 1.000000 0.000000
vn -0.000000 1.000000 0.000000
vn -0.000000 1.000000 0.000000
vn -0.000000 1.000000 0.000000
vn -0.000000 1.000000 0.000000
vn -0.000000 1.000000 0.000000
vn -0.000000 1.000000 0.000000
vn -0.000000 1.000000 0.000000
vn -0.000000 1.000000 0.000000
vn -0.000000 1.000000 0.000000
vn -0.000000 1.000000 0.000000
vn -0.000000 1.000000 0.000000
vn -0.000000 1.000000 0.000000
vn -0.000000 1.000000 0.000000
vn -0.000000 1.000000 0.000000
vn -0.000000 1.000000 0.000000
vn -0.000000 1.000000 0.000000
vn -0.000000 1.000000 0.000000
vn -0.000000 1.000000 0.000000
vn -0.000000 1.000000 0.000000
vn -0.000000 1.000000 0.000000
vn -0.000000 1.000000 0.000000
vn -0.000000 1.000000 0.000000
vn -0.000000 1.000000 0.000000
vn -0.000000 1.000000 0.000000
vn -0.000000 1.000000 0.000000
vn -0.000000 1.000000 0.000000
vn -0.467007 -0.074357 0.881122
vn -0.467007 -0.074357 0.881122
vn -0.412153 -0.058945 0.909206
vn -0.412153 -0.058945 0.909206
vn 0.467007 -0.074357 0.881122
vn 0.467007 -0.074357 0.881122
vn 0.412153 -0.058945 0.909206
vn 0.412153 -0.058945 0.909206
vn 0.467007 -0.074357 -0.881122
vn 0.467007 -0.074357 -0.881122
vn 0.412153 -0.058945 -0.909206
vn 0.412153 -0.058945 -0.909206
vn -0.467007 -0.074357 -0.881122
vn -0.467007 -0.074357 -0.881122
vn -0.412153 -0.058945 -0.909206
vn -0.412153 -0.058945 -0.909206
vn -0.412153 -0.058945 0.909206
vn -0.412153 -0.058945 0.909206
vn -0.326862 -0.030464 0.944581
vn -0.326862 -0.030464 0.944581
vn 0.412153 -0.058945 0.909206
vn 0.412153 -0.058945 0.909206
vn 0.326862 -0.030464 0.944581
vn 0.326862 -0.030464 0.944581
vn 0.412153 -0.058945 -0.909206
vn 0.412153 -0.058945 -0.909206
vn 0.326862 -0.030464 -0.944581
vn 0.326862 -0.030464 -0.944581
vn -0.412153 -0.058945 -0.909206
vn -0.412153 -0.058945 -0.909206
vn -0.326862 -0.030464 -0.944581
vn -0.326862 -0.030464 -0.944581
vn -0.326862 -0.030464 0.944581
vn -0.326862 -0.030464 0.944581
vn -0.286134 -0.005686 0.958173
vn -0.286134 -0.005686 0.958173
vn 0.326862 -0.030464 0.944581
vn 0.326862 -0.030464 0.944581
vn 0.286134 -0.005686 0.958173
vn 0.286134 -0.005686 0.958173
vn 0.326862 -0.030464 -0.944581
vn 0.326862 -0.030464 -0.944581
vn 0.286134 -0.005686 -0.958173
vn 0.286134 -0.005686 -0.958173
vn -0.326862 -0.030464 -0.944581
vn -0.326862 -0.030464 -0.944581
vn -0.286134 -0.005686 -0.958173
vn -0.286134 -0.005686 -0.958173
vn -0.286134 -0.005686 0.958173
vn -0.286134 -0.005686 0.958173
vn -0.272692 0.010600 0.962043
vn -0.272692 0.010600 0.962043
vn 0.286134 -0.005686 0.958173
vn 0.286134 -0.005686 0.958173
vn 0.272692 0.010600 0.962043
vn 0.272692 0.010600 0.962043
vn 0.286134 -0.005686 -0.958173
vn 0.286134 -0.005686 -0.958173
vn 0.272692 0.010600 -0.962043
vn 0.272692 0.010600 -0.962043
vn -0.286134 -0.005686 -0.958173
vn -0.286134 -0.005686 -0.958173
vn -0.272692 0.010600 -0.962043
vn -0.272692 0.010600 -0.962043
vn -0.272692 0.010600 0.962043
vn -0.272692 0.010600 0.962043
vn -0.271922 0.015043 0.962202
vn -0.271922 0.015043 0.962202
vn 0.272692 0.010600 0.962043
vn 0.272692 0.010600 0.962043
vn 0.271922 0.015043 0.962202
vn 0.271922 0.015043 0.962202
vn 0.272692 0.010600 -0.962043
vn 0.272692 0.010600 -0.962043
vn 0.271922 0.015043 -0.962202
vn 0.271922 0.015043 -0.962202
vn -0.272692 0.010600 -0.962043
vn -0.272692 0.010600 -0.962043
vn -0.271922 0.015043 -0.962202
vn -0.271922 0.015043 -0.962202
vn -0.271922 0.015043 0.962202
vn -0.271922 0.015043 0.962202
vn -0.274079 0.015196 0.961587
vn -0.274079 0.015196 0.961587
vn 0.271922 0.015043 0.962202
vn 0.271922 0.015043 0.962202
vn 0.274079 0.015196 0.961587
vn 0.274079 0.015196 0.961587
vn 0.271922 0.015043 -0.962202
vn 0.271922 0.015043 -0.962202
vn 0.274079 0.015196 -0.961587
vn 0.274079 0.015196 -0.961587
vn -0.271922 0.015043 -0.962202
vn -0.271922 0.015043 -0.962202
vn -0.274079 0.015196 -0.961587
vn -0.274079 0.015196 -0.961587
vn -0.274079 0.015196 0.961587
vn -0.274079 0.015196 0.961587
vn -0.276564 0.015366 0.960873
vn -0.276564 0.015366 0.960873
vn 0.274079 0.015196 0.961587
vn 0.274079 0.015196 0.961587
vn 0.276564 0.015366 0.960873
vn 0.276564 0.015366 0.960873
vn 0.274079 0.015196 -0.961587
vn 0.274079 0.015196 -0.961587
vn 0.276564 0.015366 -0.960873
vn 0.276564 0.015366 -0.960873
vn -0.274079 0.015196 -0.961587
vn -0.274079 0.015196 -0.961587
vn -0.276564 0.015366 -0.960873
vn -0.276564 0.015366 -0.960873
vn -0.276564 0.015366 0.960873
vn -0.276564 0.015366 0.960873
vn -0.279438 0.015557 0.960038
vn -0.279438 0.015557 0.960038
vn 0.276564 0.015366 0.960873
vn 0.276564 0.015366 0.960873
vn 0.279438 0.015557 0.960038
vn 0.279438 0.015557 0.960038
vn 0.276564 0.015366 -0.960873
vn 0.276564 0.015366 -0.960873
vn 0.279438 0.015557 -0.960038
vn 0.279438 0.015557 -0.960038
vn -0.276564 0.015366 -0.960873
vn -0.276564 0.015366 -0.960873
vn -0.279438 0.015557 -0.960038
vn -0.279438 0.015557 -0.960038
vn -0.279438 0.015557 0.960038
vn -0.279438 0.015557 0.960038
vn -0.282776 0.015772 0.959056
vn -0.282776 0.015772 0.959056
vn 0.279438 0.015557 0.960038
vn 0.279438 0.015557 0.960038
vn 0.282776 0.015772 0.959056
vn 0.282776 0.015772 0.959056
vn 0.279438 0.015557 -0.960038
vn 0.279438 0.015557 -0.960038
vn 0.282776 0.015772 -0.959056
vn 0.282776 0.015772 -0.959056
vn -0.279438 0.015557 -0.960038
vn -0.279438 0.015557 -0.960038
vn -0.282776 0.015772 -0.959056
vn -0.282776 0.015772 -0.959056
vn -0.282776 0.015772 0.959056
vn -0.282776 0.015772 0.959056
vn -0.286677 0.016017 0.957893
vn -0.286677 0.016017 0.957893
vn 0.282776 0.015772 0.959056
vn 0.282776 0.015772 0.959056
vn 0.286677 0.016017 0.957893
vn 0.286677 0.016017 0.957893
vn 0.282776 0.015772 -0.959056
vn 0.282776 0.015772 -0.959056
vn 0.286677 0.016017 -0.957893
vn 0.286677 0.016017 -0.957893
vn -0.282776 0.015772 -0.959056
vn -0.282776 0.015772 -0.959056
vn -0.286677 0.016017 -0.957893
vn -0.286677 0.016017 -0.957893
vn -0.286677 0.016017 0.957893
vn -0.286677 0.016017 0.957893
vn -0.291264 0.016298 0.956504
vn -0.291264 0.016298 0.956504
vn 0.286677 0.016017 0.957893
vn 0.286677 0.016017 0.957893
vn 0.291264 0.016298 0.956504
vn 0.291264 0.016298 0.956504
vn 0.286677 0.016017 -0.957893
vn 0.286677 0.016017 -0.957893
vn 0.291264 0.016298 -0.956504
vn 0.291264 0.016298 -0.956504
vn -0.286677 0.016017 -0.957893
vn -0.286677 0.016017 -0.957893
vn -0.291264 0.016298 -0.956504
vn -0.291264 0.016298 -0.956504
vn -0.291264 0.016298 0.956504
vn -0.291264 0.016298 0.956504
vn -0.296702 0.016624 0.954825
vn -0.296702 0.016624 0.954825
vn 0.291264 0.016298 0.956504
vn 0.291264 0.016298 0.956504
vn 0.296702 0.016624 0.954825
vn 0.296702 0.016624 0.954825
vn 0.291264 0.016298 -0.956504
vn 0.291264 0.016298 -0.956504
vn 0.296702 0.016624 -0.954825
vn 0.296702 0.016624 -0.954825
vn -0.291264 0.016298 -0.956504
vn -0.291264 0.016298 -0.956504
vn -0.296702 0.016624 -0.954825
vn -0.296702 0.016624 -0.954825
vn -0.296702 0.016624 0.954825
vn -0.296702 0.016624 0.954825
vn -0.303211 0.017007 0.952772
vn -0.303211 0.017007 0.952772
vn 0.296702 0.016624 0.954825
vn 0.296702 0.016624 0.954825
vn 0.303211 0.017007 0.952772
vn 0.303211 0.017007 0.952772
vn 0.296702 0.016624 -0.954825
vn 0.296702 0.016624 -0.954825
vn 0.303211 0.017007 -0.952772
vn 0.303211 0.017007 -0.952772
vn -0.296702 0.016624 -0.954825
vn -0.296702 0.016624 -0.954825
vn -0.303211 0.017007 -0.952772
vn -0.303211 0.017007 -0.952772
vn -0.303211 0.017007 0.952772
vn -0.303211 0.017007 0.952772
vn -0.311091 0.017463 0.950220
vn -0.311091 0.017463 0.950220
vn 0.303211 0.017007 0.952772
vn 0.303211 0.017007 0.952772
vn 0.311091 0.017463 0.950220
vn 0.311091 0.017463 0.950220
vn 0.303211 0.017007 -0.952772
vn 0.303211 0.017007 -0.952772
vn 0.311091 0.017463 -0.950220
vn 0.311091 0.017463 -0.950220
vn -0.303211 0.017007 -0.952772
vn -0.303211 0.017007 -0.952772
vn -0.311091 0.017463 -0.950220
vn -0.311091 0.017463 -0.950220
vn -0.311091 0.017463 0.950220
vn -0.311091 0.017463 0.950220
vn -0.320764 0.018015 0.946988
vn -0.320764 0.018015 0.946988
vn 0.311091 0.017463 0.950220
vn 0.311091 0.017463 0.950220
vn 0.320764 0.018015 0.946988
vn 0.320764 0.018015 0.946988
vn 0.311091 0.017463 -0.950220
vn 0.311091 0.017463 -0.950220
vn 0.320764 0.018015 -0.946988
vn 0.320764 0.018015 -0.946988
vn -0.311091 0.017463 -0.950220
vn -0.311091 0.017463 -0.950220
vn -0.320764 0.018015 -0.946988
vn -0.320764 0.018015 -0.946988
vn -0.320764 0.018015 0.946988
vn -0.320764 0.018015 0.946988
vn -0.332844 0.018699 0.942796
vn -0.332844 0.018699 0.942796
vn 0.320764 0.018015 0.946988
vn 0.320764 0.018015 0.946988
vn 0.332844 0.018699 0.942796
vn 0.332844 0.018699 0.942796
vn 0.320764 0.018015 -0.946988
vn 0.320764 0.018015 -0.946988
vn 0.332844 0.018699 -0.942796
vn 0.332844 0.018699 -0.942796
vn -0.320764 0.018015 -0.946988
vn -0.320764 0.018015 -0.946988
vn -0.332844 0.018699 -0.942796
vn -0.332844 0.018699 -0.942796
vn -0.332844 0.018699 0.942796
vn -0.332844 0.018699 0.942796
vn -0.348256 0.019566 0.937195
vn -0.348256 0.019566 0.937195
vn 0.332844 0.018699 0.942796
vn 0.332844 0.018699 0.942796
vn 0.348256 0.019566 0.937195
vn 0.348256 0.019566 0.937195
vn 0.332844 0.018699 -0.942796
vn 0.332844 0.018699 -0.942796
vn 0.348256 0.019566 -0.937195
vn 0.348256 0.019566 -0.937195
vn -0.332844 0.018699 -0.942796
vn -0.332844 0.018699 -0.942796
vn -0.348256 0.019566 -0.937195
vn -0.348256 0.019566 -0.937195
vn -0.348256 0.019566 0.937195
vn -0.348256 0.019566 0.937195
vn -0.368464 0.020704 0.929412
vn -0.368464 0.020704 0.929412
vn 0.348256 0.019566 0.937195
vn 0.348256 0.019566 0.937195
vn 0.368464 0.020704 0.929412
vn 0.368464 0.020704 0.929412
vn 0.348256 0.019566 -0.937195
vn 0.348256 0.019566 -0.937195
vn 0.368464 0.020704 -0.929412
vn 0.368464 0.020704 -0.929412
vn -0.348256 0.019566 -0.937195
vn -0.348256 0.019566 -0.937195
vn -0.368464 0.020704 -0.929412
vn -0.368464 0.020704 -0.929412
vn -0.368464 0.020704 0.929412
vn -0.368464 0.020704 0.929412
vn -0.395923 0.022261 0.918014
vn -0.395923 0.022261 0.918014
vn 0.368464 0.020704 0.929412
vn 0.368464 0.020704 0.929412
vn 0.395923 0.022261 0.918014
vn 0.395923 0.022261 0.918014
vn 0.368464 0.020704 -0.929412
vn 0.368464 0.020704 -0.929412
vn 0.395923 0.022261 -0.918014
vn 0.395923 0.022261 -0.918014
vn -0.368464 0.020704 -0.929412
vn -0.368464 0.020704 -0.929412
vn -0.395923 0.022261 -0.918014
vn -0.395923 0.022261 -0.918014
vn -0.395923 0.022261 0.918014
vn -0.395923 0.022261 0.918014
vn -0.435097 0.024523 0.900050
vn -0.435097 0.024523 0.900050
vn 0.395923 0.022261 0.918014
vn 0.395923 0.022261 0.918014
vn 0.435097 0.024523 0.900050
vn 0.435097 0.024523 0.900050
vn 0.395923 0.022261 -0.918014
vn 0.395923 0.022261 -0.918014
vn 0.435097 0.024523 -0.900050
vn 0.435097 0.024523 -0.900050
vn -0.395923 0.022261 -0.918014
vn -0.395923 0.022261 -0.918014
vn -0.435097 0.024523 -0.900050
vn -0.435097 0.024523 -0.900050
vn -0.435097 0.024523 0.900050
vn -0.435097 0.024523 0.900050
vn -0.494967 0.028108 0.868457
vn -0.494967 0.028108 0.868457
vn 0.435097 0.024523 0.900050
vn 0.435097 0.024523 0.900050
vn 0.494967 0.028108 0.868457
vn 0.494967 0.028108 0.868457
vn 0.435097 0.024523 -0.900050
vn 0.435097 0.024523 -0.900050
vn 0.494967 0.028108 -0.868457
vn 0.494967 0.028108 -0.868457
vn -0.435097 0.024523 -0.900050
vn -0.435097 0.024523 -0.900050
vn -0.494967 0.028108 -0.868457
vn -0.494967 0.028108 -0.868457
vn -0.494967 0.028108 0.868457
vn -0.494967 0.028108 0.868457
vn -0.596304 0.034667 0.802010
vn -0.596304 0.034667 0.802010
vn 0.494967 0.028108 0.868457
vn 0.494967 0.028108 0.868457
vn 0.596304 0.034667 0.802010
vn 0.596304 0.034667 0.802010
vn 0.494967 0.028108 -0.868457
vn 0.494967 0.028108 -0.868457
vn 0.596304 0.034667 -0.802010
vn 0.596304 0.034667 -0.802010
vn -0.494967 0.028108 -0.868457
vn -0.494967 0.028108 -0.868457
vn -0.596304 0.034667 -0.802010
vn -0.596304 0.034667 -0.802010
vn -0.596304 0.034667 0.802010
vn -0.596304 0.034667 0.802010
vn -0.657917 0.038816 0.752089
vn -0.657917 0.038816 0.752089
vn 0.596304 0.034667 0.802010
vn 0.596304 0.034667 0.802010
vn 0.657917 0.038816 0.752089
vn 0.657917 0.038816 0.752089
vn 0.596304 0.034667 -0.802010
vn 0.596304 0.034667 -0.802010
vn 0.657917 0.038816 -0.752089
vn 0.657917 0.038816 -0.752089
vn -0.596304 0.034667 -0.802010
vn -0.596304 0.034667 -0.802010
vn -0.657917 0.038816 -0.752089
vn -0.657917 0.038816 -0.752089
vn -0.000000 1.000000 0.000000
vn -0.000000 1.000000 0.000000
vn -0.000000 1.000000 0.000000
vn -0.000000 1.000000 0.000000
vn -0.000000 1.000000 0.000000
vn -0.000000 1.000000 0.000000
vn -0.000000 1.000000 0.000000
vn -0.000000 1.000000 0.000000
vn -0.000000 1.000000 0.000000
vn -0.000000 1.000000 0.000000
vn -0.000000 1.000000 0.000000
vn -0.000000 1.000000 0.000000
usemtl jp_lacquer__jp_lacquer_co
f 1/1/1 2/2/2 18/3/3 17/4/4
f 2/5/5 3/6/6 19/7/7 18/8/8
f 3/9/9 4/10/10 20/11/11 19/12/12
f 4/13/13 5/14/14 21/15/15 20/16/16
f 5/17/17 6/18/18 22/19/19 21/20/20
f 6/21/21 7/22/22 23/23/23 22/24/24
f 7/25/25 8/26/26 24/27/27 23/28/28
f 8/29/29 9/30/30 25/31/31 24/32/32
f 9/33/33 10/34/34 26/35/35 25/36/36
f 10/37/37 11/38/38 27/39/39 26/40/40
f 11/41/41 12/42/42 28/43/43 27/44/44
f 12/45/45 13/46/46 29/47/47 28/48/48
f 13/49/49 14/50/50 30/51/51 29/52/52
f 14/53/53 15/54/54 31/55/55 30/56/56
f 15/57/57 16/58/58 32/59/59 31/60/60
f 16/61/61 1/62/62 17/63/63 32/64/64
f 17/65/65 18/66/66 34/67/67 33/68/68
f 18/69/69 19/70/70 35/71/71 34/72/72
f 19/73/73 20/74/74 36/75/75 35/76/76
f 20/77/77 21/78/78 37/79/79 36/80/80
f 21/81/81 22/82/82 38/83/83 37/84/84
f 22/85/85 23/86/86 39/87/87 38/88/88
f 23/89/89 24/90/90 40/91/91 39/92/92
f 24/93/93 25/94/94 41/95/95 40/96/96
f 25/97/97 26/98/98 42/99/99 41/100/100
f 26/101/101 27/102/102 43/103/103 42/104/104
f 27/105/105 28/106/106 44/107/107 43/108/108
f 28/109/109 29/110/110 45/111/111 44/112/112
f 29/113/113 30/114/114 46/115/115 45/116/116
f 30/117/117 31/118/118 47/119/119 46/120/120
f 31/121/121 32/122/122 48/123/123 47/124/124
f 32/125/125 17/126/126 33/127/127 48/128/128
f 33/129/129 34/130/130 50/131/131 49/132/132
f 34/133/133 35/134/134 51/135/135 50/136/136
f 35/137/137 36/138/138 52/139/139 51/140/140
f 36/141/141 37/142/142 53/143/143 52/144/144
f 37/145/145 38/146/146 54/147/147 53/148/148
f 38/149/149 39/150/150 55/151/151 54/152/152
f 39/153/153 40/154/154 56/155/155 55/156/156
f 40/157/157 41/158/158 57/159/159 56/160/160
f 41/161/161 42/162/162 58/163/163 57/164/164
f 42/165/165 43/166/166 59/167/167 58/168/168
f 43/169/169 44/170/170 60/171/171 59/172/172
f 44/173/173 45/174/174 61/175/175 60/176/176
f 45/177/177 46/178/178 62/179/179 61/180/180
f 46/181/181 47/182/182 63/183/183 62/184/184
f 47/185/185 48/186/186 64/187/187 63/188/188
f 48/189/189 33/190/190 49/191/191 64/192/192
f 49/193/193 50/194/194 66/195/195 65/196/196
f 50/197/197 51/198/198 67/199/199 66/200/200
f 51/201/201 52/202/202 68/203/203 67/204/204
f 52/205/205 53/206/206 69/207/207 68/208/208
f 53/209/209 54/210/210 70/211/211 69/212/212
f 54/213/213 55/214/214 71/215/215 70/216/216
f 55/217/217 56/218/218 72/219/219 71/220/220
f 56/221/221 57/222/222 73/223/223 72/224/224
f 57/225/225 58/226/226 74/227/227 73/228/228
f 58/229/229 59/230/230 75/231/231 74/232/232
f 59/233/233 60/234/234 76/235/235 75/236/236
f 60/237/237 61/238/238 77/239/239 76/240/240
f 61/241/241 62/242/242 78/243/243 77/244/244
f 62/245/245 63/246/246 79/247/247 78/248/248
f 63/249/249 64/250/250 80/251/251 79/252/252
f 64/253/253 49/254/254 65/255/255 80/256/256
f 65/257/257 66/258/258 82/259/259 81/260/260
f 66/261/261 67/262/262 83/263/263 82/264/264
f 67/265/265 68/266/266 84/267/267 83/268/268
f 68/269/269 69/270/270 85/271/271 84/272/272
f 69/273/273 70/274/274 86/275/275 85/276/276
f 70/277/277 71/278/278 87/279/279 86/280/280
f 71/281/281 72/282/282 88/283/283 87/284/284
f 72/285/285 73/286/286 89/287/287 88/288/288
f 73/289/289 74/290/290 90/291/291 89/292/292
f 74/293/293 75/294/294 91/295/295 90/296/296
f 75/297/297 76/298/298 92/299/299 91/300/300
f 76/301/301 77/302/302 93/303/303 92/304/304
f 77/305/305 78/306/306 94/307/307 93/308/308
f 78/309/309 79/310/310 95/311/311 94/312/312
f 79/313/313 80/314/314 96/315/315 95/316/316
f 80/317/317 65/318/318 81/319/319 96/320/320
f 81/321/321 82/322/322 98/323/323 97/324/324
f 82/325/325 83/326/326 99/327/327 98/328/328
f 83/329/329 84/330/330 100/331/331 99/332/332
f 84/333/333 85/334/334 101/335/335 100/336/336
f 85/337/337 86/338/338 102/339/339 101/340/340
f 86/341/341 87/342/342 103/343/343 102/344/344
f 87/345/345 88/346/346 104/347/347 103/348/348
f 88/349/349 89/350/350 105/351/351 104/352/352
f 89/353/353 90/354/354 106/355/355 105/356/356
f 90/357/357 91/358/358 107/359/359 106/360/360
f 91/361/361 92/362/362 108/363/363 107/364/364
f 92/365/365 93/366/366 109/367/367 108/368/368
f 93/369/369 94/370/370 110/371/371 109/372/372
f 94/373/373 95/374/374 111/375/375 110/376/376
f 95/377/377 96/378/378 112/379/379 111/380/380
f 96/381/381 81/382/382 97/383/383 112/384/384
f 97/385/385 98/386/386 114/387/387 113/388/388
f 98/389/389 99/390/390 115/391/391 114/392/392
f 99/393/393 100/394/394 116/395/395 115/396/396
f 100/397/397 101/398/398 117/399/399 116/400/400
f 101/401/401 102/402/402 118/403/403 117/404/404
f 102/405/405 103/406/406 119/407/407 118/408/408
f 103/409/409 104/410/410 120/411/411 119/412/412
f 104/413/413 105/414/414 121/415/415 120/416/416
f 105/417/417 106/418/418 122/419/419 121/420/420
f 106/421/421 107/422/422 123/423/423 122/424/424
f 107/425/425 108/426/426 124/427/427 123/428/428
f 108/429/429 109/430/430 125/431/431 124/432/432
f 109/433/433 110/434/434 126/435/435 125/436/436
f 110/437/437 111/438/438 127/439/439 126/440/440
f 111/441/441 112/442/442 128/443/443 127/444/444
f 112/445/445 97/446/446 113/447/447 128/448/448
f 113/449/449 114/450/450 130/451/451 129/452/452
f 114/453/453 115/454/454 131/455/455 130/456/456
f 115/457/457 116/458/458 132/459/459 131/460/460
f 116/461/461 117/462/462 133/463/463 132/464/464
f 117/465/465 118/466/466 134/467/467 133/468/468
f 118/469/469 119/470/470 135/471/471 134/472/472
f 119/473/473 120/474/474 136/475/475 135/476/476
f 120/477/477 121/478/478 137/479/479 136/480/480
f 121/481/481 122/482/482 138/483/483 137/484/484
f 122/485/485 123/486/486 139/487/487 138/488/488
f 123/489/489 124/490/490 140/491/491 139/492/492
f 124/493/493 125/494/494 141/495/495 140/496/496
f 125/497/497 126/498/498 142/499/499 141/500/500
f 126/501/501 127/502/502 143/503/503 142/504/504
f 127/505/505 128/506/506 144/507/507 143/508/508
f 128/509/509 113/510/510 129/511/511 144/512/512
f 129/513/513 130/514/514 146/515/515 145/516/516
f 130/517/517 131/518/518 147/519/519 146/520/520
f 131/521/521 132/522/522 148/523/523 147/524/524
f 132/525/525 133/526/526 149/527/527 148/528/528
f 133/529/529 134/530/530 150/531/531 149/532/532
f 134/533/533 135/534/534 151/535/535 150/536/536
f 135/537/537 136/538/538 152/539/539 151/540/540
f 136/541/541 137/542/542 153/543/543 152/544/544
f 137/545/545 138/546/546 154/547/547 153/548/548
f 138/549/549 139/550/550 155/551/551 154/552/552
f 139/553/553 140/554/554 156/555/555 155/556/556
f 140/557/557 141/558/558 157/559/559 156/560/560
f 141/561/561 142/562/562 158/563/563 157/564/564
f 142/565/565 143/566/566 159/567/567 158/568/568
f 143/569/569 144/570/570 160/571/571 159/572/572
f 144/573/573 129/574/574 145/575/575 160/576/576
f 145/577/577 146/578/578 162/579/579 161/580/580
f 146/581/581 147/582/582 163/583/583 162/584/584
f 147/585/585 148/586/586 164/587/587 163/588/588
f 148/589/589 149/590/590 165/591/591 164/592/592
f 149/593/593 150/594/594 166/595/595 165/596/596
f 150/597/597 151/598/598 167/599/599 166/600/600
f 151/601/601 152/602/602 168/603/603 167/604/604
f 152/605/605 153/606/606 169/607/607 168/608/608
f 153/609/609 154/610/610 170/611/611 169/612/612
f 154/613/613 155/614/614 171/615/615 170/616/616
f 155/617/617 156/618/618 172/619/619 171/620/620
f 156/621/621 157/622/622 173/623/623 172/624/624
f 157/625/625 158/626/626 174/627/627 173/628/628
f 158/629/629 159/630/630 175/631/631 174/632/632
f 159/633/633 160/634/634 176/635/635 175/636/636
f 160/637/637 145/638/638 161/639/639 176/640/640
f 161/641/641 162/642/642 178/643/643 177/644/644
f 162/645/645 163/646/646 179/647/647 178/648/648
f 163/649/649 164/650/650 180/651/651 179/652/652
f 164/653/653 165/654/654 181/655/655 180/656/656
f 165/657/657 166/658/658 182/659/659 181/660/660
f 166/661/661 167/662/662 183/663/663 182/664/664
f 167/665/665 168/666/666 184/667/667 183/668/668
f 168/669/669 169/670/670 185/671/671 184/672/672
f 169/673/673 170/674/674 186/675/675 185/676/676
f 170/677/677 171/678/678 187/679/679 186/680/680
f 171/681/681 172/682/682 188/683/683 187/684/684
f 172/685/685 173/686/686 189/687/687 188/688/688
f 173/689/689 174/690/690 190/691/691 189/692/692
f 174/693/693 175/694/694 191/695/695 190/696/696
f 175/697/697 176/698/698 192/699/699 191/700/700
f 176/701/701 161/702/702 177/703/703 192/704/704
usemtl jp_iron__jp_fittings_co
f 193/705/705 194/706/706 210/707/707 209/708/708
f 194/709/709 195/710/710 211/711/711 210/712/712
f 195/713/713 196/714/714 212/715/715 211/716/716
f 196/717/717 197/718/718 213/719/719 212/720/720
f 197/721/721 198/722/722 214/723/723 213/724/724
f 198/725/725 199/726/726 215/727/727 214/728/728
f 199/729/729 200/730/730 216/731/731 215/732/732
f 200/733/733 201/734/734 217/735/735 216/736/736
f 201/737/737 202/738/738 218/739/739 217/740/740
f 202/741/741 203/742/742 219/743/743 218/744/744
f 203/745/745 204/746/746 220/747/747 219/748/748
f 204/749/749 205/750/750 221/751/751 220/752/752
f 205/753/753 206/754/754 222/755/755 221/756/756
f 206/757/757 207/758/758 223/759/759 222/760/760
f 207/761/761 208/762/762 224/763/763 223/764/764
f 208/765/765 193/766/766 209/767/767 224/768/768
f 209/769/769 210/770/770 226/771/771 225/772/772
f 210/773/773 211/774/774 227/775/775 226/776/776
f 211/777/777 212/778/778 228/779/779 227/780/780
f 212/781/781 213/782/782 229/783/783 228/784/784
f 213/785/785 214/786/786 230/787/787 229/788/788
f 214/789/789 215/790/790 231/791/791 230/792/792
f 215/793/793 216/794/794 232/795/795 231/796/796
f 216/797/797 217/798/798 233/799/799 232/800/800
f 217/801/801 218/802/802 234/803/803 233/804/804
f 218/805/805 219/806/806 235/807/807 234/808/808
f 219/809/809 220/810/810 236/811/811 235/812/812
f 220/813/813 221/814/814 237/815/815 236/816/816
f 221/817/817 222/818/818 238/819/819 237/820/820
f 222/821/821 223/822/822 239/823/823 238/824/824
f 223/825/825 224/826/826 240/827/827 239/828/828
f 224/829/829 209/830/830 225/831/831 240/832/832
f 243/833/833 242/834/834 241/835/835
f 244/836/836 243/837/837 241/838/838
f 245/839/839 244/840/840 241/841/841
f 246/842/842 245/843/843 241/844/844
f 247/845/845 246/846/846 241/847/847
f 248/848/848 247/849/849 241/850/850
f 249/851/851 248/852/852 241/853/853
f 250/854/854 249/855/855 241/856/856
f 251/857/857 250/858/858 241/859/859
f 252/860/860 251/861/861 241/862/862
f 253/863/863 252/864/864 241/865/865
f 254/866/866 253/867/867 241/868/868
f 255/869/869 254/870/870 241/871/871
f 256/872/872 255/873/873 241/874/874
f 257/875/875 256/876/876 241/877/877
f 242/878/878 257/879/879 241/880/880
usemtl jp_brass__jp_fittings_co
f 258/881/881 259/882/882 275/883/883 274/884/884
f 259/885/885 260/886/886 276/887/887 275/888/888
f 260/889/889 261/890/890 277/891/891 276/892/892
f 261/893/893 262/894/894 278/895/895 277/896/896
f 262/897/897 263/898/898 279/899/899 278/900/900
f 263/901/901 264/902/902 280/903/903 279/904/904
f 264/905/905 265/906/906 281/907/907 280/908/908
f 265/909/909 266/910/910 282/911/911 281/912/912
f 266/913/913 267/914/914 283/915/915 282/916/916
f 267/917/917 268/918/918 284/919/919 283/920/920
f 268/921/921 269/922/922 285/923/923 284/924/924
f 269/925/925 270/926/926 286/927/927 285/928/928
f 270/929/929 271/930/930 287/931/931 286/932/932
f 271/933/933 272/934/934 288/935/935 287/936/936
f 272/937/937 273/938/938 289/939/939 288/940/940
f 273/941/941 258/942/942 274/943/943 289/944/944
f 274/945/945 275/946/946 291/947/947 290/948/948
f 275/949/949 276/950/950 292/951/951 291/952/952
f 276/953/953 277/954/954 293/955/955 292/956/956
f 277/957/957 278/958/958 294/959/959 293/960/960
f 278/961/961 279/962/962 295/963/963 294/964/964
f 279/965/965 280/966/966 296/967/967 295/968/968
f 280/969/969 281/970/970 297/971/971 296/972/972
f 281/973/973 282/974/974 298/975/975 297/976/976
f 282/977/977 283/978/978 299/979/979 298/980/980
f 283/981/981 284/982/982 300/983/983 299/984/984
f 284/985/985 285/986/986 301/987/987 300/988/988
f 285/989/989 286/990/990 302/991/991 301/992/992
f 286/993/993 287/994/994 303/995/995 302/996/996
f 287/997/997 288/998/998 304/999/999 303/1000/1000
f 288/1001/1001 289/1002/1002 305/1003/1003 304/1004/1004
f 289/1005/1005 274/1006/1006 290/1007/1007 305/1008/1008
f 290/1009/1009 291/1010/1010 307/1011/1011 306/1012/1012
f 291/1013/1013 292/1014/1014 308/1015/1015 307/1016/1016
f 292/1017/1017 293/1018/1018 309/1019/1019 308/1020/1020
f 293/1021/1021 294/1022/1022 310/1023/1023 309/1024/1024
f 294/1025/1025 295/1026/1026 311/1027/1027 310/1028/1028
f 295/1029/1029 296/1030/1030 312/1031/1031 311/1032/1032
f 296/1033/1033 297/1034/1034 313/1035/1035 312/1036/1036
f 297/1037/1037 298/1038/1038 314/1039/1039 313/1040/1040
f 298/1041/1041 299/1042/1042 315/1043/1043 314/1044/1044
f 299/1045/1045 300/1046/1046 316/1047/1047 315/1048/1048
f 300/1049/1049 301/1050/1050 317/1051/1051 316/1052/1052
f 301/1053/1053 302/1054/1054 318/1055/1055 317/1056/1056
f 302/1057/1057 303/1058/1058 319/1059/1059 318/1060/1060
f 303/1061/1061 304/1062/1062 320/1063/1063 319/1064/1064
f 304/1065/1065 305/1066/1066 321/1067/1067 320/1068/1068
f 305/1069/1069 290/1070/1070 306/1071/1071 321/1072/1072
f 322/1073/1073 323/1074/1074 324/1075/1075
f 322/1076/1076 324/1077/1077 325/1078/1078
f 322/1079/1079 325/1080/1080 326/1081/1081
f 322/1082/1082 326/1083/1083 327/1084/1084
f 322/1085/1085 327/1086/1086 328/1087/1087
f 322/1088/1088 328/1089/1089 329/1090/1090
f 322/1091/1091 329/1092/1092 330/1093/1093
f 322/1094/1094 330/1095/1095 331/1096/1096
f 322/1097/1097 331/1098/1098 332/1099/1099
f 322/1100/1100 332/1101/1101 333/1102/1102
f 322/1103/1103 333/1104/1104 334/1105/1105
f 322/1106/1106 334/1107/1107 335/1108/1108
f 322/1109/1109 335/1110/1110 336/1111/1111
f 322/1112/1112 336/1113/1113 337/1114/1114
f 322/1115/1115 337/1116/1116 338/1117/1117
f 322/1118/1118 338/1119/1119 323/1120/1120
usemtl jp_steel__jp_blade_co
f 339/1121/1121 340/1122/1122 344/1123/1123 343/1124/1124
f 340/1125/1125 341/1126/1126 345/1127/1127 344/1128/1128
f 341/1129/1129 342/1130/1130 346/1131/1131 345/1132/1132
f 342/1133/1133 339/1134/1134 343/1135/1135 346/1136/1136
f 343/1137/1137 344/1138/1138 348/1139/1139 347/1140/1140
f 344/1141/1141 345/1142/1142 349/1143/1143 348/1144/1144
f 345/1145/1145 346/1146/1146 350/1147/1147 349/1148/1148
f 346/1149/1149 343/1150/1150 347/1151/1151 350/1152/1152
f 347/1153/1153 348/1154/1154 352/1155/1155 351/1156/1156
f 348/1157/1157 349/1158/1158 353/1159/1159 352/1160/1160
f 349/1161/1161 350/1162/1162 354/1163/1163 353/1164/1164
f 350/1165/1165 347/1166/1166 351/1167/1167 354/1168/1168
f 351/1169/1169 352/1170/1170 356/1171/1171 355/1172/1172
f 352/1173/1173 353/1174/1174 357/1175/1175 356/1176/1176
f 353/1177/1177 354/1178/1178 358/1179/1179 357/1180/1180
f 354/1181/1181 351/1182/1182 355/1183/1183 358/1184/1184
f 355/1185/1185 356/1186/1186 360/1187/1187 359/1188/1188
f 356/1189/1189 357/1190/1190 361/1191/1191 360/1192/1192
f 357/1193/1193 358/1194/1194 362/1195/1195 361/1196/1196
f 358/1197/1197 355/1198/1198 359/1199/1199 362/1200/1200
f 359/1201/1201 360/1202/1202 364/1203/1203 363/1204/1204
f 360/1205/1205 361/1206/1206 365/1207/1207 364/1208/1208
f 361/1209/1209 362/1210/1210 366/1211/1211 365/1212/1212
f 362/1213/1213 359/1214/1214 363/1215/1215 366/1216/1216
f 363/1217/1217 364/1218/1218 368/1219/1219 367/1220/1220
f 364/1221/1221 365/1222/1222 369/1223/1223 368/1224/1224
f 365/1225/1225 366/1226/1226 370/1227/1227 369/1228/1228
f 366/1229/1229 363/1230/1230 367/1231/1231 370/1232/1232
f 367/1233/1233 368/1234/1234 372/1235/1235 371/1236/1236
f 368/1237/1237 369/1238/1238 373/1239/1239 372/1240/1240
f 369/1241/1241 370/1242/1242 374/1243/1243 373/1244/1244
f 370/1245/1245 367/1246/1246 371/1247/1247 374/1248/1248
f 371/1249/1249 372/1250/1250 376/1251/1251 375/1252/1252
f 372/1253/1253 373/1254/1254 377/1255/1255 376/1256/1256
f 373/1257/1257 374/1258/1258 378/1259/1259 377/1260/1260
f 374/1261/1261 371/1262/1262 375/1263/1263 378/1264/1264
f 375/1265/1265 376/1266/1266 380/1267/1267 379/1268/1268
f 376/1269/1269 377/1270/1270 381/1271/1271 380/1272/1272
f 377/1273/1273 378/1274/1274 382/1275/1275 381/1276/1276
f 378/1277/1277 375/1278/1278 379/1279/1279 382/1280/1280
f 379/1281/1281 380/1282/1282 384/1283/1283 383/1284/1284
f 380/1285/1285 381/1286/1286 385/1287/1287 384/1288/1288
f 381/1289/1289 382/1290/1290 386/1291/1291 385/1292/1292
f 382/1293/1293 379/1294/1294 383/1295/1295 386/1296/1296
f 383/1297/1297 384/1298/1298 388/1299/1299 387/1300/1300
f 384/1301/1301 385/1302/1302 389/1303/1303 388/1304/1304
f 385/1305/1305 386/1306/1306 390/1307/1307 389/1308/1308
f 386/1309/1309 383/1310/1310 387/1311/1311 390/1312/1312
f 387/1313/1313 388/1314/1314 392/1315/1315 391/1316/1316
f 388/1317/1317 389/1318/1318 393/1319/1319 392/1320/1320
f 389/1321/1321 390/1322/1322 394/1323/1323 393/1324/1324
f 390/1325/1325 387/1326/1326 391/1327/1327 394/1328/1328
f 391/1329/1329 392/1330/1330 396/1331/1331 395/1332/1332
f 392/1333/1333 393/1334/1334 397/1335/1335 396/1336/1336
f 393/1337/1337 394/1338/1338 398/1339/1339 397/1340/1340
f 394/1341/1341 391/1342/1342 395/1343/1343 398/1344/1344
f 395/1345/1345 396/1346/1346 400/1347/1347 399/1348/1348
f 396/1349/1349 397/1350/1350 401/1351/1351 400/1352/1352
f 397/1353/1353 398/1354/1354 402/1355/1355 401/1356/1356
f 398/1357/1357 395/1358/1358 399/1359/1359 402/1360/1360
f 399/1361/1361 400/1362/1362 404/1363/1363 403/1364/1364
f 400/1365/1365 401/1366/1366 405/1367/1367 404/1368/1368
f 401/1369/1369 402/1370/1370 406/1371/1371 405/1372/1372
f 402/1373/1373 399/1374/1374 403/1375/1375 406/1376/1376
f 403/1377/1377 404/1378/1378 408/1379/1379 407/1380/1380
f 404/1381/1381 405/1382/1382 409/1383/1383 408/1384/1384
f 405/1385/1385 406/1386/1386 410/1387/1387 409/1388/1388
f 406/1389/1389 403/1390/1390 407/1391/1391 410/1392/1392
f 407/1393/1393 408/1394/1394 412/1395/1395 411/1396/1396
f 408/1397/1397 409/1398/1398 413/1399/1399 412/1400/1400
f 409/1401/1401 410/1402/1402 414/1403/1403 413/1404/1404
f 410/1405/1405 407/1406/1406 411/1407/1407 414/1408/1408
f 411/1409/1409 412/1410/1410 416/1411/1411 415/1412/1412
f 412/1413/1413 413/1414/1414 417/1415/1415 416/1416/1416
f 413/1417/1417 414/1418/1418 418/1419/1419 417/1420/1420
f 414/1421/1421 411/1422/1422 415/1423/1423 418/1424/1424
f 415/1425/1425 416/1426/1426 420/1427/1427 419/1428/1428
f 416/1429/1429 417/1430/1430 421/1431/1431 420/1432/1432
f 417/1433/1433 418/1434/1434 422/1435/1435 421/1436/1436
f 418/1437/1437 415/1438/1438 419/1439/1439 422/1440/1440
f 419/1441/1441 420/1442/1442 424/1443/1443 423/1444/1444
f 420/1445/1445 421/1446/1446 425/1447/1447 424/1448/1448
f 421/1449/1449 422/1450/1450 426/1451/1451 425/1452/1452
f 422/1453/1453 419/1454/1454 423/1455/1455 426/1456/1456
f 423/1457/1457 424/1458/1458 428/1459/1459 427/1460/1460
f 424/1461/1461 425/1462/1462 429/1463/1463 428/1464/1464
f 425/1465/1465 426/1466/1466 430/1467/1467 429/1468/1468
f 426/1469/1469 423/1470/1470 427/1471/1471 430/1472/1472
f 427/1473/1473 428/1474/1474 432/1475/1475 431/1476/1476
f 428/1477/1477 429/1478/1478 433/1479/1479 432/1480/1480
f 429/1481/1481 430/1482/1482 434/1483/1483 433/1484/1484
f 430/1485/1485 427/1486/1486 431/1487/1487 434/1488/1488
f 435/1489/1489 436/1490/1490 437/1491/1491
f 435/1492/1492 437/1493/1493 438/1494/1494
f 435/1495/1495 438/1496/1496 439/1497/1497
f 435/1498/1498 439/1499/1499 436/1500/1500
